timestamp,image_capture_time,compressed_image_size_bytes,densecap_request_response_time
2024-01-21 15:50:56,0.177469968796,68139,1.43010497093
2024-01-21 15:50:58,0.119319200516,60171,1.33558917046
2024-01-21 15:50:59,0.161868095398,63006,1.25054907799
2024-01-21 15:51:01,0.14359498024,45537,1.1104528904
2024-01-21 15:51:02,0.122856140137,45411,1.04408693314
2024-01-21 15:51:03,0.122784852982,42867,1.02571487427
2024-01-21 15:51:04,0.17563700676,45009,1.19870781898
2024-01-21 15:51:06,0.12935590744,45804,1.15086603165
2024-01-21 15:51:07,0.12161397934,45894,1.03690910339
2024-01-21 16:04:06,0.168261051178,24444,1.00615096092
2024-01-21 16:04:07,0.130959033966,25833,0.984938144684
2024-01-21 16:04:08,0.141773939133,26925,0.95827794075
2024-01-21 16:04:09,0.143293857574,27552,0.884911060333
2024-01-21 16:04:10,0.153364896774,27768,0.986423969269
2024-01-21 16:04:11,0.160127878189,25782,0.97456908226
2024-01-21 16:04:12,0.157357931137,26427,0.964725017548
2024-01-21 16:04:13,0.133898973465,27204,0.954368829727
2024-01-21 16:04:14,0.121608972549,27264,0.911499023438
2024-01-21 16:04:16,0.189909934998,27297,0.927623987198
2024-01-21 16:04:17,0.140377044678,26103,1.0998840332
2024-01-21 16:04:18,0.130139112473,26895,0.907067060471
2024-01-21 16:04:19,0.191461086273,26592,0.908443927765
2024-01-21 16:04:20,0.147568941116,23346,0.984277963638
2024-01-21 16:04:21,0.159151077271,23835,0.941978931427
2024-01-21 16:04:22,0.125823020935,25632,0.978540182114
2024-01-21 16:04:23,0.155560016632,23322,1.02668499947
2024-01-21 16:04:25,0.167110919952,23394,0.904662847519
2024-01-21 16:04:26,0.16606593132,23517,0.927740097046
2024-01-21 16:04:27,0.138692855835,23706,0.946890830994
2024-01-21 16:04:28,0.121960163116,23094,1.01045608521
2024-01-21 16:04:29,0.145182847977,23853,0.952066898346
2024-01-21 16:04:30,0.137260913849,24210,0.961962938309
2024-01-21 16:04:31,0.137066841125,26565,0.977713108063
2024-01-21 16:04:32,0.16964507103,22953,0.963558197021
2024-01-21 16:04:33,0.134845018387,22950,0.969915151596
2024-01-21 16:04:34,0.130374193192,22938,1.02080011368
2024-01-21 16:04:36,0.172080993652,23532,0.956789970398
2024-01-21 16:04:37,0.146754980087,24423,0.98356294632
2024-01-21 16:04:38,0.145635128021,26157,0.960198163986
2024-01-21 16:04:39,0.164689064026,26469,1.02311611176
2024-01-21 16:04:40,0.15452504158,25314,0.992193937302
2024-01-21 16:04:41,0.168127059937,24519,0.933861970901
2024-01-21 16:04:42,0.187357902527,25776,0.955751895905
2024-01-21 16:04:44,0.12633395195,26277,0.889329910278
2024-01-21 16:04:45,0.140331983566,24312,0.932940006256
2024-01-21 16:04:46,0.132925987244,23271,0.945332050323
2024-01-21 16:04:47,0.116227865219,24789,1.03084516525
2024-01-21 16:04:48,0.137001037598,27273,1.14350104332
2024-01-21 16:04:49,0.17710185051,27654,0.910968065262
2024-01-21 16:04:50,0.136135816574,27750,1.006939888
2024-01-21 16:04:51,0.125648975372,27525,0.97132897377
2024-01-21 16:04:52,0.125449895859,26985,0.878868103027
2024-01-21 16:04:54,0.121490001678,27756,1.02521109581
2024-01-21 16:04:55,0.140877008438,26874,0.932240962982
2024-01-21 16:04:56,0.131222009659,26718,0.893476963043
2024-01-21 16:04:57,0.142370939255,25221,0.99308180809
2024-01-21 16:04:58,0.138190984726,25158,0.95876789093
2024-01-21 16:04:59,0.142431974411,25311,1.09002494812
2024-01-21 16:05:00,0.159786939621,25185,0.953413009644
2024-01-21 16:05:01,0.121249914169,25011,0.941974878311
2024-01-21 16:05:02,0.123866081238,24603,0.943224906921
2024-01-21 16:05:03,0.160034894943,24963,0.961330890656
2024-01-21 16:05:05,0.129581928253,26118,0.971885919571
2024-01-21 16:05:06,0.160436153412,26271,1.02830910683
2024-01-21 16:05:07,0.137263059616,25923,1.02685689926
2024-01-21 16:05:08,0.161216974258,25155,1.01739788055
2024-01-21 16:05:09,0.127835988998,25974,0.997267961502
2024-01-21 16:05:10,0.132866859436,26097,1.00240683556
2024-01-21 16:05:11,0.165593862534,26475,1.00364494324
2024-01-21 16:05:13,0.131036043167,24591,0.981567144394
2024-01-21 16:05:14,0.147677898407,24702,0.949957132339
2024-01-21 16:05:15,0.124752044678,24819,0.992972135544
2024-01-21 16:05:16,0.170913934708,24321,0.951085090637
2024-01-21 16:05:17,0.19472694397,24798,0.927331924438
2024-01-21 16:05:18,0.133733987808,24909,1.03360319138
2024-01-21 16:05:19,0.153523921967,24648,0.999565839767
2024-01-21 16:05:21,0.133655071259,23937,0.909636974335
2024-01-21 16:05:22,0.157272100449,23871,0.959799051285
2024-01-21 16:05:23,0.133524179459,24657,0.973744869232
2024-01-21 16:05:24,0.17976307869,33657,0.931905031204
2024-01-21 16:05:25,0.142817020416,23181,0.939663887024
2024-01-21 16:05:26,0.151080131531,22866,0.923439979553
2024-01-21 16:05:27,0.137319087982,22848,0.953396081924
2024-01-21 16:05:28,0.218196868896,23121,0.929296970367
2024-01-21 16:05:29,0.176428794861,22992,0.931056022644
2024-01-21 16:05:30,0.134059906006,23763,0.985473871231
2024-01-21 16:05:32,0.11249089241,23655,0.974020004272
2024-01-21 16:05:33,0.125203847885,24078,0.939444065094
2024-01-21 16:05:34,0.148022174835,24900,1.00638008118
2024-01-21 16:05:35,0.136664867401,25011,0.980248212814
2024-01-21 16:05:36,0.121394872665,25272,1.04238390923
2024-01-21 16:05:37,0.143052816391,23778,1.03882598877
2024-01-21 16:05:38,0.227442026138,24660,0.999681949615
2024-01-21 16:05:40,0.199115991592,24993,0.944739818573
2024-01-21 16:05:41,0.131713867188,24054,0.92133307457
2024-01-21 16:05:42,0.203911066055,24648,0.952336072922
2024-01-21 16:05:43,0.120574951172,23634,0.976892948151
2024-01-21 16:05:44,0.125202894211,24003,0.929239034653
2024-01-21 16:05:45,0.14844083786,27141,0.983042955399
2024-01-21 16:05:46,0.157196044922,30111,1.0664100647
2024-01-21 16:05:47,0.199096918106,30129,0.942487001419
2024-01-21 16:05:49,0.181093931198,29973,1.00016498566
2024-01-21 16:05:50,0.155152082443,29763,0.971482038498
2024-01-21 16:05:51,0.149568796158,23091,0.946645021439
2024-01-21 16:05:52,0.127505779266,23085,0.986992120743
2024-01-21 16:05:53,0.138139009476,24084,0.961436986923
2024-01-21 16:05:54,0.133208990097,22986,0.942893981934
2024-01-21 16:05:55,0.160870075226,22920,0.931387901306
2024-01-21 16:05:56,0.146901845932,23154,0.989815950394
2024-01-21 16:05:57,0.137521982193,22995,0.922369003296
2024-01-21 16:05:59,0.141700029373,23520,0.941633224487
2024-01-21 16:06:00,0.146958827972,22392,0.902541160583
2024-01-21 16:06:01,0.140876054764,23079,0.970852851868
2024-01-21 16:06:02,0.184011936188,23706,1.02760696411
2024-01-21 16:06:03,0.17102098465,23847,0.0998091697693
2024-01-21 16:06:08,0.129615783691,23895,0.957013130188
2024-01-21 16:06:10,0.140948057175,22593,0.986657857895
2024-01-21 16:06:11,0.150732040405,22101,1.00428009033
2024-01-21 16:06:12,0.125287055969,22491,1.04626607895
2024-01-21 16:06:13,0.166743040085,22413,1.00692105293
2024-01-21 16:06:14,0.151059150696,21429,0.910967111588
2024-01-21 16:06:15,0.114573955536,21300,0.931458950043
2024-01-21 16:06:16,0.161856889725,21570,0.898564100266
2024-01-21 16:06:17,0.161984920502,21315,1.00860381126
2024-01-21 16:06:19,0.150043010712,22854,0.961272001266
2024-01-21 16:06:20,0.178281068802,22950,0.962009906769
2024-01-21 16:06:21,0.114981174469,22803,0.945163965225
2024-01-21 16:06:22,0.184990167618,22953,0.919493913651
2024-01-21 16:06:23,0.147031068802,22863,0.932536125183
2024-01-21 16:06:24,0.189713001251,23646,1.02917289734
2024-01-21 16:06:25,0.171479940414,23739,0.972613096237
2024-01-21 16:06:26,0.139531135559,23601,0.975138902664
2024-01-21 16:06:27,0.147573947906,22710,1.02410316467
2024-01-21 16:06:29,0.170150995255,22794,0.994606018066
2024-01-21 16:06:30,0.158205986023,22911,0.94202709198
2024-01-21 16:06:31,0.155277013779,22887,0.974242925644
2024-01-21 16:06:32,0.152496099472,22146,0.9582259655
2024-01-21 16:06:33,0.138143062592,22215,0.940621852875
2024-01-21 16:06:34,0.154282093048,22293,1.01478290558
2024-01-21 16:06:35,0.153194904327,22686,1.0182390213
2024-01-21 16:06:37,0.115661144257,23277,0.985308170319
2024-01-21 16:06:38,0.118092060089,23667,1.05554580688
2024-01-21 16:06:39,0.136669874191,22485,0.971019983292
2024-01-21 16:06:40,0.128752946854,22659,0.943066120148
2024-01-21 16:06:41,0.156821966171,23205,1.09871196747
2024-01-21 16:06:42,0.156451940536,23730,1.03537201881
2024-01-21 16:06:43,0.169584035873,24423,0.982081890106
2024-01-21 16:06:45,0.156362056732,26910,1.06348991394
2024-01-21 16:06:46,0.154700994492,26964,1.04049706459
2024-01-21 16:06:47,0.196349859238,21468,0.932303905487
2024-01-21 16:06:48,0.162753105164,22227,0.946823120117
2024-01-21 16:06:49,0.155272006989,21918,0.991014957428
2024-01-21 16:06:50,0.171782016754,22374,0.983675956726
2024-01-21 16:06:52,0.127735137939,23508,0.97823381424
2024-01-21 16:06:53,0.118268013,24063,1.02669787407
2024-01-21 16:06:54,0.140910863876,24015,1.04127192497
2024-01-21 16:06:55,0.191304922104,22038,0.957050085068
2024-01-21 16:06:56,0.140460968018,22155,0.989768028259
2024-01-21 16:06:57,0.159363985062,22350,1.00245118141
2024-01-21 16:06:58,0.11429309845,22731,1.06359696388
2024-01-21 16:07:00,0.133955955505,21654,0.957082033157
2024-01-21 16:07:01,0.164180994034,21891,0.954480171204
2024-01-21 16:07:02,0.12286400795,22131,1.1226978302
2024-01-21 16:07:03,0.164850950241,22458,1.2096760273
2024-01-21 16:07:04,0.136197090149,21573,1.06376886368
2024-01-21 16:07:06,0.157032966614,21747,1.06183195114
2024-01-21 16:07:07,0.113916873932,22215,1.01638388634
2024-01-21 16:07:08,0.147821187973,22248,1.06171393394
2024-01-21 16:07:09,0.18297791481,21915,1.031717062
2024-01-21 16:07:10,0.155178070068,23697,1.09356594086
2024-01-21 16:07:12,0.140008926392,23511,0.981369018555
2024-01-21 16:07:13,0.138658046722,21669,1.00052690506
2024-01-21 16:07:14,0.165532827377,21213,0.991691112518
2024-01-21 16:07:15,0.141824007034,20652,0.936947107315
2024-01-21 16:07:16,0.138033151627,20829,0.993772983551
2024-01-21 16:07:17,0.15095281601,20877,0.965270042419
2024-01-21 16:07:18,0.156090974808,22596,0.972140073776
2024-01-21 16:07:20,0.15930390358,24981,0.914125204086
2024-01-21 16:07:21,0.178885936737,23871,0.937565088272
2024-01-21 16:07:22,0.156440019608,23727,0.948777914047
2024-01-21 16:07:23,0.128971099854,23211,0.977577209473
2024-01-21 16:07:24,0.121850967407,22494,0.986531019211
2024-01-21 16:07:25,0.168375015259,22446,0.961601018906
2024-01-21 16:07:26,0.114040851593,22380,0.950469970703
2024-01-21 16:07:27,0.173283100128,22500,1.00749707222
2024-01-21 16:07:28,0.166445970535,22458,1.0046350956
2024-01-21 16:07:30,0.192972898483,23697,1.0402469635
2024-01-21 16:07:31,0.127074956894,22251,0.948266983032
2024-01-21 16:07:32,0.11908698082,21801,0.914632797241
2024-01-21 16:07:33,0.115360021591,22029,0.963063001633
2024-01-21 16:07:34,0.136502981186,22140,0.978974819183
2024-01-21 16:07:35,0.141993999481,22542,0.98492193222
2024-01-21 16:07:36,0.17570400238,21675,0.938220024109
2024-01-21 16:07:37,0.199037075043,21975,0.993386983871
2024-01-21 16:07:39,0.119024991989,22245,1.0986969471
2024-01-21 16:07:40,0.131422042847,21069,0.905946969986
2024-01-21 16:07:41,0.148616790771,20871,0.948390960693
2024-01-21 16:07:42,0.152628183365,20874,0.952266931534
2024-01-21 16:07:43,0.144824028015,20631,0.968563079834
2024-01-21 16:07:44,0.142118215561,20769,0.911643981934
2024-01-21 16:07:45,0.122627973557,21027,0.927870035172
2024-01-21 16:07:46,0.174666166306,21156,0.940304040909
2024-01-21 16:07:47,0.15690612793,21132,0.928072929382
2024-01-21 16:07:48,0.190989017487,22053,0.963526964188
2024-01-21 16:07:50,0.147914886475,20922,1.00001907349
2024-01-21 16:07:51,0.128121137619,20964,1.00987410545
2024-01-21 16:07:52,0.160998106003,21042,0.921455860138
2024-01-21 16:07:53,0.149958848953,21198,0.904629945755
2024-01-21 16:07:54,0.211383104324,21105,0.92378115654
2024-01-21 16:07:55,0.148876905441,21222,0.903607845306
2024-01-21 16:07:56,0.184684038162,21054,1.01208090782
2024-01-21 16:07:57,0.186012983322,20739,0.975625991821
2024-01-21 16:07:59,0.22375702858,20907,0.950966119766
2024-01-21 16:08:00,0.149301052094,21123,0.96919798851
2024-01-21 16:08:01,0.174324035645,21399,0.916536092758
2024-01-21 16:08:02,0.114114999771,20925,0.940231084824
2024-01-21 16:08:03,0.182953119278,20943,0.956595182419
2024-01-21 16:08:04,0.118042230606,21186,0.92759013176
2024-01-21 16:08:05,0.138789176941,21870,0.946756124496
2024-01-21 16:08:06,0.152689933777,21846,0.892338037491
2024-01-21 16:08:07,0.138754844666,21138,0.956061124802
2024-01-21 16:08:08,0.144929885864,21162,0.949096918106
2024-01-21 16:08:10,0.116855144501,21213,0.947484970093
2024-01-21 16:08:11,0.188822031021,21054,0.956201791763
2024-01-21 16:08:12,0.137864112854,21480,0.93402504921
2024-01-21 16:08:13,0.150593996048,21417,0.99881196022
2024-01-21 16:08:14,0.120764970779,21348,1.00004887581
2024-01-21 16:08:15,0.148531913757,21426,0.96309709549
2024-01-21 16:08:16,0.13579082489,21498,0.912168979645
2024-01-21 16:08:17,0.18826508522,21693,0.993940114975
2024-01-21 16:08:18,0.204656124115,21615,1.00375699997
2024-01-21 16:08:20,0.176532030106,21204,0.898065805435
2024-01-21 16:08:21,0.168734073639,21666,0.952266931534
2024-01-21 16:08:22,0.182271957397,21690,1.01531481743
2024-01-21 16:08:23,0.175289869308,21804,0.955342054367
2024-01-21 16:08:24,0.144149065018,21081,0.941983938217
2024-01-21 16:08:25,0.137893915176,20784,0.927077054977
2024-01-21 16:08:26,0.157335042953,21111,0.960589885712
2024-01-21 16:08:27,0.173666000366,20946,0.963707208633
2024-01-21 16:08:29,0.137259960175,20853,0.989029169083
2024-01-21 16:08:30,0.161205053329,20694,0.866354942322
2024-01-21 16:08:31,0.177254915237,20961,0.968039035797
2024-01-21 16:08:38,0.168351888657,21210,1.03684878349
2024-01-21 16:08:39,0.161396026611,21081,0.936222791672
2024-01-21 16:08:40,0.139519929886,21435,0.941401004791
2024-01-21 16:08:41,0.182193040848,21066,1.01169991493
2024-01-21 16:08:42,0.123490095139,21159,0.92436003685
2024-01-21 16:08:43,0.139024972916,20838,0.940273046494
2024-01-21 16:08:44,0.128364086151,22284,0.937035083771
2024-01-21 16:08:45,0.14605307579,21975,1.03972482681
2024-01-21 16:08:46,0.212641000748,22194,0.955456972122
2024-01-21 16:08:48,0.15744304657,22080,0.924700975418
2024-01-21 16:08:49,0.206713914871,22236,0.916538000107
2024-01-21 16:08:50,0.151153087616,21993,0.975102901459
2024-01-21 16:08:51,0.158477067947,21411,0.932103872299
2024-01-21 16:08:52,0.164330005646,21453,0.957862854004
2024-01-21 16:08:53,0.153369903564,21576,0.96672296524
2024-01-21 16:08:54,0.169950962067,21483,0.940900802612
2024-01-21 16:08:55,0.186086177826,21216,0.936998128891
2024-01-21 16:08:57,0.132358074188,21039,0.979907989502
2024-01-21 16:08:58,0.149821043015,21234,0.981369972229
2024-01-21 16:08:59,0.182903051376,21153,0.964706897736
2024-01-21 16:09:00,0.169903039932,22002,1.05496406555
2024-01-21 16:09:01,0.139039039612,21855,0.996977090836
2024-01-21 16:09:02,0.173057079315,21861,0.994060993195
2024-01-21 16:09:03,0.132804870605,21174,0.968476057053
2024-01-21 16:09:05,0.127788066864,21102,0.970911979675
2024-01-21 16:09:06,0.128241062164,21033,0.999461889267
2024-01-21 16:09:07,0.158512830734,21966,0.99627995491
2024-01-21 16:09:08,0.144267082214,21738,1.0209839344
2024-01-21 16:09:09,0.134063005447,21567,0.977022886276
2024-01-21 16:09:10,0.16766500473,21735,1.05554890633
2024-01-21 16:09:11,0.141199111938,21828,1.06605100632
2024-01-21 16:09:13,0.134622812271,21477,0.980638980865
2024-01-21 16:09:14,0.145879983902,21255,0.976851940155
2024-01-21 16:09:15,0.129961967468,21249,0.932522058487
2024-01-21 16:09:16,0.163641929626,21279,0.924474000931
2024-01-21 16:09:17,0.149713039398,21465,0.93848991394
2024-01-21 16:09:18,0.186933040619,21471,0.996626853943
2024-01-21 16:09:19,0.169272899628,21723,0.980541944504
2024-01-21 16:09:20,0.120527029037,21243,0.942302942276
2024-01-21 16:09:22,0.154688835144,21321,0.970489025116
2024-01-21 16:09:23,0.132807016373,20976,0.978806018829
2024-01-21 16:09:24,0.128393888474,21165,0.95599603653
2024-01-21 16:09:25,0.149444103241,21474,0.987806081772
2024-01-21 16:09:26,0.123579978943,21456,0.937594175339
2024-01-21 16:09:27,0.126044988632,21270,0.959452867508
2024-01-21 16:09:28,0.143908023834,21540,0.918999910355
2024-01-21 16:09:29,0.165543794632,21261,0.930074930191
2024-01-21 16:09:30,0.131060838699,21990,1.00702190399
2024-01-21 16:09:31,0.142082929611,21129,0.951256990433
2024-01-21 16:09:33,0.188555002213,21660,0.996856212616
2024-01-21 16:09:34,0.149035930634,21435,0.944662094116
2024-01-21 16:09:35,0.131714105606,21468,0.964908838272
2024-01-21 16:09:36,0.133298873901,21585,1.04787898064
2024-01-21 16:09:37,0.121194124222,21390,0.945948123932
2024-01-21 16:09:38,0.207445144653,21522,1.04478597641
2024-01-21 16:09:39,0.15539598465,21285,0.937175035477
2024-01-21 16:09:41,0.14267706871,21561,0.968065977097
2024-01-21 16:09:42,0.148588895798,21438,0.996640920639
2024-01-21 16:09:43,0.145146846771,21642,1.01212000847
2024-01-21 16:09:44,0.12780213356,21267,0.974367141724
2024-01-21 16:09:45,0.175368070602,21165,0.943818092346
2024-01-21 16:09:46,0.163806200027,22695,0.991106987
2024-01-21 16:09:47,0.141700983047,21279,0.923217058182
2024-01-21 16:09:48,0.200983047485,21948,0.967590093613
2024-01-21 16:09:50,0.139207839966,22254,0.991724014282
2024-01-21 16:09:51,0.14680314064,22302,0.96941280365
2024-01-21 16:09:52,0.158735990524,22383,0.938484191895
2024-01-21 16:09:53,0.181008815765,21645,0.970324993134
2024-01-21 16:09:54,0.140001058578,21267,1.00392103195
2024-01-21 16:09:55,0.13472700119,21348,0.99485707283
2024-01-21 16:09:56,0.133441209793,21198,0.949016094208
2024-01-21 16:09:57,0.148475885391,33438,0.970999956131
2024-01-21 16:09:59,0.161385059357,21966,1.01447105408
2024-01-21 16:10:00,0.150959968567,21465,0.966830968857
2024-01-21 16:10:01,0.129420042038,21384,0.97807598114
2024-01-21 16:10:02,0.135744810104,21330,0.949607849121
2024-01-21 16:10:03,0.135538816452,22299,1.02201914787
2024-01-21 16:10:04,0.165877103806,21666,0.977410078049
2024-01-21 16:10:05,0.133387088776,21618,0.943406105042
2024-01-21 16:10:06,0.143460988998,21513,0.939548015594
2024-01-21 16:10:07,0.159945964813,21264,1.01981210709
2024-01-21 16:10:09,0.124532938004,22068,1.02764701843
2024-01-21 16:10:10,0.172662973404,21993,0.939692020416
2024-01-21 16:10:11,0.167206048965,21846,0.967883110046
2024-01-21 16:10:12,0.146036863327,21933,0.985860824585
2024-01-21 16:10:13,0.21301817894,21852,0.960510969162
2024-01-21 16:10:14,0.120617866516,22416,0.975409984589
2024-01-21 16:10:15,0.140637874603,22134,0.963696956635
2024-01-21 16:10:17,0.166767120361,21870,0.979995012283
2024-01-21 16:10:18,0.131937980652,21585,1.00871300697
2024-01-21 16:10:19,0.122235059738,21657,1.02321505547
2024-01-21 16:10:20,0.140980958939,21627,1.00806808472
2024-01-21 16:10:21,0.139632940292,21858,0.961169958115
2024-01-21 16:10:22,0.123256921768,21765,1.00100207329
2024-01-21 16:10:23,0.131633043289,21867,0.985045909882
2024-01-21 16:10:24,0.121548175812,21417,0.966191053391
2024-01-21 16:10:26,0.181280136108,21525,0.979145050049
2024-01-21 16:10:27,0.132506847382,21456,0.958723068237
2024-01-21 16:10:28,0.173951148987,21459,1.01260614395
2024-01-21 16:10:29,0.140295028687,21921,0.999233007431
2024-01-21 16:10:30,0.1732609272,22074,1.02458000183
2024-01-21 16:10:31,0.117835998535,22494,0.961723089218
2024-01-21 16:10:32,0.168731927872,22341,0.950046062469
2024-01-21 16:10:34,0.180282115936,22185,0.969460010529
2024-01-21 16:10:35,0.129142999649,21723,0.952071905136
2024-01-21 16:10:36,0.153752088547,21714,0.971565961838
2024-01-21 16:10:37,0.120379924774,21768,0.996767997742
2024-01-21 16:10:38,0.160082101822,22509,0.95757818222
2024-01-21 16:10:39,0.137886047363,22314,0.989225149155
2024-01-21 16:10:40,0.145246982574,22608,1.0289850235
2024-01-21 16:10:41,0.135488033295,22401,0.968528032303
2024-01-21 16:10:43,0.147360086441,22383,0.995913028717
2024-01-21 16:10:44,0.152791976929,22422,0.98189496994
2024-01-21 16:10:45,0.149611949921,22530,1.0132598877
2024-01-21 16:10:46,0.185798883438,23049,1.07135796547
2024-01-21 16:10:47,0.141136884689,23202,1.09885501862
2024-01-21 16:10:48,0.139427900314,23103,1.11296105385
2024-01-21 16:10:50,0.145274162292,22620,1.04902100563
2024-01-21 16:10:51,0.117060184479,22371,1.011936903
2024-01-21 16:10:52,0.120981931686,21507,0.944610834122
2024-01-21 16:10:53,0.118370056152,21534,0.963255882263
2024-01-21 16:24:47,0.13514995575,21831,1.20042300224
2024-01-21 16:24:48,0.153494119644,21798,1.00560903549
2024-01-21 16:24:50,0.141865968704,21930,1.19957208633
2024-01-21 16:24:51,0.150901079178,21975,1.17849206924
2024-01-21 16:24:52,0.181881904602,21711,1.14346218109
2024-01-21 16:24:54,0.143307924271,21852,1.16210699081
2024-01-21 16:24:55,0.132622003555,21708,1.03934693336
2024-01-21 16:24:56,0.164355039597,21915,1.03384780884
2024-01-21 16:24:57,0.162261962891,21924,1.04507899284
2024-01-21 16:24:58,0.150384902954,21498,1.0391459465
2024-01-21 16:25:00,0.13000202179,21591,1.04052495956
2024-01-21 16:25:01,0.127696990967,21801,1.00543904305
2024-01-21 16:25:02,0.160804986954,21699,1.0230820179
2024-01-21 16:25:03,0.177151918411,21408,1.00308609009
2024-01-21 16:25:04,0.123855829239,21642,1.09267997742
2024-01-21 16:25:06,0.171861171722,21672,1.08905386925
2024-01-21 16:25:07,0.157712936401,21828,1.11558008194
2024-01-21 16:25:08,0.170995950699,21840,1.05580806732
2024-01-21 16:25:09,0.141182899475,21930,1.14132404327
2024-01-21 16:25:11,0.178884983063,21630,1.05494093895
2024-01-21 16:25:12,0.12460398674,21594,1.09149193764
2024-01-21 16:25:13,0.160894155502,21378,1.02764105797
2024-01-21 16:25:14,0.120949983597,21582,1.00279211998
2024-01-21 16:25:15,0.124700069427,21552,1.02709007263
2024-01-21 16:25:16,0.141999959946,21564,0.994022846222
2024-01-21 16:25:18,0.158212900162,21567,1.04860591888
2024-01-21 16:25:19,0.124941110611,21375,1.04843902588
2024-01-21 16:25:20,0.120458126068,21657,1.03103899956
2024-01-21 16:25:21,0.172395944595,21498,1.06765604019
2024-01-21 16:25:22,0.129535198212,21732,1.01170611382
2024-01-21 16:25:24,0.11590218544,21558,1.06699609756
2024-01-21 16:25:25,0.154644012451,21483,1.05180287361
2024-01-21 16:25:26,0.127566099167,21540,1.02338480949
2024-01-21 16:25:27,0.14083981514,21690,1.04804301262
2024-01-21 16:25:28,0.139043807983,21780,1.07647895813
2024-01-21 16:25:29,0.13267493248,21687,1.09564495087
2024-01-21 16:25:31,0.138559818268,21744,1.01695299149
2024-01-21 16:25:32,0.147510051727,21567,1.03625392914
2024-01-21 16:25:33,0.126930952072,21579,1.0780339241
2024-01-21 16:25:34,0.121938943863,21036,1.01274204254
2024-01-21 16:25:35,0.172888994217,20520,0.987191915512
2024-01-21 16:25:37,0.127693891525,20547,1.07879900932
2024-01-21 16:25:38,0.122872829437,20802,1.01909208298
2024-01-21 16:25:39,0.140378952026,20694,1.06311702728
2024-01-21 16:25:40,0.172173976898,21336,1.02357316017
2024-01-21 16:25:41,0.148597002029,21054,1.00328397751
2024-01-21 16:25:42,0.150228977203,20745,1.05204319954
2024-01-21 16:25:44,0.140382051468,20892,1.03880310059
2024-01-21 16:25:45,0.166491031647,21012,1.02206301689
2024-01-21 16:25:46,0.119353055954,21390,0.997368812561
2024-01-21 16:25:47,0.134978055954,21435,1.05940413475
2024-01-21 16:25:48,0.133556127548,21513,1.10235404968
2024-01-21 16:25:50,0.221112012863,21432,1.01700115204
2024-01-21 16:25:51,0.182311058044,22404,1.05279898643
2024-01-21 16:25:52,0.145839929581,22029,1.06665682793
2024-01-21 16:25:53,0.143535137177,21729,1.04280614853
2024-01-21 16:25:54,0.120140075684,21669,1.03836798668
2024-01-21 16:25:56,0.18777513504,21570,1.07990407944
2024-01-21 16:25:57,0.148676156998,21564,1.05947589874
2024-01-21 16:25:58,0.118379116058,21570,1.11531591415
2024-01-21 16:25:59,0.114223957062,21684,1.09479689598
2024-01-21 16:26:01,0.137899160385,21591,1.05733299255
2024-01-21 16:26:02,0.231501102448,21633,1.04833912849
2024-01-21 16:26:03,0.150755882263,21432,1.06360793114
2024-01-21 16:26:04,0.135740995407,21723,0.97299695015
2024-01-21 16:26:05,0.139710187912,22812,1.0551469326
2024-01-21 16:26:07,0.140914916992,22353,1.04980397224
2024-01-21 16:26:08,0.116497993469,21798,1.06908202171
2024-01-21 16:26:09,0.132055997849,20850,1.02259707451
2024-01-21 16:26:10,0.144062042236,20904,1.05683493614
2024-01-21 16:26:11,0.144081830978,20829,1.02241897583
2024-01-21 16:26:12,0.139776945114,21519,1.03217291832
2024-01-21 16:26:14,0.140297889709,21411,1.04305696487
2024-01-21 16:26:15,0.114851951599,21474,1.05647397041
2024-01-21 16:26:16,0.142910957336,21402,1.0549519062
2024-01-21 16:26:17,0.14611697197,21630,1.03580403328
2024-01-21 16:26:18,0.132297039032,21519,1.05891489983
2024-01-21 16:26:20,0.15748000145,21552,1.11067390442
2024-01-21 16:26:21,0.187550067902,21693,1.06195402145
2024-01-21 16:26:22,0.117816925049,22188,0.946491956711
2024-01-21 16:26:23,0.131042957306,22356,1.02235507965
2024-01-21 16:26:24,0.168009996414,22257,1.08163404465
2024-01-21 16:26:26,0.143507957458,22416,1.04965186119
2024-01-21 16:26:27,0.122228860855,22194,1.10250496864
2024-01-21 16:26:28,0.125639915466,21369,1.13999390602
2024-01-21 16:26:29,0.156527996063,21666,1.0332429409
2024-01-21 16:26:30,0.167703866959,21786,1.37843203545
2024-01-21 16:26:32,0.121603012085,21438,1.02951312065
2024-01-21 16:26:33,0.170819997787,21711,1.45271420479
2024-01-21 16:26:35,0.141112089157,21537,1.05033016205
2024-01-21 16:26:36,0.150201797485,21666,1.02127408981
2024-01-21 16:26:37,0.199120998383,21654,1.05598306656
2024-01-21 16:26:38,0.123632907867,21723,1.08585309982
2024-01-21 16:26:40,0.142884969711,21828,1.49518990517
2024-01-21 16:26:41,0.136888980865,21981,1.3293030262
2024-01-21 16:26:43,0.141268968582,21339,1.1467730999
2024-01-21 16:26:44,0.117306947708,21417,0.977118968964
2024-01-21 16:26:45,0.153431892395,21528,1.03119206429
2024-01-21 16:26:46,0.169454097748,21489,1.02483320236
2024-01-21 16:26:47,0.174320936203,21549,1.08454799652
2024-01-21 16:26:49,0.171322822571,21678,1.0576710701
2024-01-21 16:26:50,0.141690015793,21924,1.06970500946
2024-01-21 16:26:51,0.153630018234,22074,1.09982895851
2024-01-21 16:26:52,0.120124816895,22182,1.06390690804
2024-01-21 16:26:54,0.131238937378,21840,1.09274220467
2024-01-21 16:26:55,0.13881611824,21822,1.02115297318
2024-01-21 16:26:56,0.146461009979,21993,1.06424713135
2024-01-21 16:26:57,0.136657953262,21987,1.06422495842
2024-01-21 16:26:58,0.135772943497,22143,1.0521709919
2024-01-21 16:27:00,0.143141031265,22245,1.08343815804
2024-01-21 16:27:01,0.113325119019,22068,1.06119084358
2024-01-21 16:27:02,0.172218799591,21846,1.06246900558
2024-01-21 16:27:03,0.138477087021,22140,1.0109269619
2024-01-21 16:27:04,0.139959096909,22071,1.01634097099
2024-01-21 16:27:05,0.126886129379,21900,1.15291690826
2024-01-21 16:27:07,0.147139787674,21900,1.0847029686
2024-01-21 16:27:08,0.11506819725,22017,1.10389709473
2024-01-21 16:27:09,0.127820014954,22143,1.09208393097
2024-01-21 16:27:10,0.188368082047,22026,1.05609798431
2024-01-21 16:27:12,0.13059592247,21876,1.10688281059
2024-01-21 16:27:13,0.146299123764,22116,1.13205599785
2024-01-21 16:27:14,0.164230108261,21744,1.01787400246
2024-01-21 16:27:15,0.129160881042,21588,1.02561497688
2024-01-21 16:27:17,0.138829946518,21405,1.04681921005
2024-01-21 16:27:18,0.140946865082,21645,1.03725790977
2024-01-21 16:27:19,0.162488937378,21474,1.01758885384
2024-01-21 16:27:20,0.179985046387,21348,1.01173901558
2024-01-21 16:27:21,0.135790109634,21456,1.03669691086
2024-01-21 16:27:22,0.166576147079,21018,1.02048277855
2024-01-21 16:27:24,0.163540124893,22308,1.05699920654
2024-01-21 16:27:25,0.179100990295,22212,1.11446595192
2024-01-21 16:27:26,0.140782117844,22143,1.06025290489
2024-01-21 16:27:27,0.117055892944,21801,1.07821393013
2024-01-21 16:27:29,0.12381196022,21294,1.17143297195
2024-01-21 16:27:30,0.124041080475,21240,1.16008615494
2024-01-21 16:27:31,0.14018702507,21501,1.14453792572
2024-01-21 16:27:32,0.122074127197,21945,1.19975304604
2024-01-21 16:27:34,0.160437107086,21864,1.04790306091
2024-01-21 16:27:35,0.147292852402,22098,1.04037094116
2024-01-21 16:27:36,0.15652513504,21882,1.08097100258
2024-01-21 16:27:37,0.133139848709,21516,1.00891494751
2024-01-21 16:27:38,0.117577075958,21549,1.04573202133
2024-01-21 16:27:40,0.210436105728,21537,1.00396490097
2024-01-21 16:27:41,0.136975049973,21498,1.09487509727
2024-01-21 16:27:42,0.16192984581,21609,1.11103606224
2024-01-21 16:27:43,0.132274866104,21663,1.14924407005
2024-01-21 16:27:45,0.205460071564,21654,1.098072052
2024-01-21 16:27:46,0.143430948257,21516,1.04043507576
2024-01-21 16:27:47,0.127175092697,21489,1.1468091011
2024-01-21 16:27:48,0.118006944656,21369,1.13586997986
2024-01-21 16:27:50,0.163119792938,21477,1.16439199448
2024-01-21 16:27:51,0.138575077057,21372,1.16080093384
2024-01-21 16:27:52,0.131388902664,21324,1.13321399689
2024-01-21 16:27:54,0.169420003891,21597,1.05393886566
2024-01-21 16:27:55,0.166969060898,21441,1.05866289139
2024-01-21 16:27:56,0.116607904434,21336,1.04407286644
2024-01-21 16:27:57,0.145097970963,21408,1.04949593544
2024-01-21 16:27:58,0.148056030273,21501,1.05554699898
2024-01-21 16:28:00,0.143566846848,21564,1.08968782425
2024-01-21 16:28:01,0.209269046783,21282,1.00966000557
2024-01-21 16:28:02,0.135244846344,21567,1.04747891426
2024-01-21 16:28:03,0.121704816818,21630,1.06211686134
2024-01-21 16:28:04,0.130841016769,21501,1.05139303207
2024-01-21 16:28:06,0.149003982544,21435,1.03739094734
2024-01-21 16:28:07,0.15044593811,21378,1.03047299385
2024-01-21 16:28:08,0.138381004333,21447,1.02089095116
2024-01-21 16:28:09,0.177969932556,21462,0.998943090439
2024-01-21 16:28:10,0.141512155533,21540,1.07187318802
2024-01-21 16:28:11,0.12873005867,21555,1.08725619316
2024-01-21 16:28:13,0.145846128464,21465,1.06625294685
2024-01-21 16:28:14,0.130209922791,21462,1.01732087135
2024-01-21 16:28:15,0.181313991547,21303,1.01430010796
2024-01-21 16:28:16,0.128593921661,20871,1.04744696617
2024-01-21 16:28:17,0.164108037949,20889,1.07426595688
2024-01-21 16:28:19,0.158173799515,20988,1.00352501869
2024-01-21 16:28:20,0.264849901199,21948,1.09665107727
2024-01-21 16:28:21,0.146625995636,22062,1.05163812637
2024-01-21 16:28:22,0.144356966019,22041,1.14458703995
2024-01-21 16:28:24,0.214767932892,21282,1.05749297142
2024-01-21 16:28:25,0.142552137375,21600,1.12039089203
2024-01-21 16:28:26,0.172737121582,21600,1.08168578148
2024-01-21 16:28:27,0.161941051483,21585,1.06263899803
2024-01-21 16:28:29,0.194911003113,21732,1.03788685799
2024-01-21 16:28:30,0.137610912323,21792,1.09540009499
2024-01-21 16:28:31,0.13121509552,21945,1.05197715759
2024-01-21 16:28:32,0.144683122635,21813,1.10353803635
2024-01-21 16:28:34,0.151940107346,22029,1.05574083328
2024-01-21 16:28:35,0.143322229385,21855,1.02016806602
2024-01-21 16:28:36,0.129703044891,21540,1.03021979332
2024-01-21 16:28:37,0.164623975754,21942,1.03344011307
2024-01-21 16:28:38,0.16392493248,22020,1.03357601166
2024-01-21 16:28:40,0.130575895309,21933,1.09100794792
2024-01-21 16:28:41,0.144032001495,21978,1.00567603111
2024-01-21 16:28:42,0.122559785843,21039,1.09867405891
2024-01-21 16:28:43,0.135619878769,20955,1.05207300186
2024-01-21 16:28:44,0.113399982452,21018,0.992610931396
2024-01-21 16:28:45,0.161048173904,21768,1.08106422424
2024-01-21 16:28:47,0.163459062576,21819,1.0319879055
2024-01-21 16:28:48,0.137662172318,21795,1.02744197845
2024-01-21 16:28:49,0.15540099144,21717,1.01104402542
2024-01-21 16:28:50,0.154174089432,21666,1.02019286156
2024-01-21 16:28:51,0.165635824203,21675,1.03851103783
2024-01-21 16:28:53,0.1446621418,21492,1.03155899048
2024-01-21 16:28:54,0.16699886322,21429,1.07329201698
2024-01-21 16:28:55,0.141024112701,21507,1.02771902084
2024-01-21 16:28:56,0.171093940735,21474,1.16998696327
2024-01-21 16:28:58,0.157051086426,21033,1.00203299522
2024-01-21 16:28:59,0.135862827301,21078,1.02101898193
2024-01-21 16:29:00,0.137102842331,20886,1.01749992371
2024-01-21 16:29:01,0.146552085876,21066,1.01810479164
2024-01-21 16:29:02,0.128703832626,21123,1.01440501213
2024-01-21 16:29:03,0.173685789108,21516,1.13947200775
2024-01-21 16:29:05,0.165177822113,21615,1.05106210709
2024-01-21 16:29:06,0.141949176788,21459,1.00516700745
2024-01-21 16:29:07,0.123819828033,21264,1.08663582802
2024-01-21 16:29:08,0.114211082458,21534,1.0511610508
2024-01-21 16:29:09,0.113912820816,21561,1.09247994423
2024-01-21 16:29:11,0.138156175613,21498,1.01788902283
2024-01-21 16:29:12,0.184523820877,21462,1.00285792351
2024-01-21 16:29:13,0.159519910812,21567,1.02668499947
2024-01-21 16:29:14,0.174266815186,21645,1.07113194466
2024-01-21 16:29:15,0.128117084503,21543,1.07013010979
2024-01-21 16:29:17,0.218847036362,21561,1.06276798248
2024-01-21 16:29:18,0.140625953674,21531,1.00812792778
2024-01-21 16:29:19,0.128598928452,21315,1.00247716904
2024-01-21 16:29:20,0.153832912445,21525,1.00413990021
2024-01-21 16:29:21,0.144575119019,22113,1.04462099075
2024-01-21 16:29:22,0.162642002106,22719,1.11199998856
2024-01-21 16:29:24,0.175238132477,22647,1.08459281921
2024-01-21 16:29:25,0.173810005188,22794,1.07940816879
2024-01-21 16:29:26,0.139266014099,21396,1.00687098503
2024-01-21 16:29:27,0.141524076462,21579,1.09264302254
2024-01-21 16:29:29,0.163498878479,21579,1.04098510742
2024-01-21 16:29:30,0.157671928406,21606,1.04606199265
2024-01-21 16:29:31,0.153018951416,21225,1.0520658493
2024-01-21 16:29:32,0.163331985474,21489,1.09222698212
2024-01-21 16:29:33,0.140545129776,21483,1.05881404877
2024-01-21 16:29:35,0.142230033875,21429,1.00389790535
2024-01-21 16:29:36,0.145833015442,21921,1.07912516594
2024-01-21 16:29:37,0.136419057846,21783,1.07030296326
2024-01-21 16:29:38,0.163257837296,21984,1.02617692947
2024-01-21 16:29:39,0.138570070267,21876,1.09659290314
2024-01-21 16:29:41,0.148934841156,21726,1.1248459816
2024-01-21 16:29:42,0.175022125244,21900,1.0525701046
2024-01-21 16:29:43,0.122803926468,21744,1.04157996178
2024-01-21 16:29:44,0.12625002861,21795,1.02063298225
2024-01-21 16:29:45,0.149929046631,21768,1.07848882675
2024-01-21 16:29:47,0.117718219757,21819,1.08955597878
2024-01-21 16:29:48,0.17169380188,21708,1.06662392616
2024-01-21 16:29:49,0.191190004349,21837,1.06992793083
2024-01-21 16:29:50,0.161937952042,21666,1.09598398209
2024-01-21 16:29:52,0.112914085388,21960,1.05912280083
2024-01-21 16:29:53,0.138600111008,21555,1.10446000099
2024-01-21 16:29:54,0.128508090973,21651,1.04927301407
2024-01-21 16:29:55,0.123851060867,21876,1.05938315392
2024-01-21 16:29:56,0.144981861115,21588,1.0572078228
2024-01-21 16:29:58,0.150754213333,21582,1.18154001236
2024-01-21 16:29:59,0.12956905365,21609,1.16798686981
2024-01-21 16:30:00,0.138909101486,21669,1.16555714607
2024-01-21 16:30:02,0.150036096573,21609,1.94930577278
2024-01-21 16:30:04,0.128436088562,21309,1.04501104355
2024-01-21 16:30:05,0.182533025742,21663,1.04327607155
2024-01-21 16:30:06,0.126188993454,21777,0.993276119232
2024-01-21 16:30:07,0.136203050613,21750,1.05193400383
2024-01-21 16:30:08,0.121262073517,21900,1.10737299919
2024-01-21 16:30:10,0.140133142471,22131,1.09989786148
2024-01-21 16:30:11,0.148226976395,21693,1.04783296585
2024-01-21 16:30:12,0.166848897934,21666,1.03984689713
2024-01-21 16:30:13,0.16716504097,21582,1.07441687584
2024-01-21 16:30:15,0.183089971542,21900,1.05766105652
2024-01-21 16:30:16,0.119421958923,22170,1.04210090637
2024-01-21 16:30:17,0.259147882462,22179,1.08349704742
2024-01-21 16:30:18,0.123276948929,21747,1.10677409172
2024-01-21 16:30:20,0.115989923477,21603,1.08404922485
2024-01-21 16:30:21,0.119748830795,21687,1.03760194778
2024-01-21 16:30:22,0.141162157059,21645,1.03943920135
2024-01-21 16:30:23,0.149489164352,21699,1.04854512215
2024-01-21 16:30:24,0.145679950714,21960,1.10291099548
2024-01-21 16:30:25,0.124959945679,21543,1.08383107185
2024-01-21 16:30:27,0.116096019745,21708,1.10559487343
2024-01-21 16:30:28,0.127242088318,21972,1.08241796494
2024-01-21 16:30:29,0.121820926666,21699,1.01108694077
2024-01-21 16:30:30,0.117182016373,21570,1.04900693893
2024-01-21 16:30:31,0.148818969727,21711,1.02245903015
2024-01-21 16:30:33,0.142141819,21756,1.11159801483
2024-01-21 16:30:34,0.130937099457,21915,1.19734382629
2024-01-21 16:30:35,0.124470949173,22308,1.03974294662
2024-01-21 16:30:36,0.160091161728,22293,1.09701919556
2024-01-21 16:30:38,0.157698154449,21801,1.09002995491
2024-01-21 16:30:39,0.142858028412,21744,1.01710915565
2024-01-21 16:30:40,0.162626981735,22122,1.14010381699
2024-01-21 16:30:41,0.161054134369,22278,1.03580594063
2024-01-21 16:30:43,0.125701904297,22035,1.0852560997
2024-01-21 16:30:44,0.147489070892,22338,1.09722805023
2024-01-21 16:30:45,0.229575872421,22134,1.0335149765
2024-01-21 16:30:46,0.161849975586,21891,1.06779503822
2024-01-21 16:30:47,0.173578977585,22101,1.10876011848
2024-01-21 16:30:49,0.12237405777,21762,1.01861286163
2024-01-21 16:30:50,0.12016582489,21840,1.03324604034
2024-01-21 16:30:51,0.161349773407,21792,1.05688309669
2024-01-21 16:30:52,0.14014005661,21996,0.997113227844
2024-01-21 16:30:53,0.134489059448,21924,1.10731101036
2024-01-21 16:30:55,0.125216960907,21858,1.00177383423
2024-01-21 16:30:56,0.1307721138,21864,1.06522417068
2024-01-21 16:30:57,0.16638302803,21924,1.05580282211
2024-01-21 16:30:58,0.142405986786,21969,1.05370688438
2024-01-21 16:30:59,0.143927097321,22038,1.03912115097
2024-01-21 16:31:01,0.15879201889,22029,1.0724170208
2024-01-21 16:31:02,0.149468898773,22335,1.07097506523
2024-01-21 16:31:03,0.162076950073,22140,1.0535800457
2024-01-21 16:31:04,0.156894922256,22182,1.11047410965
2024-01-21 16:31:06,0.144889116287,22458,1.09162998199
2024-01-21 16:31:07,0.115859031677,22341,1.04973292351
2024-01-21 16:31:08,0.124942064285,22194,1.11531400681
2024-01-21 16:31:09,0.208153009415,22353,1.02825713158
2024-01-21 16:31:10,0.170769929886,21828,1.12910413742
2024-01-21 16:31:12,0.158660888672,22074,1.06233310699
2024-01-21 16:31:13,0.125995874405,22410,1.0722219944
2024-01-21 16:31:14,0.12463593483,22662,1.04225897789
2024-01-21 16:31:15,0.153590917587,22635,1.09004592896
2024-01-21 16:31:17,0.141711950302,22140,1.01061606407
2024-01-21 16:31:18,0.140080213547,22059,1.04012298584
2024-01-21 16:31:19,0.136731863022,22266,1.09541010857
2024-01-21 16:31:20,0.171204090118,22161,1.04619812965
2024-01-21 16:31:21,0.15504693985,22275,1.08345293999
2024-01-21 16:31:23,0.166721820831,22158,1.05084490776
2024-01-21 16:31:24,0.147855997086,22218,1.022356987
2024-01-21 16:31:25,0.1205098629,22182,1.07941889763
2024-01-21 16:31:26,0.122360944748,22236,1.03641581535
2024-01-21 16:31:27,0.169782876968,22302,1.02135205269
2024-01-21 16:31:28,0.172305107117,22374,1.04210305214
2024-01-21 16:31:30,0.154442071915,22134,1.03577113152
2024-01-21 16:31:31,0.137022972107,22290,1.07740402222
2024-01-21 16:31:32,0.157228946686,21933,1.09148693085
2024-01-21 16:31:33,0.146600008011,22071,1.03821802139
2024-01-21 16:31:35,0.14529299736,22080,1.02373194695
2024-01-21 16:31:36,0.163871049881,22278,1.0728931427
2024-01-21 16:31:37,0.142021179199,22206,1.03400301933
2024-01-21 16:31:38,0.129620790482,22380,1.11416602135
2024-01-21 16:31:39,0.120491981506,22548,1.0730509758
2024-01-21 16:31:41,0.13281416893,23049,0.967445135117
2024-01-21 16:31:42,0.121830224991,22494,1.06654310226
2024-01-21 16:31:43,0.14232301712,22176,1.03831720352
2024-01-21 16:31:44,0.15107178688,22371,1.06852602959
2024-01-21 16:31:45,0.123798131943,22449,1.09235405922
2024-01-21 16:31:46,0.173443078995,22398,1.04954791069
2024-01-21 16:31:48,0.136934995651,22188,1.06558513641
2024-01-21 16:31:49,0.147816896439,22257,1.06255698204
2024-01-21 16:31:50,0.134749174118,22119,1.04903912544
2024-01-21 16:31:51,0.114080190659,22485,1.08667016029
2024-01-21 16:31:52,0.113244056702,22455,1.0606610775
2024-01-21 16:31:54,0.162593126297,22488,1.03587198257
2024-01-21 16:31:55,0.14236497879,22413,1.07362699509
2024-01-21 16:31:56,0.11754488945,22323,1.09666395187
2024-01-21 16:31:57,0.157055854797,22443,1.05832695961
2024-01-21 16:31:59,0.140799999237,22125,1.0574889183
2024-01-21 16:32:00,0.141108989716,22185,1.08726596832
2024-01-21 16:32:01,0.123368024826,22014,1.01194214821
2024-01-21 16:32:02,0.119502067566,22356,1.07099699974
2024-01-21 16:32:03,0.151216030121,22251,1.04589295387
2024-01-21 16:32:04,0.137737989426,22176,1.02150893211
2024-01-21 16:32:06,0.228239059448,22323,1.05767822266
2024-01-21 16:32:07,0.141598939896,22392,1.04556798935
2024-01-21 16:32:08,0.153763055801,22590,1.10179185867
2024-01-21 16:32:09,0.15452003479,22473,1.03903889656
2024-01-21 16:32:11,0.149107933044,22065,1.06140089035
2024-01-21 16:32:12,0.137516021729,21909,1.03129315376
2024-01-21 16:32:13,0.141020059586,23268,0.995936870575
2024-01-21 16:32:14,0.187874078751,23595,0.981101036072
2024-01-21 16:32:15,0.203202962875,23721,1.05121517181
2024-01-21 16:32:16,0.137047052383,23544,0.912233114243
2024-01-21 16:32:18,0.139487028122,23850,1.02060103416
2024-01-21 16:32:19,0.121241092682,23670,0.991725921631
2024-01-21 16:32:20,0.163439035416,23526,1.10062003136
2024-01-21 16:32:21,0.214171886444,23781,1.07951998711
2024-01-21 16:32:22,0.148824930191,23646,1.02570605278
2024-01-21 16:32:24,0.195070028305,23826,0.982252120972
2024-01-21 16:32:25,0.152786016464,23922,1.02592492104
2024-01-21 16:32:26,0.11722111702,23934,1.16318511963
2024-01-21 16:32:27,0.132570028305,23589,1.20679593086
2024-01-21 16:32:29,0.153344869614,23784,1.16555213928
2024-01-21 16:32:30,0.161484003067,23583,1.19455218315
2024-01-21 16:32:31,0.116749048233,23820,1.36228609085
2024-01-21 16:32:33,0.170650005341,23628,1.00225400925
2024-01-21 16:32:34,0.200180053711,23994,1.03426289558
2024-01-21 16:32:35,0.17518901825,23790,1.02521300316
2024-01-21 16:32:36,0.163172960281,23346,1.06562113762
2024-01-21 16:32:38,0.131686925888,23703,1.03186011314
2024-01-21 16:32:39,0.143226861954,23544,1.01822710037
2024-01-21 16:32:40,0.129588842392,23550,0.972210168839
2024-01-21 16:32:41,0.128324985504,23550,1.02110695839
2024-01-21 16:32:42,0.146115064621,23838,1.02782011032
2024-01-21 16:32:43,0.166891813278,23733,1.04454302788
2024-01-21 16:32:44,0.159904003143,23730,0.988094091415
2024-01-21 16:32:46,0.139148950577,23805,1.00495314598
2024-01-21 16:32:47,0.129512786865,24939,1.07345509529
2024-01-21 16:32:48,0.160917043686,24057,1.01795196533
2024-01-21 16:32:49,0.151103019714,24111,1.00411605835
2024-01-21 16:32:50,0.13748717308,24621,1.13625597954
2024-01-21 16:32:52,0.168771028519,24018,1.10818505287
2024-01-21 16:32:53,0.167941093445,23214,0.950310230255
2024-01-21 16:32:54,0.138097047806,23610,1.0403418541
2024-01-21 16:32:55,0.158262968063,23931,1.1509680748
2024-01-21 16:32:56,0.216769933701,23499,1.02662587166
2024-01-21 16:32:58,0.115180969238,23835,1.12876582146
2024-01-21 16:32:59,0.137742042542,23718,1.08671689034
2024-01-21 16:33:00,0.154485940933,23628,1.11653089523
2024-01-21 16:33:01,0.141740083694,25284,1.1759428978
2024-01-21 16:33:03,0.142560958862,24069,1.17458200455
2024-01-21 16:33:04,0.135210037231,24285,1.04471087456
2024-01-21 16:33:05,0.188141107559,24051,1.03953790665
2024-01-21 16:33:07,0.162503957748,23574,1.05001997948
2024-01-21 16:33:08,0.116605043411,25476,1.23669314384
2024-01-21 16:33:09,0.158344984055,24522,1.06892490387
2024-01-21 16:33:10,0.151678085327,24327,1.04362797737
2024-01-21 16:33:12,0.155906915665,23871,0.96106505394
2024-01-21 16:33:13,0.138856172562,23514,0.990339040756
2024-01-21 16:33:14,0.151195049286,23472,1.03681302071
2024-01-21 16:33:15,0.129225969315,23358,1.00945210457
2024-01-21 16:33:16,0.119624137878,23544,1.03408408165
2024-01-21 16:33:17,0.220920085907,24147,0.977849006653
2024-01-21 16:33:18,0.133352994919,23985,1.06975483894
2024-01-21 16:33:20,0.216977119446,24543,1.00687813759
2024-01-21 16:33:21,0.135779857635,24483,0.985071897507
2024-01-21 16:33:22,0.144601821899,24381,1.00715994835
2024-01-21 16:33:23,0.187381029129,23991,0.975045919418
2024-01-21 16:33:24,0.23290014267,24171,1.09028315544
2024-01-21 16:33:26,0.163306951523,24039,1.04075503349
2024-01-21 16:33:27,0.150146007538,24228,1.00385594368
2024-01-21 16:33:28,0.139981031418,23367,0.96283197403
2024-01-21 16:33:29,0.148805141449,24204,1.09396219254
2024-01-21 16:33:30,0.155921936035,24165,0.989022016525
2024-01-21 16:33:31,0.125112056732,49923,1.31197595596
2024-01-21 16:33:33,0.172213077545,49491,1.22051501274
2024-01-21 16:33:34,0.179500102997,49989,1.27572798729
2024-01-21 16:33:36,0.175420045853,46734,1.27899193764
2024-01-21 16:33:37,0.166264057159,45570,1.233096838
2024-01-21 16:33:39,0.146779060364,47370,1.25096106529
2024-01-21 16:33:40,0.14911198616,47352,1.21707701683
2024-01-21 16:33:41,0.16673707962,47952,1.25686907768
2024-01-21 16:33:43,0.136504888535,47961,1.17716097832
2024-01-21 16:33:44,0.139697790146,48318,1.27367806435
2024-01-21 16:33:46,0.127624988556,48129,1.26815199852
2024-01-21 16:33:47,0.129914045334,45372,1.26573204994
2024-01-21 16:33:48,0.135561943054,46935,1.19939398766
2024-01-21 16:33:50,0.149649858475,47865,1.19042205811
2024-01-21 16:33:51,0.148807048798,48369,1.25911593437
2024-01-21 16:33:52,0.166688919067,45414,1.16905498505
2024-01-21 16:33:54,0.162741184235,48225,1.23155212402
2024-01-21 16:33:55,0.167850017548,49386,1.24838900566
2024-01-21 16:33:57,0.129425048828,48570,1.23327684402
2024-01-21 16:33:58,0.166393041611,48783,1.22173094749
2024-01-21 16:33:59,0.175379991531,49740,1.2660150528
2024-01-21 16:34:01,0.13347196579,47988,1.28018093109
2024-01-21 16:34:02,0.117215871811,47205,1.30485200882
2024-01-21 16:34:04,0.16096997261,46740,1.37360095978
2024-01-21 16:34:05,0.161723852158,46704,1.40099811554
2024-01-21 16:34:07,0.149902105331,46416,1.21708703041
2024-01-21 16:34:08,0.128080844879,46935,1.37073802948
2024-01-21 16:34:10,0.128127813339,46980,1.25920295715
2024-01-21 16:34:11,0.144583940506,45249,1.33209705353
2024-01-21 16:34:12,0.174304008484,43878,1.22634792328
2024-01-21 16:34:14,0.14141201973,44382,1.19457507133
2024-01-21 16:34:15,0.123355150223,44427,1.24164199829
2024-01-21 16:34:17,0.168517112732,43968,1.29822611809
2024-01-21 16:34:18,0.143784999847,43011,1.23492312431
2024-01-21 16:34:19,0.14094209671,44406,1.11749601364
2024-01-21 16:34:21,0.150941848755,47001,1.25167012215
2024-01-21 16:34:22,0.146475076675,47436,1.15577912331
2024-01-21 16:34:23,0.174437999725,47040,1.30833101273
2024-01-21 16:34:25,0.147567033768,47736,1.21765303612
2024-01-21 16:34:26,0.125684022903,46428,1.34082698822
2024-01-21 16:34:28,0.162278175354,48492,1.24451994896
2024-01-21 16:34:29,0.123775005341,48339,1.3000831604
2024-01-21 16:34:30,0.131510019302,47727,1.25051379204
2024-01-21 16:34:32,0.142513036728,47574,1.25963497162
2024-01-21 16:34:33,0.138306856155,48273,1.2558028698
2024-01-21 16:34:35,0.146494150162,48393,1.39675498009
2024-01-21 16:34:36,0.135210037231,48042,1.25553393364
2024-01-21 16:34:38,0.143296957016,46527,1.17232489586
2024-01-21 16:34:39,0.123309135437,47985,1.46386694908
2024-01-21 16:34:40,0.135419845581,51471,1.32145810127
2024-01-21 16:34:42,0.181511878967,48792,1.31849694252
2024-01-21 16:34:43,0.150660991669,49155,1.30023193359
2024-01-21 16:34:45,0.120793104172,48558,1.24018216133
2024-01-21 16:34:46,0.213261127472,46029,1.25339198112
2024-01-21 16:34:48,0.146153926849,45717,1.2768239975
2024-01-21 16:34:49,0.223881006241,45336,1.26863002777
2024-01-21 16:34:51,0.19390296936,45342,1.12637209892
2024-01-21 16:34:52,0.208436965942,47877,1.26258611679
2024-01-21 16:34:53,0.137081861496,48774,1.22296500206
2024-01-21 16:34:55,0.123961210251,46863,1.22225618362
2024-01-21 16:34:56,0.171277999878,48285,1.22751903534
2024-01-21 16:34:58,0.137722969055,49110,1.21931290627
2024-01-21 16:34:59,0.151423931122,47862,1.22000384331
2024-01-21 16:35:00,0.143556833267,48372,1.48670911789
2024-01-21 16:35:02,0.144523859024,47478,1.29675507545
2024-01-21 16:35:03,0.154925107956,46518,1.15019106865
2024-01-21 16:35:05,0.148804187775,46623,1.2647690773
2024-01-21 16:35:06,0.147991895676,43284,1.16554307938
2024-01-21 16:35:07,0.170567035675,45747,1.31216597557
2024-01-21 16:35:09,0.148737192154,43398,1.16749215126
2024-01-21 16:35:10,0.170845031738,45483,1.30789899826
2024-01-21 16:35:12,0.138514041901,43815,1.43236398697
2024-01-21 16:35:13,0.16669678688,45009,1.25952601433
2024-01-21 16:35:15,0.120580196381,50526,1.25367903709
2024-01-21 16:35:16,0.167408943176,50157,1.17695879936
2024-01-21 16:35:17,0.164713144302,48174,1.29745578766
2024-01-21 16:35:19,0.158540010452,74181,1.55609583855
2024-01-21 16:35:21,0.15572810173,73719,1.36752200127
2024-01-21 16:35:22,0.182335138321,62370,1.31846904755
2024-01-21 16:35:24,0.180301904678,57483,1.44630813599
2024-01-21 16:35:25,0.187772035599,55383,1.48638081551
2024-01-21 16:35:27,0.142910003662,52425,1.28829908371
2024-01-21 16:35:28,0.157388925552,52368,1.27254295349
2024-01-21 16:35:30,0.127204179764,54543,1.27820491791
2024-01-21 16:35:31,0.118714094162,49491,1.21723413467
2024-01-21 16:35:32,0.136906862259,62145,1.4459810257
2024-01-21 16:35:34,0.132995128632,69465,1.41970896721
2024-01-21 16:35:36,0.148002147675,54126,1.47840094566
2024-01-21 16:35:37,0.123184919357,50274,1.45066785812
2024-01-21 16:35:39,0.139971971512,51096,1.2889020443
2024-01-21 16:35:40,0.144458055496,48471,1.20896100998
2024-01-21 16:35:42,0.162220954895,51939,1.21156311035
2024-01-21 16:35:43,0.167109966278,44391,1.39073181152
2024-01-21 16:35:45,0.128030776978,48066,1.43109798431
2024-01-21 16:35:46,0.147553920746,48516,1.21946501732
2024-01-21 16:35:47,0.148051023483,47583,1.24310708046
2024-01-21 16:35:49,0.156857013702,50208,1.23810100555
2024-01-21 16:35:50,0.163264989853,49641,1.32454705238
2024-01-21 16:35:52,0.181083202362,49413,1.22629094124
2024-01-21 16:35:53,0.141891002655,50088,1.20590615273
2024-01-21 16:35:54,0.128980875015,48891,1.2056210041
2024-01-21 16:35:56,0.125952959061,49098,1.18379497528
2024-01-21 16:35:57,0.142405986786,48012,1.22698497772
2024-01-21 16:35:59,0.147485971451,46848,1.23640203476
2024-01-21 16:36:00,0.124928951263,46779,1.26038098335
2024-01-21 16:36:01,0.148911952972,47577,1.32212615013
2024-01-21 16:36:03,0.216761112213,49311,1.29035878181
2024-01-21 16:36:04,0.160622119904,47367,1.37828803062
2024-01-21 16:36:06,0.146627902985,46968,1.32676506042
2024-01-21 16:36:07,0.149405002594,47109,1.19431519508
2024-01-21 16:36:09,0.148895978928,41301,1.05923390388
2024-01-21 16:36:10,0.121228933334,45057,1.39943599701
2024-01-21 16:36:11,0.130367040634,44793,1.37869501114
2024-01-21 16:36:13,0.162196874619,42921,1.17289090157
2024-01-21 16:36:14,0.114762067795,42198,1.17249011993
2024-01-21 16:36:15,0.15237903595,45459,1.38150215149
2024-01-21 16:36:17,0.18062710762,42699,1.05872702599
2024-01-21 16:36:18,0.139900922775,45381,1.22576403618
2024-01-21 16:36:20,0.173286914825,46758,1.31034088135
2024-01-21 16:36:21,0.134270191193,47625,1.28880095482
2024-01-21 16:36:23,0.164251089096,45204,1.30173420906
2024-01-21 16:36:24,0.197915077209,46953,1.14720201492
2024-01-21 16:36:25,0.130043983459,47457,1.33125805855
2024-01-21 16:36:27,0.134696006775,45093,1.26592898369
2024-01-21 16:36:28,0.187644958496,44388,1.25654911995
2024-01-21 16:36:30,0.119910001755,43863,1.21423387527
2024-01-21 16:36:31,0.184532880783,43602,1.20576691628
2024-01-21 16:36:32,0.19686293602,42693,1.08808994293
2024-01-21 16:36:34,0.17575097084,44730,1.40837788582
2024-01-21 16:36:35,0.146795034409,46002,1.28442001343
2024-01-21 16:36:37,0.157563924789,44484,1.28304004669
2024-01-21 16:36:38,0.153351068497,46713,1.28260493279
2024-01-21 16:36:40,0.170902013779,48399,1.36660194397
2024-01-21 16:36:41,0.145056962967,47007,1.39945292473
2024-01-21 16:36:43,0.162442922592,47628,1.26527190208
2024-01-21 16:36:44,0.131336927414,44511,1.12822389603
2024-01-21 16:36:45,0.143343925476,46734,1.21397781372
2024-01-21 16:36:47,0.16889500618,42999,1.21609187126
2024-01-21 16:36:48,0.126770973206,42750,1.23585391045
2024-01-21 16:36:49,0.183650970459,39966,1.05316901207
2024-01-21 16:36:51,0.125214099884,43593,1.20406293869
2024-01-21 16:36:52,0.149239063263,40863,1.10324692726
2024-01-21 16:36:53,0.162656068802,41058,1.20548892021
2024-01-21 16:36:55,0.172270059586,42780,1.29824399948
2024-01-21 16:36:56,0.159750938416,43503,1.22623300552
2024-01-21 16:36:57,0.115344047546,43956,1.16560387611
2024-01-21 16:36:59,0.197129011154,43389,1.26293587685
2024-01-21 16:37:00,0.135948896408,39600,1.1021001339
2024-01-21 16:37:01,0.130861997604,45378,1.33166980743
2024-01-21 16:37:03,0.183151006699,43098,1.15235900879
2024-01-21 16:37:04,0.168972015381,45432,1.44157600403
2024-01-21 16:37:06,0.151840925217,44067,1.40464305878
2024-01-21 16:37:07,0.149651050568,44529,1.32340788841
2024-01-21 16:37:09,0.178879022598,49386,1.47391700745
2024-01-21 16:37:11,0.175278902054,46227,1.39011502266
2024-01-21 16:37:12,0.156177043915,47097,1.34407281876
2024-01-21 16:37:14,0.130604028702,43353,1.28179097176
2024-01-21 16:37:15,0.138986110687,41316,1.20985794067
2024-01-21 16:37:16,0.133876085281,44505,1.31735897064
2024-01-21 16:37:18,0.138290166855,45981,1.25300908089
2024-01-21 16:37:19,0.114164113998,46719,1.26747202873
2024-01-21 16:37:21,0.141612052917,46527,1.35884594917
2024-01-21 16:37:22,0.129393100739,45474,1.36703896523
2024-01-21 16:37:24,0.132521867752,45687,1.30582690239
2024-01-21 16:37:25,0.145115852356,46365,1.37677311897
2024-01-21 16:37:27,0.134767055511,45336,1.25520086288
2024-01-21 16:37:28,0.147193193436,45504,1.47356104851
2024-01-21 16:37:30,0.122362136841,44814,1.34555196762
2024-01-21 16:37:31,0.140257835388,45423,1.27143597603
2024-01-21 16:37:32,0.173679113388,40116,1.22422099113
2024-01-21 16:37:34,0.192893981934,43734,1.33071994781
2024-01-21 16:37:35,0.149183988571,44415,1.30499792099
2024-01-21 16:37:37,0.125892162323,40407,1.19046902657
2024-01-21 16:37:38,0.175616979599,44316,1.28252291679
2024-01-21 16:37:40,0.117552042007,44646,1.35469794273
2024-01-21 16:37:41,0.20286989212,42312,1.19796895981
2024-01-21 16:37:42,0.142796039581,43356,1.33721399307
2024-01-21 16:37:44,0.147148132324,45177,1.36311221123
2024-01-21 16:37:45,0.20774102211,44763,1.27538585663
2024-01-21 16:37:47,0.151163101196,49134,1.26613688469
2024-01-21 16:37:48,0.149861097336,44574,1.26445007324
2024-01-21 16:37:50,0.131125926971,46014,1.2290699482
2024-01-21 16:37:51,0.137298107147,43743,1.27250480652
2024-01-21 16:37:53,0.133953809738,48702,1.39889597893
2024-01-21 16:37:54,0.126406908035,43896,1.34986400604
2024-01-21 16:37:56,0.166995048523,44856,1.28910112381
2024-01-21 16:37:57,0.124165058136,45189,1.27220797539
2024-01-21 16:37:58,0.214010953903,45237,1.28982615471
2024-01-21 16:38:00,0.156382083893,45126,1.23286795616
2024-01-21 16:38:01,0.178620815277,46302,1.25506019592
2024-01-21 16:38:03,0.150552988052,45999,1.24131202698
2024-01-21 16:38:04,0.163088083267,45504,1.48031497002
2024-01-21 16:38:06,0.145260810852,43455,1.34768104553
2024-01-21 16:38:07,0.222767114639,43746,1.40477180481
2024-01-21 16:38:09,0.192080974579,43587,1.30583310127
2024-01-21 16:38:10,0.136589050293,38679,1.25899100304
2024-01-21 16:38:12,0.160704851151,43680,1.32417297363
2024-01-21 16:38:13,0.173221826553,45249,1.30684995651
2024-01-21 16:38:15,0.144558191299,40764,1.14399719238
2024-01-21 16:38:16,0.1528840065,42660,1.11236691475
2024-01-21 16:38:17,0.135897874832,41610,1.15909910202
2024-01-21 16:38:19,0.119713068008,45879,1.2035241127
2024-01-21 16:38:20,0.167025089264,46977,1.29114484787
2024-01-21 16:38:21,0.137006998062,47013,1.28859806061
2024-01-21 16:38:23,0.145660877228,43260,1.27453398705
2024-01-21 16:38:24,0.134896993637,42075,1.21021819115
2024-01-21 16:38:26,0.141768932343,41217,1.19158983231
2024-01-21 16:38:27,0.174052000046,48234,1.32748889923
2024-01-21 16:38:28,0.204550027847,43881,1.21589803696
2024-01-21 16:38:30,0.137084960938,44049,1.28658509254
2024-01-21 16:38:31,0.211575984955,45120,1.21918487549
2024-01-21 16:38:33,0.126946926117,44061,1.34123086929
2024-01-21 16:38:34,0.15548992157,44184,1.27412700653
2024-01-21 16:38:36,0.14598107338,45030,1.3502240181
2024-01-21 16:38:37,0.161281108856,44460,1.24884414673
2024-01-21 16:38:39,0.149674892426,43560,1.22859191895
2024-01-21 16:38:40,0.169904947281,42237,1.17578983307
2024-01-21 16:38:41,0.122844934464,43755,1.33089399338
2024-01-21 16:38:43,0.1755900383,43515,1.32269906998
2024-01-21 16:38:44,0.140112876892,43173,1.2529540062
2024-01-21 16:38:46,0.149304866791,43005,1.12412905693
2024-01-21 16:38:47,0.155497074127,41361,1.27394604683
2024-01-21 16:38:48,0.231019020081,45750,1.20710492134
2024-01-21 16:38:50,0.188217878342,45801,1.28199195862
2024-01-21 16:38:51,0.162824869156,44616,1.22988295555
2024-01-21 16:38:53,0.186062097549,42816,1.17976093292
2024-01-21 16:38:54,0.131708860397,45090,1.31846499443
2024-01-21 16:38:55,0.149752140045,45714,1.22777295113
2024-01-21 16:38:57,0.139974117279,46302,1.28640007973
2024-01-21 16:38:58,0.157011985779,39678,1.12443709373
2024-01-21 16:38:59,0.164155960083,41088,1.1825428009
2024-01-21 16:39:01,0.150107860565,41199,1.22365498543
2024-01-21 16:39:02,0.140429019928,42639,1.18846678734
2024-01-21 16:39:04,0.142678976059,43293,1.28061294556
2024-01-21 16:39:05,0.117578029633,43494,1.3212120533
2024-01-21 16:39:06,0.14448094368,42804,1.2462618351
2024-01-21 16:39:08,0.139595031738,42867,1.20295405388
2024-01-21 16:39:09,0.196146011353,41586,1.13152003288
2024-01-21 16:39:10,0.165570020676,41877,1.18995904922
2024-01-21 16:39:12,0.156959056854,43293,1.28653383255
2024-01-21 16:39:13,0.166030883789,42123,1.19251704216
2024-01-21 16:39:15,0.156470060349,41808,1.14187097549
2024-01-21 16:39:16,0.171371936798,41931,1.17340493202
2024-01-21 16:39:17,0.14209985733,41487,1.23811912537
2024-01-21 16:39:19,0.126579999924,42924,1.18735003471
2024-01-21 16:39:20,0.141664028168,42420,1.23824501038
2024-01-21 16:39:21,0.168001890182,45438,1.30763196945
2024-01-21 16:39:23,0.152825117111,44871,1.24930000305
2024-01-21 16:39:24,0.152695894241,43998,1.31398296356
2024-01-21 16:39:26,0.114951133728,44097,1.27336502075
2024-01-21 16:39:27,0.144680023193,44631,1.32689213753
2024-01-21 16:39:29,0.151803970337,44205,1.21153402328
2024-01-21 16:39:30,0.140654087067,43398,1.2200448513
2024-01-21 16:39:31,0.142245054245,44154,1.30450391769
2024-01-21 16:39:33,0.20218205452,44784,1.32053399086
2024-01-21 16:39:34,0.156955957413,44814,1.28997993469
2024-01-21 16:39:36,0.162438869476,71676,1.31121206284
2024-01-21 16:39:37,0.130771160126,72966,1.24189901352
2024-01-21 16:39:39,0.163462877274,65700,1.47180104256
2024-01-21 16:39:40,0.122256994247,71382,1.22801399231
2024-01-21 16:39:42,0.17948102951,67323,1.18684196472
2024-01-21 16:39:43,0.149217844009,64707,1.26660919189
2024-01-21 16:39:44,0.120152950287,70527,1.19938516617
2024-01-21 16:39:46,0.151035070419,54657,1.11895298958
2024-01-21 16:39:47,0.129726171494,45714,1.22657680511
2024-01-21 16:39:48,0.142843008041,48180,1.34630894661
2024-01-21 16:39:50,0.203677892685,43866,1.26448893547
2024-01-21 16:39:51,0.174386978149,48327,1.26661300659
2024-01-21 16:39:53,0.14857006073,49230,1.25443792343
2024-01-21 16:39:54,0.131000041962,50484,1.28371691704
2024-01-21 16:39:55,0.148660182953,50328,1.35664081573
2024-01-21 16:39:57,0.17804813385,48192,1.2665579319
2024-01-21 16:39:58,0.130628824234,49035,1.28922796249
2024-01-21 16:40:00,0.154098033905,49389,1.28620100021
2024-01-21 16:40:01,0.12554192543,49590,1.38962602615
2024-01-21 16:40:03,0.167510986328,48651,1.29651904106
2024-01-21 16:40:04,0.15808391571,49551,1.29636907578
2024-01-21 16:40:06,0.123046875,43383,1.2149939537
2024-01-21 16:40:07,0.12442612648,46926,1.32933616638
2024-01-21 16:40:09,0.162310123444,50838,1.30947399139
2024-01-21 16:40:10,0.17831492424,50706,1.29045987129
2024-01-21 16:40:11,0.121233940125,51027,1.29206800461
2024-01-21 16:40:13,0.146090984344,45444,1.16678595543
2024-01-21 16:40:14,0.127311944962,43575,1.27851986885
2024-01-21 16:40:16,0.138275146484,42165,1.11073493958
2024-01-21 16:40:17,0.152812957764,42438,1.07068300247
2024-01-21 16:40:18,0.162440061569,45924,1.27570295334
2024-01-21 16:40:20,0.138908147812,45648,1.32645201683
2024-01-21 16:40:21,0.155786991119,43488,1.18010902405
2024-01-21 16:40:22,0.132845163345,45384,1.21617698669
2024-01-21 16:40:24,0.117681980133,46110,1.21743297577
2024-01-21 16:40:25,0.179901123047,45900,1.23919796944
2024-01-21 16:40:26,0.127492189407,44019,1.21983098984
2024-01-21 16:40:28,0.146951913834,45855,1.21201992035
2024-01-21 16:40:29,0.136958122253,46452,1.20777702332
2024-01-21 16:40:30,0.130525827408,39180,1.18766093254
2024-01-21 16:40:32,0.145494937897,40776,1.11314487457
2024-01-21 16:40:33,0.137860059738,44079,1.23296308517
2024-01-21 16:40:34,0.135492086411,41802,1.14315700531
2024-01-21 16:40:36,0.157220125198,43920,1.27767395973
2024-01-21 16:40:37,0.221004009247,43782,1.19622206688
2024-01-21 16:40:39,0.115461111069,42045,1.1502559185
2024-01-21 16:40:40,0.136348962784,45924,1.45670318604
2024-01-21 16:40:41,0.124627113342,44436,1.15300512314
2024-01-21 16:40:43,0.140362977982,45273,1.24185299873
2024-01-21 16:40:44,0.129154920578,41556,1.20573019981
2024-01-21 16:40:45,0.124533891678,44991,1.283659935
2024-01-21 16:40:47,0.199340105057,44613,1.35063314438
2024-01-21 16:40:48,0.164042949677,47244,1.24888801575
2024-01-21 16:40:50,0.170247077942,45207,1.29122495651
2024-01-21 16:40:51,0.1419069767,45063,1.27326798439
2024-01-21 16:40:53,0.168938159943,45216,1.2743241787
2024-01-21 16:40:54,0.143732070923,45312,1.2778198719
2024-01-21 16:40:56,0.13623213768,41943,1.14965391159
2024-01-21 16:40:57,0.115224123001,40104,1.24777984619
2024-01-21 16:40:58,0.183435916901,41439,1.05170607567
2024-01-21 16:40:59,0.115180015564,41298,1.14381504059
2024-01-21 16:41:01,0.152449131012,38853,1.17623901367
2024-01-21 16:41:02,0.156084060669,39273,1.17431592941
2024-01-21 16:41:03,0.127581119537,41505,1.11611390114
2024-01-21 16:41:05,0.169252157211,45660,1.28620815277
2024-01-21 16:41:06,0.129633903503,47640,1.32976794243
2024-01-21 16:41:07,0.163898944855,44949,1.24299001694
2024-01-21 16:41:09,0.21083688736,34197,1.21364212036
2024-01-21 16:41:10,0.130959033966,36528,1.20754408836
2024-01-21 16:41:12,0.16030216217,34179,1.24337601662
2024-01-21 16:41:13,0.146553993225,39210,2.04529905319
2024-01-21 16:41:15,0.15018081665,38946,1.14608287811
2024-01-21 16:41:17,0.131947994232,38214,1.13885211945
2024-01-21 16:41:18,0.155973911285,32055,1.09582495689
2024-01-21 16:41:19,0.157136917114,31677,1.04846811295
2024-01-21 16:41:20,0.150089979172,31587,1.18531703949
2024-01-21 16:41:22,0.184241056442,40596,1.23182177544
2024-01-21 16:41:23,0.141336917877,36015,1.04920196533
2024-01-21 16:41:24,0.117165088654,36423,1.0087211132
2024-01-21 16:41:25,0.136108875275,37350,1.12811684608
2024-01-21 16:41:27,0.179193973541,39270,1.23497796059
2024-01-21 16:41:28,0.143842935562,39621,1.10918211937
2024-01-21 16:41:29,0.126089811325,39171,1.00164198875
2024-01-21 16:41:30,0.176119089127,37461,1.14489984512
2024-01-21 16:41:32,0.139117956161,38895,1.17899489403
2024-01-21 16:41:33,0.152334928513,39597,1.07625508308
2024-01-21 16:41:34,0.176966905594,39348,1.05783987045
2024-01-21 16:41:36,0.141025066376,36942,1.00225782394
2024-01-21 16:41:37,0.166187047958,35499,1.03986597061
2024-01-21 16:41:38,0.159207820892,34650,1.15470409393
2024-01-21 16:41:39,0.17488694191,35076,1.04694890976
2024-01-21 16:41:40,0.220202922821,32235,1.14459705353
2024-01-21 16:51:22,0.198531866074,38925,1.23723888397
2024-01-21 16:51:23,0.138581037521,37752,1.17122793198
2024-01-21 16:51:25,0.151041030884,37752,1.17799496651
2024-01-21 16:51:26,0.138596057892,39012,1.1921339035
2024-01-21 16:51:27,0.145692110062,38541,1.24281692505
2024-01-21 16:51:29,0.17586183548,38067,1.20042800903
2024-01-21 16:51:30,0.166749000549,38511,1.1632540226
2024-01-21 16:51:31,0.157922029495,33819,1.22480583191
2024-01-21 16:51:33,0.160645008087,35022,1.17852592468
2024-01-21 16:51:34,0.177895069122,35517,1.21262598038
2024-01-21 16:51:36,0.140279054642,33855,1.23099017143
2024-01-21 16:51:37,0.184085130692,34593,1.22969007492
2024-01-21 16:51:38,0.166748046875,36225,1.17835402489
2024-01-21 16:51:40,0.119923114777,38946,1.16692900658
2024-01-21 16:51:41,0.18918800354,39378,1.1041431427
2024-01-21 16:51:42,0.138950109482,39273,1.14722394943
2024-01-21 16:51:44,0.168925046921,30327,1.25221896172
2024-01-21 16:51:45,0.185120105743,36063,1.14312791824
2024-01-21 16:51:46,0.18556189537,35499,1.23117589951
2024-01-21 16:51:48,0.117650032043,37722,1.17172217369
2024-01-21 16:51:49,0.145569086075,38709,1.22413396835
2024-01-21 16:51:50,0.152014017105,39699,1.11561489105
2024-01-21 16:51:52,0.138075828552,39114,1.22736310959
2024-01-21 16:51:53,0.116881132126,37356,1.22327208519
2024-01-21 16:51:54,0.190656900406,38412,1.27761101723
2024-01-21 16:51:56,0.141546010971,39420,1.24115085602
2024-01-21 16:51:57,0.143963098526,32058,1.09829998016
2024-01-21 16:51:58,0.113194942474,32361,1.01835393906
2024-01-21 16:52:00,0.1714220047,36360,1.15353608131
2024-01-21 16:52:01,0.120123147964,34710,1.23621416092
2024-01-21 16:52:02,0.129849910736,26106,1.1004178524
2024-01-21 16:52:04,0.137845993042,39384,1.05636310577
2024-01-21 16:52:05,0.186872005463,26031,0.964851856232
2024-01-21 16:52:06,0.143134117126,28296,0.961972951889
2024-01-21 16:52:07,0.165924787521,32559,1.14398789406
2024-01-21 16:52:08,0.155868053436,33666,1.08203196526
2024-01-21 16:52:10,0.14343214035,34284,1.05475902557
2024-01-21 16:52:11,0.133587121964,34479,1.0109140873
2024-01-21 16:52:12,0.141834020615,31956,0.95947098732
2024-01-21 16:52:13,0.134932994843,32274,0.946572065353
2024-01-21 16:52:14,0.158508062363,35691,1.03193497658
2024-01-21 16:52:15,0.165531158447,34851,1.06976318359
2024-01-21 16:52:16,0.159612894058,34959,1.06114220619
2024-01-21 16:52:18,0.119550943375,36048,0.985868930817
2024-01-21 16:52:19,0.163792133331,32232,1.04207396507
2024-01-21 16:52:20,0.156876087189,35544,1.02273917198
2024-01-21 16:52:21,0.17754483223,34761,1.04752802849
2024-01-21 16:52:22,0.150032043457,35346,1.03389191628
2024-01-21 16:52:24,0.164772033691,36057,1.03607010841
2024-01-21 16:52:25,0.163156032562,36639,1.06763887405
2024-01-21 16:52:26,0.142590999603,35049,1.09424114227
2024-01-21 16:52:27,0.14143705368,36291,1.07565808296
2024-01-21 16:52:28,0.123771905899,36561,1.02250504494
2024-01-21 16:52:30,0.177855968475,32328,0.950613975525
2024-01-21 16:52:31,0.174727916718,35544,0.974505186081
2024-01-21 16:52:32,0.125638961792,32622,0.983561992645
2024-01-21 16:52:33,0.118962049484,32568,1.07184696198
2024-01-21 16:52:34,0.13246512413,33471,0.989556074142
2024-01-21 16:52:35,0.136739015579,33201,1.03152489662
2024-01-21 16:52:36,0.154102087021,33546,1.05251312256
2024-01-21 16:52:38,0.130565166473,33921,1.21264100075
2024-01-21 16:52:39,0.135681867599,33318,1.04201793671
2024-01-21 16:52:40,0.157702922821,34644,1.20355010033
2024-01-21 16:52:42,0.194398164749,34770,1.00793910027
2024-01-21 16:52:43,0.169996976852,35349,1.09038114548
2024-01-21 16:52:44,0.173293113708,35769,1.08197212219
2024-01-21 16:52:45,0.149965047836,41433,1.05001211166
2024-01-21 16:52:47,0.119314908981,34176,1.05993700027
2024-01-21 16:52:48,0.139354944229,34611,1.07542681694
2024-01-21 16:52:49,0.125119924545,34566,1.10520911217
2024-01-21 16:52:50,0.15917301178,34605,1.00834703445
2024-01-21 16:52:51,0.126123905182,35277,1.0471701622
2024-01-21 16:52:52,0.147284030914,35610,0.952058076859
2024-01-21 16:52:54,0.180998086929,35307,0.986553907394
2024-01-21 16:52:55,0.114660024643,34980,1.09340310097
2024-01-21 16:52:56,0.158087015152,35664,1.04275393486
2024-01-21 16:52:57,0.156174898148,35511,1.11448097229
2024-01-21 16:52:58,0.188189029694,36075,1.03370881081
2024-01-21 16:53:00,0.164458990097,35400,1.16171193123
2024-01-21 16:53:01,0.135166883469,35430,1.10024905205
2024-01-21 16:53:02,0.159267902374,35418,0.966753005981
2024-01-21 16:53:03,0.116746902466,35619,1.0094230175
2024-01-21 16:53:04,0.121711969376,36306,1.03246712685
2024-01-21 16:53:06,0.135060071945,35235,1.08218407631
2024-01-21 16:53:07,0.148362874985,35427,1.05471301079
2024-01-21 16:53:08,0.146852016449,34254,1.04877305031
2024-01-21 16:53:09,0.150120973587,35415,1.1322259903
2024-01-21 16:53:11,0.154434919357,35466,1.15838694572
2024-01-21 16:53:12,0.15293598175,34371,1.10929512978
2024-01-21 16:53:13,0.145638942719,33429,1.07329082489
2024-01-21 16:53:14,0.187715053558,34656,0.974263191223
2024-01-21 16:53:15,0.161565065384,34923,1.03704595566
2024-01-21 16:53:17,0.16295003891,34503,1.00074505806
2024-01-21 16:53:18,0.195329189301,33648,1.13831281662
2024-01-21 16:53:19,0.162705898285,36228,1.05596113205
2024-01-21 16:53:20,0.141317129135,38160,0.983805894852
2024-01-21 16:53:22,0.195810079575,38457,1.01683616638
2024-01-21 16:53:23,0.164794921875,36378,1.06791901588
2024-01-21 16:53:24,0.14595913887,36645,1.10459399223
2024-01-21 16:53:25,0.158759117126,36981,1.1420481205
2024-01-21 16:53:27,0.126600980759,36765,1.1381688118
2024-01-21 16:53:28,0.148675918579,35220,1.03797912598
2024-01-21 16:53:29,0.142586946487,35694,1.04675793648
2024-01-21 16:53:30,0.115792989731,35985,1.06382608414
2024-01-21 16:53:31,0.133278131485,35781,1.10477399826
2024-01-21 16:53:33,0.149473905563,36216,1.0783290863
2024-01-21 16:53:34,0.153829097748,36006,1.22313594818
2024-01-21 16:53:35,0.12410902977,35604,1.31431293488
2024-01-21 16:53:37,0.135985136032,36798,1.37162303925
2024-01-21 16:53:38,0.142701864243,35391,1.72986507416
2024-01-21 16:53:40,0.134123086929,34914,1.23160600662
2024-01-21 16:53:41,0.132379055023,37077,1.20417499542
2024-01-21 16:53:43,0.150321960449,34536,1.07810783386
2024-01-21 16:53:44,0.13445186615,35607,1.22218608856
2024-01-21 16:53:45,0.163719892502,35331,1.64931893349
2024-01-21 16:53:47,0.146893978119,35625,1.15498709679
2024-01-21 16:53:48,0.126003980637,38106,1.00718021393
2024-01-21 16:53:50,0.157510995865,37578,0.992256879807
2024-01-21 16:53:51,0.134125947952,36558,1.02870893478
2024-01-21 16:53:52,0.137630939484,36663,1.07634806633
2024-01-21 16:53:53,0.178869009018,36495,1.01705598831
2024-01-21 16:53:54,0.183135032654,34800,1.04632687569
2024-01-21 16:53:55,0.125823974609,34335,1.06769490242
2024-01-21 16:53:57,0.137035131454,34689,1.2345020771
2024-01-21 16:53:58,0.183310031891,35133,1.0729598999
2024-01-21 16:53:59,0.155478954315,37206,1.04818606377
2024-01-21 16:54:01,0.129055023193,37347,1.00197696686
2024-01-21 16:54:02,0.163386106491,37467,1.02495622635
2024-01-21 16:54:03,0.146442890167,36828,1.08429288864
2024-01-21 16:54:04,0.142498970032,34140,1.04644203186
2024-01-21 16:54:05,0.139894008636,33096,0.979268074036
2024-01-21 16:54:06,0.219722986221,34230,0.983118057251
2024-01-21 16:54:08,0.131639003754,35556,1.03683114052
2024-01-21 16:54:09,0.146507024765,38067,1.03730106354
2024-01-21 16:54:10,0.141258955002,36945,1.06740498543
2024-01-21 16:54:11,0.130789041519,34326,1.13595199585
2024-01-21 16:54:12,0.128379821777,34089,1.07432889938
2024-01-21 16:54:14,0.127298116684,34296,1.10088896751
2024-01-21 16:54:15,0.163867950439,34506,1.04280209541
2024-01-21 16:54:16,0.212601900101,33891,1.03946805
2024-01-21 16:54:17,0.161983966827,34836,1.18045592308
2024-01-21 16:54:19,0.15901017189,35088,1.08041501045
2024-01-21 16:54:20,0.119359970093,34884,1.04953980446
2024-01-21 16:54:21,0.183312892914,34263,1.14697408676
2024-01-21 16:54:22,0.138875007629,34017,0.999160051346
2024-01-21 16:54:24,0.146297931671,36756,1.06118798256
2024-01-21 16:54:25,0.137068986893,35046,1.13128590584
2024-01-21 16:54:26,0.14924788475,35040,1.08922696114
2024-01-21 16:54:27,0.126513957977,32562,1.04192996025
2024-01-21 16:54:28,0.190044164658,34461,1.00769996643
2024-01-21 16:54:30,0.214167118073,33441,0.96182513237
2024-01-21 16:54:31,0.135776042938,33903,1.05795288086
2024-01-21 16:54:32,0.123705863953,35715,1.00253105164
2024-01-21 16:54:33,0.151474952698,39273,1.16137814522
2024-01-21 16:54:34,0.189713001251,39324,1.05278611183
2024-01-21 16:54:36,0.135830879211,38682,1.08527898788
2024-01-21 16:54:37,0.126507997513,37764,1.16071820259
2024-01-21 16:54:38,0.146276950836,35223,0.986588001251
2024-01-21 16:54:39,0.181257963181,35388,1.13809108734
2024-01-21 16:54:41,0.152647972107,36330,1.0914978981
2024-01-21 16:54:42,0.180106878281,38361,1.01201701164
2024-01-21 16:54:43,0.187159061432,41478,1.06348991394
2024-01-21 16:54:44,0.134916067123,37344,1.20244884491
2024-01-21 16:54:46,0.142700195312,38043,1.05688595772
2024-01-21 16:54:47,0.182708024979,38085,1.03492617607
2024-01-21 16:54:48,0.155958890915,37527,1.07239603996
2024-01-21 16:54:49,0.148927927017,35790,1.1781539917
2024-01-21 16:54:51,0.153815984726,36603,1.23855304718
2024-01-21 16:54:52,0.160254001617,35961,1.17660284042
2024-01-21 16:54:53,0.175104856491,35466,1.09531402588
2024-01-21 16:54:55,0.150488138199,35961,1.18035411835
2024-01-21 16:54:56,0.170584917068,36291,1.07649207115
2024-01-21 16:54:57,0.170917034149,36267,1.09704589844
2024-01-21 16:54:58,0.150661945343,36297,1.06179690361
2024-01-21 16:55:00,0.146489143372,36138,1.10966706276
2024-01-21 16:55:01,0.181859016418,35754,1.10324978828
2024-01-21 16:55:02,0.123517036438,36141,1.02818799019
2024-01-21 16:55:03,0.151304006577,36000,1.15486001968
2024-01-21 16:55:05,0.185338020325,38691,1.16491413116
2024-01-21 16:55:06,0.146142959595,37845,1.13734912872
2024-01-21 16:55:07,0.150760173798,36828,1.09602189064
2024-01-21 16:55:09,0.150870084763,35661,1.11983585358
2024-01-21 16:55:10,0.163362026215,35964,1.02859401703
2024-01-21 16:55:11,0.116936206818,36696,1.22066807747
2024-01-21 16:55:12,0.15017580986,36099,1.13574695587
2024-01-21 16:55:14,0.142956018448,34503,1.0444920063
2024-01-21 16:55:15,0.155920028687,36825,0.977449178696
2024-01-21 16:55:16,0.172787904739,37380,1.11678814888
2024-01-21 16:55:17,0.173739910126,36480,1.09355306625
2024-01-21 16:55:19,0.142028093338,37419,1.13974785805
2024-01-21 16:55:20,0.131011962891,36666,1.16820287704
2024-01-21 16:55:21,0.156975030899,37512,1.1092338562
2024-01-21 16:55:22,0.157676935196,36360,1.02527594566
2024-01-21 16:55:24,0.15953707695,37002,1.10752797127
2024-01-21 16:55:25,0.141349077225,36675,1.0745279789
2024-01-21 16:55:26,0.12008190155,36225,1.01148796082
2024-01-21 16:55:27,0.122386932373,36639,1.06895685196
2024-01-21 16:55:28,0.128576993942,37371,1.11223101616
2024-01-21 16:55:30,0.126736879349,37509,1.03360104561
2024-01-21 16:55:31,0.161343097687,37203,1.09779286385
2024-01-21 16:55:32,0.153563022614,36612,1.23239278793
2024-01-21 16:55:33,0.144771814346,37884,1.09347891808
2024-01-21 16:55:35,0.161437988281,35217,1.05810499191
2024-01-21 16:55:36,0.139586210251,35226,1.02436304092
2024-01-21 16:55:37,0.130551099777,36465,1.03741598129
2024-01-21 16:55:38,0.172518968582,38550,1.05284309387
2024-01-21 16:55:39,0.133139133453,38148,1.12795901299
2024-01-21 16:55:41,0.169331073761,37701,1.09605002403
2024-01-21 16:55:42,0.208943843842,37731,1.07368302345
2024-01-21 16:55:43,0.167315006256,43797,1.15623497963
2024-01-21 16:55:45,0.121995925903,43266,1.1907749176
2024-01-21 16:55:46,0.143750905991,42159,1.08940911293
2024-01-21 16:55:47,0.17276597023,37377,1.01105093956
2024-01-21 16:55:48,0.176088809967,34464,1.01411700249
2024-01-21 16:55:49,0.151375055313,34785,1.0718691349
2024-01-21 16:55:51,0.173842906952,34494,0.997748851776
2024-01-21 16:55:52,0.155025005341,37965,1.03306102753
2024-01-21 16:55:53,0.165645122528,37053,1.09058094025
2024-01-21 16:55:54,0.212501049042,36219,1.1413230896
2024-01-21 16:55:56,0.129296064377,37008,1.03895807266
2024-01-21 16:55:57,0.13476395607,37065,1.00506591797
2024-01-21 16:55:58,0.145274877548,36966,1.00907993317
2024-01-21 16:55:59,0.189157962799,35061,1.03674817085
2024-01-21 16:56:00,0.138119935989,36438,1.08213210106
2024-01-21 16:56:02,0.154440164566,35961,1.07652401924
2024-01-21 16:56:03,0.156850099564,36189,1.24746894836
2024-01-21 16:56:04,0.115299940109,35970,1.20306396484
2024-01-21 16:56:06,0.140373945236,36555,1.20153403282
2024-01-21 16:56:07,0.119099855423,35523,1.86054801941
2024-01-21 16:56:09,0.13637304306,36363,1.08203315735
2024-01-21 16:56:10,0.115015029907,35847,1.11448788643
2024-01-21 16:56:11,0.140598058701,36495,1.01705121994
2024-01-21 16:56:12,0.12806892395,36159,1.0040140152
2024-01-21 16:56:14,0.156690835953,35868,1.08705401421
2024-01-21 16:56:15,0.152312994003,37455,1.05925393105
2024-01-21 16:56:16,0.162734985352,37521,1.08764910698
2024-01-21 16:56:17,0.11866402626,36591,1.09583282471
2024-01-21 16:56:19,0.17073392868,36558,1.04794096947
2024-01-21 16:56:20,0.15300989151,36105,1.01844596863
2024-01-21 16:56:21,0.182275772095,36168,1.06517791748
2024-01-21 16:56:22,0.162004947662,36147,1.09818792343
2024-01-21 16:56:23,0.160375118256,35967,1.1604449749
2024-01-21 16:56:25,0.179632902145,37908,1.10174489021
2024-01-21 16:56:26,0.151957035065,37668,1.09111499786
2024-01-21 16:56:27,0.139001131058,37932,1.12478590012
2024-01-21 16:56:29,0.154753923416,37197,1.04370808601
2024-01-21 16:56:30,0.213222026825,37557,1.13898181915
2024-01-21 16:56:31,0.156188011169,37458,1.18285012245
2024-01-21 16:56:32,0.130230903625,38412,1.19221401215
2024-01-21 16:56:34,0.138392925262,37593,1.22114706039
2024-01-21 16:56:35,0.150703191757,36630,1.08004307747
2024-01-21 16:56:36,0.182770967484,36531,0.996332883835
2024-01-21 16:56:38,0.154435157776,36459,1.09166193008
2024-01-21 16:56:39,0.153281211853,37284,1.17057609558
2024-01-21 16:56:40,0.131121873856,37887,1.16035795212
2024-01-21 16:56:41,0.19259595871,37974,1.17546892166
2024-01-21 16:56:43,0.226450920105,34767,1.12239599228
2024-01-21 16:56:44,0.154042005539,35022,1.07364010811
2024-01-21 16:56:45,0.120417833328,35844,1.14697408676
2024-01-21 16:56:47,0.152681112289,37098,1.06402492523
2024-01-21 16:56:48,0.135823965073,37293,1.15121293068
2024-01-21 16:56:49,0.147279977798,37491,1.09122204781
2024-01-21 16:56:50,0.139666080475,37731,1.15175294876
2024-01-21 16:56:52,0.117033004761,37158,1.07874417305
2024-01-21 16:56:53,0.117412090302,36999,1.09917616844
2024-01-21 16:56:54,0.134109973907,37923,1.11656594276
2024-01-21 16:56:55,0.124268054962,37992,1.12520599365
2024-01-21 16:56:57,0.129682779312,34599,1.07608914375
2024-01-21 16:56:58,0.189994812012,34653,1.18794298172
2024-01-21 16:56:59,0.145656824112,36204,1.03636884689
2024-01-21 16:57:00,0.132681131363,37863,1.11226415634
2024-01-21 16:57:02,0.115040063858,37404,1.19472289085
2024-01-21 16:57:03,0.158890008926,37200,1.05913496017
2024-01-21 16:57:04,0.139724969864,34788,1.18831706047
2024-01-21 16:57:05,0.128015041351,34905,1.04960799217
2024-01-21 16:57:07,0.179304122925,35532,1.10235118866
2024-01-21 16:57:08,0.133204936981,35910,1.05068898201
2024-01-21 16:57:09,0.145508050919,35712,1.09736204147
2024-01-21 16:57:10,0.133993148804,35874,1.26409602165
2024-01-21 16:57:12,0.134500980377,40191,1.20970416069
2024-01-21 16:57:13,0.150666952133,40815,1.12766289711
2024-01-21 16:57:14,0.140258073807,37083,1.05101704597
2024-01-21 16:57:16,0.15615105629,37881,1.01800084114
2024-01-21 16:57:17,0.161267995834,37266,1.02618908882
2024-01-21 16:57:18,0.140249013901,37719,1.09840583801
2024-01-21 16:57:19,0.154315948486,35565,1.05670213699
2024-01-21 16:57:20,0.22075009346,35916,1.12792897224
2024-01-21 16:57:22,0.122450113297,36012,1.04445314407
2024-01-21 16:57:23,0.17507314682,35646,1.14685893059
2024-01-21 16:57:24,0.12658405304,36021,1.03012490273
2024-01-21 16:57:25,0.139512062073,35655,1.01568317413
2024-01-21 16:57:26,0.147799015045,36267,1.10298109055
2024-01-21 16:57:28,0.127028942108,36597,1.08266496658
2024-01-21 16:57:29,0.15078496933,36192,1.06155800819
2024-01-21 16:57:30,0.136748075485,36546,1.10192704201
2024-01-21 16:57:31,0.162329912186,36432,0.996050834656
2024-01-21 16:57:33,0.137562990189,35913,1.04468798637
2024-01-21 16:57:34,0.155910015106,36954,1.02265405655
2024-01-21 16:57:35,0.162068128586,36705,1.10996103287
2024-01-21 16:57:36,0.189483880997,38505,1.22282195091
2024-01-21 16:57:38,0.17625784874,36921,1.01747202873
2024-01-21 16:57:39,0.18115401268,35241,1.09753894806
2024-01-21 16:57:40,0.170379161835,35517,1.16983699799
2024-01-21 16:57:41,0.139070987701,35310,1.05831408501
2024-01-21 16:57:43,0.138982057571,35292,1.07723879814
2024-01-21 16:57:44,0.126687049866,38391,1.14043402672
2024-01-21 16:57:45,0.127137899399,35319,1.04463195801
2024-01-21 16:57:46,0.158408880234,35289,1.04550790787
2024-01-21 16:57:47,0.165477991104,35649,1.01100897789
2024-01-21 16:57:49,0.176015138626,37281,1.14915513992
2024-01-21 16:57:50,0.175456047058,38334,1.06467795372
2024-01-21 16:57:51,0.1320271492,38868,1.18304109573
2024-01-21 16:57:53,0.123347997665,38172,1.14481210709
2024-01-21 16:57:54,0.145566940308,38094,1.14293193817
2024-01-21 16:57:55,0.161009073257,37722,1.06764507294
2024-01-21 16:57:56,0.137976884842,36903,1.18181300163
2024-01-21 16:57:58,0.159368038177,37002,1.02386212349
2024-01-21 16:57:59,0.154508113861,38019,1.19252085686
2024-01-21 16:58:00,0.144222021103,40032,1.05412101746
2024-01-21 16:58:01,0.139633893967,41031,1.05358982086
2024-01-21 16:58:03,0.146543979645,40893,1.03310704231
2024-01-21 16:58:04,0.131119966507,38769,1.20533394814
2024-01-21 16:58:05,0.127660036087,36861,1.1156668663
2024-01-21 16:58:06,0.120254039764,38718,1.15177202225
2024-01-21 16:58:08,0.142132997513,36480,1.16502690315
2024-01-21 16:58:09,0.156399011612,37197,1.00532197952
2024-01-21 16:58:10,0.159409046173,37479,1.13347387314
2024-01-21 16:58:11,0.172500133514,38349,1.12199091911
2024-01-21 16:58:13,0.16902089119,41166,1.01857805252
2024-01-21 16:58:14,0.128818035126,38049,1.14899897575
2024-01-21 16:58:15,0.168241977692,37992,1.01171398163
2024-01-21 16:58:16,0.17564201355,38136,1.19793391228
2024-01-21 16:58:18,0.127157926559,40137,1.0602710247
2024-01-21 16:58:19,0.135812997818,38115,1.1663517952
2024-01-21 16:58:20,0.15398812294,38526,1.14793205261
2024-01-21 16:58:21,0.127799034119,38466,1.13855791092
2024-01-21 16:58:23,0.131572961807,38145,5.08788204193
2024-01-21 16:58:28,0.139156103134,39093,1.1244559288
2024-01-21 16:58:29,0.233777999878,38979,5.28238010406
2024-01-21 16:58:35,0.124963998795,38478,1.22631502151
2024-01-21 16:58:36,0.135834932327,39528,1.86824393272
2024-01-21 16:58:38,0.130739927292,40122,1.09798908234
2024-01-21 16:58:39,0.168755054474,39576,1.06041193008
2024-01-21 16:58:41,0.142958879471,40155,1.05025100708
2024-01-21 16:58:42,0.145751953125,40110,1.16591405869
2024-01-21 16:58:43,0.164445877075,40818,1.10649013519
2024-01-21 16:58:44,0.165400981903,39831,1.22831320763
2024-01-21 16:58:46,0.151809930801,39867,1.16241502762
2024-01-21 16:58:47,0.18779706955,40629,1.20869088173
2024-01-21 16:58:48,0.125008106232,40395,1.41050100327
2024-01-21 16:58:50,0.148211956024,40059,1.22462010384
2024-01-21 16:58:51,0.176560163498,38778,1.33182096481
2024-01-21 16:58:53,0.164541959763,40782,1.16842508316
2024-01-21 16:58:54,0.134989023209,40650,1.18734288216
2024-01-21 16:58:56,0.163483142853,39687,1.13214612007
2024-01-21 16:58:57,0.158548116684,39018,1.06040787697
2024-01-21 16:58:58,0.125334978104,40137,1.20936989784
2024-01-21 16:58:59,0.142239093781,39642,1.25512814522
2024-01-21 16:59:01,0.143687963486,39612,1.10429406166
2024-01-21 16:59:02,0.155894994736,39504,1.29682087898
2024-01-21 16:59:03,0.152834892273,40653,1.17691612244
2024-01-21 16:59:05,0.155519008636,40737,1.18655395508
2024-01-21 16:59:06,0.167448997498,41007,1.1180100441
2024-01-21 16:59:07,0.124920129776,41226,1.24970912933
2024-01-21 16:59:09,0.158175230026,38670,1.06754398346
2024-01-21 16:59:10,0.124796152115,38901,1.20813417435
2024-01-21 16:59:11,0.144572019577,38229,1.15320396423
2024-01-21 16:59:13,0.134382963181,38964,1.24845385551
2024-01-21 16:59:14,0.139435052872,39468,1.10622406006
2024-01-21 16:59:15,0.16860294342,39591,1.25150799751
2024-01-21 16:59:17,0.198091030121,39597,1.23141407967
2024-01-21 16:59:18,0.169597864151,41610,1.14059090614
2024-01-21 16:59:19,0.129366159439,47328,1.24249005318
2024-01-21 16:59:21,0.211629152298,41379,1.30269503593
2024-01-21 16:59:22,0.16615319252,40554,1.10012292862
2024-01-21 16:59:24,0.142071008682,39996,1.10301589966
2024-01-21 16:59:25,0.129953145981,40122,1.21801805496
2024-01-21 16:59:26,0.145308017731,40506,1.10391402245
2024-01-21 16:59:27,0.132802963257,40794,1.17779994011
2024-01-21 16:59:29,0.143797159195,40599,1.20372200012
2024-01-21 16:59:30,0.136561155319,40548,1.12962508202
2024-01-21 16:59:31,0.138972997665,41157,1.2241601944
2024-01-21 16:59:33,0.143326997757,41796,1.11105084419
2024-01-21 16:59:34,0.135675907135,41058,1.13129615784
2024-01-21 16:59:35,0.135405063629,40605,1.01891708374
2024-01-21 16:59:36,0.125175952911,40398,1.04112291336
2024-01-21 16:59:38,0.12366604805,41757,1.113489151
2024-01-21 16:59:39,0.133761882782,41004,1.12000799179
2024-01-21 16:59:40,0.130810976028,40350,1.22021508217
2024-01-21 16:59:41,0.178916931152,40356,1.1084690094
2024-01-21 16:59:43,0.144623994827,40725,1.13847517967
2024-01-21 16:59:44,0.160079956055,41106,1.23129796982
2024-01-21 16:59:45,0.117161035538,40554,1.27932691574
2024-01-21 16:59:47,0.139439105988,41967,1.15630316734
2024-01-21 16:59:48,0.119037151337,40218,1.13953399658
2024-01-21 16:59:49,0.185032844543,40977,1.13451313972
2024-01-21 16:59:51,0.152484893799,40971,1.19518089294
2024-01-21 16:59:52,0.129668951035,41859,1.15126299858
2024-01-21 16:59:53,0.141498088837,42402,1.12422704697
2024-01-21 16:59:55,0.164006948471,40776,1.07270503044
2024-01-21 16:59:56,0.157597064972,41430,1.22397089005
2024-01-21 16:59:57,0.121608018875,41799,1.13434386253
2024-01-21 16:59:58,0.130335092545,40257,1.06323981285
2024-01-21 17:00:00,0.134776830673,39978,1.07093596458
2024-01-21 17:00:01,0.127772808075,39774,1.21150803566
2024-01-21 17:00:02,0.162498950958,41397,1.2010538578
2024-01-21 17:00:04,0.145280838013,41376,1.03790903091
2024-01-21 17:00:05,0.162713050842,40683,1.06653213501
2024-01-21 17:00:06,0.146008968353,39996,1.05867910385
2024-01-21 17:00:07,0.173147916794,40185,1.16825294495
2024-01-21 17:00:08,0.159712076187,40308,1.20882081985
2024-01-21 17:00:10,0.15628695488,41232,1.27195906639
2024-01-21 17:00:11,0.185214996338,40557,1.1624879837
2024-01-21 17:00:13,0.146420955658,40755,1.22109603882
2024-01-21 17:00:14,0.146688222885,40698,1.14631009102
2024-01-21 17:00:15,0.115439891815,40731,1.10384297371
2024-01-21 17:00:17,0.165242910385,40980,1.19534492493
2024-01-21 17:00:18,0.13812994957,41508,1.09753608704
2024-01-21 17:00:19,0.221302032471,42096,1.13722681999
2024-01-21 17:00:20,0.139127016068,42048,1.22509121895
2024-01-21 17:00:22,0.161022186279,41169,1.06888914108
2024-01-21 17:00:23,0.143485069275,42282,1.15140795708
2024-01-21 17:00:24,0.178588151932,43707,1.23792004585
2024-01-21 17:00:26,0.153553009033,42759,1.10226488113
2024-01-21 17:00:27,0.159214019775,41328,1.16044306755
2024-01-21 17:00:28,0.144382953644,40929,1.26901197433
2024-01-21 17:00:30,0.137799024582,40467,1.23190593719
2024-01-21 17:00:31,0.129884958267,41103,1.21199607849
2024-01-21 17:00:32,0.123200893402,41322,1.15004205704
2024-01-21 17:00:34,0.149796009064,42219,1.26790690422
2024-01-21 17:00:35,0.166970014572,42009,1.16179323196
2024-01-21 17:00:37,0.164759874344,41739,1.23050498962
2024-01-21 17:00:38,0.183919906616,40995,1.1758389473
2024-01-21 17:00:39,0.161553859711,40875,1.12100315094
2024-01-21 17:00:41,0.178210020065,41316,1.15205597878
2024-01-21 17:00:42,0.147025823593,42339,1.13896393776
2024-01-21 17:00:43,0.159720897675,41010,1.2044711113
2024-01-21 17:00:45,0.194248914719,41049,1.10743188858
2024-01-21 17:00:46,0.13224697113,41100,1.16477489471
2024-01-21 17:00:47,0.163401126862,42393,1.1948788166
2024-01-21 17:00:48,0.156128883362,41583,1.12453603745
2024-01-21 17:00:50,0.122275829315,42360,1.12694096565
2024-01-21 17:00:51,0.1777780056,42594,1.11154007912
2024-01-21 17:00:52,0.147349834442,41871,1.27139592171
2024-01-21 17:00:54,0.220412969589,41544,1.17434597015
2024-01-21 17:00:55,0.170830011368,41673,1.07008099556
2024-01-21 17:00:56,0.179730892181,42642,1.31894397736
2024-01-21 17:00:58,0.121412992477,43632,1.35894298553
2024-01-21 17:00:59,0.15274310112,42579,1.19466400146
2024-01-21 17:01:01,0.125971078873,42459,1.20553302765
2024-01-21 17:01:02,0.163421869278,42606,1.1812479496
2024-01-21 17:01:03,0.146955966949,45006,1.20658302307
2024-01-21 17:01:05,0.125256061554,43812,2.32988619804
2024-01-21 17:01:07,0.136081933975,43713,1.35624098778
2024-01-21 17:01:09,0.146144151688,43863,1.42590212822
2024-01-21 17:01:10,0.15723991394,43164,1.34501504898
2024-01-21 17:01:12,0.222823143005,43320,1.37280583382
2024-01-21 17:01:13,0.223747014999,43926,1.34252786636
2024-01-21 17:01:15,0.156102180481,43503,1.40410804749
2024-01-21 17:01:16,0.161479949951,47271,1.24345397949
2024-01-21 17:01:18,0.135502099991,44073,1.35391712189
2024-01-21 17:01:19,0.145182847977,43548,1.34239792824
2024-01-21 17:01:21,0.12780714035,44907,1.35350704193
2024-01-21 17:01:22,0.138908147812,43050,1.33033895493
2024-01-21 17:01:24,0.141545772552,43584,1.28087210655
2024-01-21 17:01:25,0.154627799988,43380,1.28764891624
2024-01-21 17:01:27,0.143254995346,44526,1.26503586769
2024-01-21 17:01:28,0.146286010742,44439,1.25076413155
2024-01-21 17:01:29,0.12874007225,44610,1.3040831089
2024-01-21 17:01:31,0.139847993851,43299,1.32433605194
2024-01-21 17:01:32,0.17275595665,45315,1.35771679878
2024-01-21 17:01:34,0.16375207901,44835,1.33193302155
2024-01-21 17:01:35,0.137065887451,46542,1.25044798851
2024-01-21 17:01:37,0.15650510788,54684,1.20802593231
2024-01-21 17:01:38,0.180336952209,53511,1.16621518135
2024-01-21 17:01:40,0.134031057358,53529,1.21064901352
2024-01-21 17:01:41,0.119858026505,45969,1.38696193695
2024-01-21 17:01:42,0.150126218796,42984,1.24502182007
2024-01-21 17:01:44,0.11510014534,44622,1.32179808617
2024-01-21 17:01:45,0.156883955002,45114,1.37605881691
2024-01-21 17:01:47,0.147235870361,43299,1.40207886696
2024-01-21 17:01:48,0.147321939468,43527,1.3771378994
2024-01-21 17:01:50,0.170552015305,44634,1.3229701519
2024-01-21 17:01:51,0.172011137009,42942,1.39901685715
2024-01-21 17:01:53,0.154560089111,43308,1.338545084
2024-01-21 17:01:54,0.16025018692,45153,1.31887793541
2024-01-21 17:01:56,0.18195605278,45216,1.35812711716
2024-01-21 17:01:57,0.117155075073,43851,1.35636520386
2024-01-21 17:01:59,0.169571876526,44562,1.36009311676
2024-01-21 17:02:00,0.180989027023,45204,1.43733000755
2024-01-21 17:02:02,0.216772079468,44094,1.17372202873
2024-01-21 17:02:03,0.16767001152,44292,1.17788600922
2024-01-21 17:02:05,0.138685941696,45207,1.27912402153
2024-01-21 17:02:06,0.134232997894,45342,1.33248996735
2024-01-21 17:02:08,0.135788917542,44319,1.302038908
2024-01-21 17:02:09,0.135110139847,45069,1.32279896736
2024-01-21 17:02:11,0.175822973251,42573,1.17014598846
2024-01-21 17:02:12,0.12852191925,42423,1.07642292976
2024-01-21 17:02:13,0.122405052185,43461,1.34643793106
2024-01-21 17:02:15,0.150601148605,42699,1.14106798172
2024-01-21 17:02:16,0.156341075897,44727,1.20398879051
2024-01-21 17:02:17,0.126344919205,54351,1.21519613266
2024-01-21 17:02:19,0.156424045563,54480,1.23801898956
2024-01-21 17:02:20,0.210304021835,49677,1.27095484734
2024-01-21 17:02:21,0.158788919449,45210,1.3119559288
2024-01-21 17:02:23,0.155318975449,45258,1.3439950943
2024-01-21 17:02:24,0.139324903488,46347,1.32602000237
2024-01-21 17:02:26,0.134386062622,45477,1.32117295265
2024-01-21 17:02:27,0.163408041,46656,1.41475892067
2024-01-21 17:02:29,0.152379989624,45108,1.33530306816
2024-01-21 17:02:30,0.139893054962,46968,1.33687591553
2024-01-21 17:02:32,0.127817869186,47136,1.23069596291
2024-01-21 17:02:33,0.135339021683,45483,1.3407561779
2024-01-21 17:02:35,0.125447034836,45663,1.32933092117
2024-01-21 17:02:36,0.135001897812,46875,1.34732913971
2024-01-21 17:02:38,0.160963058472,47805,1.2571849823
2024-01-21 17:02:39,0.172017812729,46257,1.25255894661
2024-01-21 17:02:40,0.140300035477,52506,1.28617310524
2024-01-21 17:02:42,0.120620965958,47403,1.41214895248
2024-01-21 17:02:43,0.169434070587,43395,1.37471604347
2024-01-21 17:02:45,0.136014223099,45753,1.40486097336
2024-01-21 17:02:47,0.148650169373,44895,1.31345915794
2024-01-21 17:02:48,0.171669960022,43404,1.32676887512
2024-01-21 17:02:49,0.185928821564,43044,1.27221608162
2024-01-21 17:02:51,0.141059875488,43227,1.32175087929
2024-01-21 17:02:52,0.139270067215,47913,1.17339301109
2024-01-21 17:02:54,0.158800840378,48972,1.23448705673
2024-01-21 17:02:55,0.151443004608,48765,1.18582081795
2024-01-21 17:02:56,0.178500890732,41757,1.27553701401
2024-01-21 17:02:58,0.136706113815,47838,1.20676994324
2024-01-21 17:02:59,0.178930044174,50037,1.30361795425
2024-01-21 17:03:01,0.146430015564,49461,1.24712610245
2024-01-21 17:03:02,0.153738021851,43635,1.2106449604
2024-01-21 17:03:03,0.13533616066,45027,1.40538907051
2024-01-21 17:03:05,0.147857904434,47643,1.30443000793
2024-01-21 17:03:06,0.126374006271,47238,1.47724914551
2024-01-21 17:03:08,0.192995071411,44112,1.25170993805
2024-01-21 17:03:10,0.134610176086,46107,1.4830789566
2024-01-21 17:03:11,0.120234012604,46467,1.39187312126
2024-01-21 17:03:13,0.188363075256,48600,1.34738492966
2024-01-21 17:03:14,0.151785135269,49317,1.34728312492
2024-01-21 17:03:16,0.151489019394,47442,1.44717216492
2024-01-21 17:03:17,0.151191949844,47256,1.35231494904
2024-01-21 17:03:19,0.149071931839,48054,1.40142798424
2024-01-21 17:03:20,0.143303155899,46167,1.43179512024
2024-01-21 17:03:22,0.155837059021,47034,1.43701291084
2024-01-21 17:03:24,0.174090147018,49158,1.36762905121
2024-01-21 17:03:25,0.163305044174,49110,1.26797604561
2024-01-21 17:03:26,0.132646083832,48837,1.2850830555
2024-01-21 17:03:28,0.165587902069,46728,1.36529517174
2024-01-21 17:03:29,0.146236896515,47325,1.39948010445
2024-01-21 17:03:31,0.128637075424,45552,1.43755221367
2024-01-21 17:03:33,0.147710084915,46101,1.37304782867
2024-01-21 17:03:34,0.160825014114,46182,1.37812995911
2024-01-21 17:03:36,0.152774095535,46806,1.34351801872
2024-01-21 17:03:37,0.155472040176,48948,1.23235917091
2024-01-21 17:03:38,0.145080804825,48249,1.23410511017
2024-01-21 17:03:40,0.165673017502,46053,1.22425293922
2024-01-21 17:03:41,0.174932956696,48399,1.21109485626
2024-01-21 17:03:43,0.188153028488,48303,1.20239090919
2024-01-21 17:03:44,0.136292934418,46584,1.37744092941
2024-01-21 17:03:46,0.147835016251,45456,1.30261206627
2024-01-21 17:03:47,0.127812862396,45558,1.35733509064
2024-01-21 17:03:48,0.155431985855,46251,1.34395217896
2024-01-21 17:03:50,0.142272949219,46494,1.40862393379
2024-01-21 17:03:52,0.163681983948,45801,1.18343114853
2024-01-21 17:03:53,0.143916845322,47877,1.30479216576
2024-01-21 17:03:54,0.152356147766,47559,1.26710605621
2024-01-21 17:03:56,0.180131912231,46818,1.2741818428
2024-01-21 17:03:57,0.134426832199,48036,1.33854985237
2024-01-21 17:03:59,0.142445087433,47478,1.37648320198
2024-01-21 17:04:00,0.12252497673,45198,1.48355579376
2024-01-21 17:04:02,0.146476984024,45993,1.45637893677
2024-01-21 17:04:03,0.14205789566,45891,1.32693004608
2024-01-21 17:04:05,0.170871019363,44535,1.31518507004
2024-01-21 17:04:06,0.15226483345,45021,1.52355194092
2024-01-21 17:04:08,0.142504930496,46137,1.37790894508
2024-01-21 17:04:10,0.120377063751,44115,1.39918613434
2024-01-21 17:04:11,0.165921926498,45456,1.25464582443
2024-01-21 17:04:13,0.15506696701,44661,1.33124399185
2024-01-21 17:04:14,0.167053937912,46761,1.37394499779
2024-01-21 17:04:16,0.115943193436,46695,1.32747197151
2024-01-21 17:04:17,0.175173997879,46170,1.39205694199
2024-01-21 17:04:19,0.158540010452,47247,1.33737611771
2024-01-21 17:04:20,0.158446073532,44541,1.41342401505
2024-01-21 17:04:22,0.164811849594,42192,1.17140603065
2024-01-21 17:04:23,0.126979112625,43104,1.24028301239
2024-01-21 17:04:24,0.179712057114,43617,1.13116502762
2024-01-21 17:04:26,0.114417076111,43857,1.16975712776
2024-01-21 17:04:27,0.138162136078,44262,1.27285408974
2024-01-21 17:04:28,0.150100946426,43557,1.14823293686
2024-01-21 17:04:30,0.153172969818,43791,1.28294920921
2024-01-21 17:04:31,0.129009008408,45042,1.35475897789
2024-01-21 17:04:33,0.132817983627,44313,1.35545682907
2024-01-21 17:04:34,0.141741991043,44838,1.27417302132
2024-01-21 17:04:35,0.122318029404,41388,1.29105019569
2024-01-21 17:04:37,0.142426967621,42564,1.27847599983
2024-01-21 17:04:38,0.140559911728,44154,1.40099906921
2024-01-21 17:04:40,0.142997980118,44184,1.34737205505
2024-01-21 17:04:41,0.166587114334,47883,1.32030010223
2024-01-21 17:04:43,0.171740055084,48096,1.26484489441
2024-01-21 17:04:44,0.216058015823,48117,1.25976705551
2024-01-21 17:04:46,0.147936105728,42096,1.29079294205
2024-01-21 17:04:47,0.164585828781,40485,1.23687005043
2024-01-21 17:04:49,0.193517923355,40431,1.15632891655
2024-01-21 17:04:50,0.175738096237,44304,1.36510705948
2024-01-21 17:04:51,0.147426128387,45168,1.41479110718
2024-01-21 17:04:53,0.151036977768,45315,1.38516187668
2024-01-21 17:04:55,0.1459441185,49365,1.2546889782
2024-01-21 17:04:56,0.141383171082,44523,1.38274407387
2024-01-21 17:04:57,0.124123096466,40959,1.12885785103
2024-01-21 17:04:59,0.162962198257,41961,1.09095096588
2024-01-21 17:05:00,0.140999794006,42420,1.22149085999
2024-01-21 17:05:01,0.143934965134,41649,1.09686088562
2024-01-21 17:05:03,0.13734292984,41187,1.07281494141
2024-01-21 17:05:04,0.180058956146,41094,1.13609194756
2024-01-21 17:05:05,0.163118124008,41268,1.11524486542
2024-01-21 17:05:06,0.170928001404,40488,1.29252791405
2024-01-21 17:05:08,0.174839019775,44160,1.15055918694
2024-01-21 17:05:09,0.165574073792,44805,1.24906992912
2024-01-21 17:05:11,0.147228002548,44769,1.20048809052
2024-01-21 17:05:12,0.140109062195,42633,1.29291415215
2024-01-21 17:05:13,0.161751031876,40440,1.1517970562
2024-01-21 17:05:15,0.133021116257,45183,1.171833992
2024-01-21 17:05:16,0.1410779953,43953,1.27435112
2024-01-21 17:05:17,0.139641046524,42234,1.16624999046
2024-01-21 17:05:19,0.18289399147,42087,1.15696310997
2024-01-21 17:05:20,0.146430969238,41658,1.18306589127
2024-01-21 17:05:21,0.178477048874,42537,1.29557490349
2024-01-21 17:05:23,0.137521028519,42069,1.17161417007
2024-01-21 17:05:24,0.137662887573,42000,1.09739494324
2024-01-21 17:05:25,0.138494968414,42264,1.15669703484
2024-01-21 17:05:27,0.173969984055,42504,1.1876411438
2024-01-21 17:05:28,0.172735929489,42228,1.09977483749
2024-01-21 17:05:29,0.137254953384,41823,1.06071186066
2024-01-21 17:05:31,0.158136129379,42660,1.23383712769
2024-01-21 17:05:32,0.144453763962,43074,1.33017492294
2024-01-21 17:05:33,0.136855125427,41508,1.12833380699
2024-01-21 17:05:35,0.143647909164,41700,1.09781098366
2024-01-21 17:05:36,0.143076181412,42030,1.14597606659
2024-01-21 17:05:37,0.169667005539,43284,1.22897100449
2024-01-21 17:05:39,0.191442012787,41649,1.18249106407
2024-01-21 17:05:40,0.14958691597,41856,1.10745382309
2024-01-21 17:05:41,0.153261899948,42762,1.22391796112
2024-01-21 17:05:43,0.179458856583,43260,1.25569486618
2024-01-21 17:05:44,0.124914884567,41451,1.0590069294
2024-01-21 17:05:45,0.146067857742,41634,1.11844801903
2024-01-21 17:05:47,0.140663862228,42750,1.19703507423
2024-01-21 17:05:48,0.1353058815,42123,1.13533091545
2024-01-21 17:05:49,0.129324913025,41823,1.06951594353
2024-01-21 17:05:50,0.129791975021,41715,1.12892794609
2024-01-21 17:05:52,0.147717952728,42057,1.2455329895
2024-01-21 17:05:53,0.162141084671,42252,1.1972489357
2024-01-21 17:05:54,0.134696960449,41904,1.15846896172
2024-01-21 17:05:56,0.155329942703,44250,1.33122396469
2024-01-21 17:05:57,0.152533054352,45696,1.20086407661
2024-01-21 17:05:58,0.15275812149,43392,1.35648107529
2024-01-21 17:06:00,0.18781709671,41952,1.07059884071
2024-01-21 17:06:01,0.142072916031,42813,1.32466697693
2024-01-21 17:06:03,0.160817861557,42162,1.17407298088
2024-01-21 17:06:04,0.201855182648,42195,1.30359816551
2024-01-21 17:06:06,0.164134025574,40902,1.12235999107
2024-01-21 17:06:07,0.179043054581,46362,1.27215194702
2024-01-21 17:06:08,0.139133930206,45135,1.19747495651
2024-01-21 17:06:10,0.118441820145,44634,1.273884058
2024-01-21 17:06:11,0.126250982285,44196,1.35409784317
2024-01-21 17:06:12,0.149444103241,44841,1.36518001556
2024-01-21 17:06:14,0.129422903061,45978,1.27653598785
2024-01-21 17:06:15,0.120022773743,43575,1.27952504158
2024-01-21 17:06:17,0.122484207153,44235,1.32550597191
2024-01-21 17:06:18,0.17183303833,45426,1.25876998901
2024-01-21 17:06:20,0.141242027283,44277,1.35540509224
2024-01-21 17:06:21,0.201016902924,43746,1.40428495407
2024-01-21 17:06:23,0.189817905426,45354,1.31802415848
2024-01-21 17:06:24,0.126932859421,45405,1.40464901924
2024-01-21 17:06:26,0.150320053101,43863,1.26274585724
2024-01-21 17:06:27,0.148719072342,44139,1.18127298355
2024-01-21 17:06:29,0.181561946869,44076,1.21433901787
2024-01-21 17:06:30,0.205565929413,43800,1.21441102028
2024-01-21 17:06:31,0.17120885849,44595,1.24744105339
2024-01-21 17:06:33,0.142140865326,42246,1.226790905
2024-01-21 17:06:34,0.175168991089,43212,1.26792001724
2024-01-21 17:06:36,0.128148078918,42891,1.35866379738
2024-01-21 17:06:37,0.149037122726,43551,1.35673999786
2024-01-21 17:06:39,0.13559794426,47061,1.16831994057
2024-01-21 17:06:40,0.139533042908,46986,1.1646270752
2024-01-21 17:06:41,0.129175901413,44634,1.34034895897
2024-01-21 17:06:43,0.160517930984,47391,1.21937704086
2024-01-21 17:06:44,0.183058977127,42891,1.20193314552
2024-01-21 17:06:45,0.141086101532,41142,1.21513414383
2024-01-21 17:06:47,0.12842798233,40818,1.29871296883
2024-01-21 17:06:48,0.136059045792,41028,1.07501316071
2024-01-21 17:06:49,0.147215843201,41211,1.14891505241
2024-01-21 17:06:51,0.128425121307,41355,1.15451383591
2024-01-21 17:06:52,0.158945083618,42231,1.12687802315
2024-01-21 17:06:53,0.15495300293,42330,1.15223193169
2024-01-21 17:06:55,0.14352107048,41499,1.17456412315
2024-01-21 17:06:56,0.127799987793,41934,1.15721607208
2024-01-21 17:06:57,0.14505314827,43170,1.22321200371
2024-01-21 17:06:59,0.169227838516,45282,1.34208607674
2024-01-21 17:07:00,0.163339138031,42837,1.10139584541
2024-01-21 17:07:01,0.126055002213,47193,1.31076097488
2024-01-21 17:07:03,0.153662919998,47007,1.18145990372
2024-01-21 17:07:04,0.132162094116,47445,1.19454503059
2024-01-21 17:07:05,0.127703905106,47877,1.26365590096
2024-01-21 17:07:07,0.130810022354,40782,1.23244905472
2024-01-21 17:07:08,0.164800882339,40656,1.2639131546
2024-01-21 17:07:10,0.137904882431,39783,1.13820099831
2024-01-21 17:07:11,0.148413181305,41151,1.11612701416
2024-01-21 17:07:12,0.126480102539,40176,1.27748203278
2024-01-21 17:07:14,0.188241004944,39579,1.27630400658
2024-01-21 17:07:15,0.124922990799,40095,1.11570310593
2024-01-21 17:07:16,0.136137962341,40623,1.08581113815
2024-01-21 17:07:18,0.158491134644,39894,1.1754591465
2024-01-21 17:07:19,0.182109117508,39321,1.15238904953
2024-01-21 17:07:20,0.144030094147,40341,1.06334805489
2024-01-21 17:07:21,0.115211963654,41196,1.20032000542
2024-01-21 17:07:23,0.150490999222,40089,1.02808904648
2024-01-21 17:07:24,0.144197940826,39972,1.18318200111
2024-01-21 17:07:25,0.214025974274,40653,1.24470114708
2024-01-21 17:07:27,0.154713869095,40272,1.15973806381
2024-01-21 17:07:28,0.146401882172,39579,2.12352705002
2024-01-21 17:07:30,0.141283988953,40020,1.12107491493
2024-01-21 17:07:32,0.149981975555,40104,1.17726302147
2024-01-21 17:07:33,0.155587911606,40380,1.09851098061
2024-01-21 17:07:34,0.149547100067,41913,1.14368319511
2024-01-21 17:07:35,0.15455198288,42075,1.16868686676
2024-01-21 17:07:37,0.152388095856,41985,1.2414598465
2024-01-21 17:07:38,0.156365156174,41643,1.1503610611
2024-01-21 17:07:39,0.173952817917,42873,1.19707798958
2024-01-21 17:07:41,0.132889986038,42195,1.1329061985
2024-01-21 17:07:42,0.191693067551,39735,1.10468482971
2024-01-21 17:07:43,0.141474962234,40128,1.11422300339
2024-01-21 17:07:45,0.134663820267,40809,1.05364394188
2024-01-21 17:07:46,0.124121904373,41622,1.11914515495
2024-01-21 17:07:47,0.179477930069,40248,1.07518696785
2024-01-21 17:07:48,0.124213933945,40857,1.13263916969
2024-01-21 17:07:50,0.182237863541,41700,1.13402915001
2024-01-21 17:07:51,0.148879051208,39399,1.25834798813
2024-01-21 17:07:52,0.142747879028,39417,1.13166284561
2024-01-21 17:07:54,0.174203872681,41577,1.1098139286
2024-01-21 17:07:55,0.178795814514,41205,1.06016397476
2024-01-21 17:07:56,0.142501115799,41769,1.19486999512
2024-01-21 17:07:57,0.135809898376,39996,1.1908249855
2024-01-21 17:07:59,0.145477056503,39357,1.1587729454
2024-01-21 17:08:00,0.16702580452,40206,1.11490011215
2024-01-21 17:08:01,0.120416879654,40131,1.76301503181
2024-01-21 17:08:03,0.155216932297,39576,1.21836996078
2024-01-21 17:08:05,0.128236055374,41946,1.35061788559
2024-01-21 17:08:06,0.147070884705,41403,1.18006682396
2024-01-21 17:08:07,0.151571035385,41331,1.18648481369
2024-01-21 17:08:09,0.157877922058,39750,1.24334096909
2024-01-21 17:08:10,0.16407585144,39681,1.23707199097
2024-01-21 17:08:12,0.16318488121,39639,1.10104584694
2024-01-21 17:08:13,0.140928983688,40587,1.16086792946
2024-01-21 17:08:14,0.163341999054,39882,1.09699296951
2024-01-21 17:08:15,0.145961046219,41037,1.12853693962
2024-01-21 17:08:17,0.157253980637,40941,1.16423916817
2024-01-21 17:08:18,0.135088920593,40956,1.09871983528
2024-01-21 17:08:19,0.144958019257,40497,1.1247651577
2024-01-21 17:08:20,0.175710916519,42162,1.1630461216
2024-01-21 17:08:22,0.151590824127,43878,1.43460702896
2024-01-21 17:08:23,0.122403860092,41688,1.1032500267
2024-01-21 17:08:25,0.12247300148,43428,1.28405809402
2024-01-21 17:08:26,0.15708899498,43119,1.16784787178
2024-01-21 17:08:27,0.136667013168,42726,1.06219816208
2024-01-21 17:08:29,0.144722938538,44211,1.20308184624
2024-01-21 17:08:30,0.19396686554,41541,1.25820493698
2024-01-21 17:08:31,0.140845060349,40980,1.10080814362
2024-01-21 17:08:33,0.15701007843,40917,1.14124202728
2024-01-21 17:08:34,0.144029855728,41070,1.11353492737
2024-01-21 17:08:35,0.138361930847,37821,1.06240916252
2024-01-21 17:08:36,0.136410951614,38823,1.09661102295
2024-01-21 17:08:38,0.14560008049,38817,1.26021909714
2024-01-21 17:08:39,0.139365911484,39009,1.16100597382
2024-01-21 17:08:40,0.13653087616,40044,1.11274290085
2024-01-21 17:08:42,0.143845081329,40458,1.19134902954
2024-01-21 17:08:43,0.210659980774,38850,1.10702991486
2024-01-21 17:08:44,0.131974935532,39084,1.15216302872
2024-01-21 17:08:46,0.183689832687,40083,1.1236011982
2024-01-21 17:08:47,0.161748886108,40233,1.21989893913
2024-01-21 17:08:48,0.146209955215,40719,1.03500699997
2024-01-21 17:08:49,0.142054080963,39828,1.17863297462
2024-01-21 17:08:51,0.173126935959,40125,1.2203412056
2024-01-21 17:08:52,0.178641080856,43146,1.14324903488
2024-01-21 17:08:53,0.155619859695,43077,1.21507000923
2024-01-21 17:08:55,0.145787000656,42681,1.13623213768
2024-01-21 17:08:56,0.178574800491,40872,1.25403904915
2024-01-21 17:08:58,0.140751838684,40959,1.10596394539
2024-01-21 17:08:59,0.182336807251,44787,1.26597499847
2024-01-21 17:09:00,0.153682947159,40095,1.21492290497
2024-01-21 17:09:02,0.165351867676,38805,1.21171998978
2024-01-21 17:09:03,0.150942087173,39075,1.28236699104
2024-01-21 17:09:04,0.162256002426,38490,1.09336495399
2024-01-21 17:09:06,0.160491943359,38466,1.09062504768
2024-01-21 17:09:07,0.120704889297,37896,1.11267209053
2024-01-21 17:09:08,0.152309894562,39078,1.00447297096
2024-01-21 17:09:09,0.215901851654,38547,1.19596791267
2024-01-21 17:09:11,0.115415811539,38322,1.1406018734
2024-01-21 17:09:12,0.125213861465,38985,1.14135694504
2024-01-21 17:09:13,0.132122039795,39465,1.34873795509
2024-01-21 17:09:15,0.173888921738,38958,1.27475810051
2024-01-21 17:09:16,0.137678146362,38649,1.29460501671
2024-01-21 17:09:18,0.169800043106,40320,1.28459811211
2024-01-21 17:09:19,0.157544136047,40071,1.07258009911
2024-01-21 17:09:20,0.143028974533,40281,1.15179491043
2024-01-21 17:09:22,0.199466943741,39765,1.14700698853
2024-01-21 17:09:23,0.215582847595,39231,1.24010705948
2024-01-21 17:09:24,0.156945943832,37470,1.16761398315
2024-01-21 17:09:26,0.142143011093,37539,1.07859897614
2024-01-21 17:09:27,0.209213018417,37461,1.26127791405
2024-01-21 17:09:28,0.115419149399,37785,1.05966496468
2024-01-21 17:09:30,0.143099069595,38175,1.05255198479
2024-01-21 17:09:31,0.144701957703,38319,1.75521707535
2024-01-21 17:09:33,0.14647603035,37914,1.53159713745
2024-01-21 17:09:34,0.145222187042,38061,1.04705715179
2024-01-21 17:09:36,0.13648891449,41217,1.02999901772
2024-01-21 17:09:37,0.134328126907,39108,1.10572910309
2024-01-21 17:09:38,0.180040121078,37980,1.15985107422
2024-01-21 17:09:39,0.121377944946,39747,1.7433860302
2024-01-21 17:09:41,0.154886960983,39777,1.22055983543
2024-01-21 17:09:43,0.143423080444,39546,1.28647184372
2024-01-21 17:09:44,0.152336835861,37119,1.04738497734
2024-01-21 17:09:45,0.147305011749,36414,1.0694668293
2024-01-21 17:09:46,0.159982919693,36474,1.0671210289
2024-01-21 17:09:48,0.131817102432,37326,1.07262992859
2024-01-21 17:09:49,0.132384061813,38565,1.04914402962
2024-01-21 17:09:50,0.144577980042,39741,1.10826897621
2024-01-21 17:09:51,0.162543058395,39369,1.16139793396
2024-01-21 17:09:53,0.166913986206,39585,1.18210315704
2024-01-21 17:09:54,0.147794008255,35229,1.16358613968
2024-01-21 17:09:55,0.156679868698,36609,1.18358278275
2024-01-21 17:09:57,0.216408014297,35241,1.20701503754
2024-01-21 17:09:58,0.134973049164,35331,1.02660298347
2024-01-21 17:09:59,0.139450073242,35385,1.01363706589
2024-01-21 17:10:00,0.136651992798,36636,1.10674309731
2024-01-21 17:10:02,0.179276943207,35556,1.09599494934
2024-01-21 17:10:03,0.156987905502,35553,1.15557193756
2024-01-21 17:10:04,0.117444992065,35946,1.05668902397
2024-01-21 17:10:05,0.16344499588,34746,1.29127287865
2024-01-21 17:10:07,0.154883146286,34830,1.09881711006
2024-01-21 17:10:08,0.134610891342,35508,1.14575505257
2024-01-21 17:10:09,0.120769023895,36603,1.08845186234
2024-01-21 17:10:10,0.15088391304,36579,1.16705417633
2024-01-21 17:10:12,0.124945878983,37584,1.21776103973
2024-01-21 17:10:13,0.146482944489,36918,1.07939505577
2024-01-21 17:10:14,0.152838945389,36309,1.10042691231
2024-01-21 17:10:16,0.152866840363,36540,1.11450695992
2024-01-21 17:10:17,0.125350952148,34470,1.02510881424
2024-01-21 17:10:18,0.162715911865,34335,1.10865402222
2024-01-21 17:10:19,0.156649112701,34197,1.06622409821
2024-01-21 17:10:21,0.142942905426,34092,0.985732078552
2024-01-21 17:10:22,0.119910001755,35907,0.970864057541
2024-01-21 17:10:23,0.16087603569,35766,1.0066549778
2024-01-21 17:10:24,0.120635986328,35892,0.970164060593
2024-01-21 17:10:25,0.130656957626,35829,1.0367910862
2024-01-21 17:10:26,0.12818813324,36042,1.05946111679
2024-01-21 17:10:27,0.172444105148,35706,1.10203003883
2024-01-21 17:10:29,0.13382101059,35835,0.957447052002
2024-01-21 17:10:30,0.141854047775,38094,1.11818313599
2024-01-21 17:10:31,0.145735025406,37632,1.18421506882
2024-01-21 17:10:32,0.113717079163,37218,1.20229101181
2024-01-21 17:10:34,0.138478040695,34803,1.01469492912
2024-01-21 17:10:35,0.142421960831,32640,1.00673007965
2024-01-21 17:10:36,0.192894935608,33492,1.14360904694
2024-01-21 17:10:37,0.125072002411,33486,1.05658197403
2024-01-21 17:10:38,0.137799024582,34590,1.047123909
2024-01-21 17:10:40,0.139111995697,38529,1.1089220047
2024-01-21 17:10:41,0.138205051422,38598,1.18653106689
2024-01-21 17:10:42,0.165868997574,38445,1.19321012497
2024-01-21 17:10:44,0.205580949783,38616,1.22774505615
2024-01-21 17:10:45,0.172753095627,36276,1.0877969265
2024-01-21 17:10:46,0.140720129013,35580,1.17201399803
2024-01-21 17:10:48,0.197373867035,35490,1.06863999367
2024-01-21 17:10:49,0.169539928436,35421,0.992853879929
2024-01-21 17:10:50,0.143204927444,34932,1.04347395897
2024-01-21 17:10:51,0.157701969147,35229,1.13861703873
2024-01-21 17:10:53,0.157731056213,34188,1.17400813103
2024-01-21 17:10:54,0.145654916763,34398,1.14713096619
2024-01-21 17:10:55,0.13060593605,34188,1.02243590355
2024-01-21 17:10:56,0.141115903854,34017,0.989037036896
2024-01-21 17:10:57,0.147284030914,34530,1.05662798882
2024-01-21 17:10:59,0.144805908203,34746,1.03502106667
2024-01-21 17:11:00,0.128966808319,34341,0.989555120468
2024-01-21 17:11:01,0.140040159225,34701,1.12412619591
2024-01-21 17:11:02,0.173480987549,34701,1.06984996796
2024-01-21 17:11:03,0.156049013138,34665,1.05805492401
2024-01-21 17:11:05,0.173143148422,35022,1.10159802437
2024-01-21 17:11:06,0.227519035339,33660,1.07863712311
2024-01-21 17:11:07,0.13349199295,33132,1.01552391052
2024-01-21 17:11:08,0.115677118301,32739,1.10815095901
2024-01-21 17:11:10,0.214398860931,33510,1.02110505104
2024-01-21 17:11:11,0.177598953247,33129,1.03619098663
2024-01-21 17:11:12,0.165799856186,35688,1.01510715485
2024-01-21 17:11:13,0.18297290802,34008,1.08669805527
2024-01-21 17:11:15,0.141434907913,33708,1.12092900276
2024-01-21 17:11:16,0.135307073593,34167,1.11354708672
2024-01-21 17:11:17,0.198537826538,32868,0.96461391449
2024-01-21 17:11:18,0.141902923584,33111,0.959887981415
2024-01-21 17:11:19,0.147243022919,34347,1.05649280548
2024-01-21 17:11:21,0.14063000679,33549,1.03431582451
2024-01-21 17:11:22,0.155870914459,34134,0.969858169556
2024-01-21 17:11:23,0.131245851517,32511,0.977391958237
2024-01-21 17:11:24,0.12609910965,30816,0.941128015518
2024-01-21 17:11:25,0.165597915649,31800,0.978461027145
2024-01-21 17:11:26,0.164722919464,31413,0.962641954422
2024-01-21 17:11:27,0.148687124252,31719,0.976423978806
2024-01-21 17:11:28,0.190064907074,31476,0.992055177689
2024-01-21 17:11:30,0.137876987457,31368,0.941336154938
2024-01-21 17:11:31,0.12563586235,31611,0.9688808918
2024-01-21 17:11:32,0.152736186981,31398,0.994024991989
2024-01-21 17:11:33,0.154251098633,31797,0.997617959976
2024-01-21 17:11:34,0.151051044464,32490,0.937386035919
2024-01-21 17:11:35,0.146021127701,31899,1.02097082138
2024-01-21 17:11:36,0.162719011307,30960,0.961434841156
2024-01-21 17:11:37,0.114782094955,31377,0.976812124252
2024-01-21 17:11:39,0.146311044693,31755,0.91468501091
2024-01-21 17:11:40,0.145978927612,32079,1.06685900688
2024-01-21 17:11:41,0.145307064056,32169,0.952718019485
2024-01-21 17:11:42,0.181138038635,31728,0.998305797577
2024-01-21 17:11:43,0.152780056,31989,0.977615118027
2024-01-21 17:11:44,0.223719835281,31014,1.01840209961
2024-01-21 17:11:45,0.178228139877,32151,1.00114607811
2024-01-21 17:11:47,0.177994012833,32154,0.99102807045
2024-01-21 17:11:48,0.140232086182,31974,0.995122909546
2024-01-21 17:11:49,0.141477108002,32286,1.01364398003
2024-01-21 17:11:50,0.114468097687,32496,0.95724606514
2024-01-21 17:11:51,0.162415981293,32109,0.979272127151
2024-01-21 17:11:52,0.169398069382,31641,0.937151908875
2024-01-21 17:11:53,0.157855987549,31197,0.96862411499
2024-01-21 17:11:55,0.133592128754,31350,0.948163032532
2024-01-21 17:11:56,0.114719867706,31728,0.980344057083
2024-01-21 17:11:57,0.130834102631,31710,0.982792854309
2024-01-21 17:11:58,0.13662815094,32382,0.972759962082
2024-01-21 17:11:59,0.131233215332,31539,1.06626105309
2024-01-21 17:12:00,0.163069009781,32829,1.00906920433
2024-01-21 17:12:01,0.142546892166,32346,1.00177812576
2024-01-21 17:12:02,0.19725894928,33066,1.05259513855
2024-01-21 17:12:04,0.147558927536,33006,1.04841804504
2024-01-21 17:12:05,0.152096033096,32079,1.01999902725
2024-01-21 17:12:06,0.17618894577,32118,1.01921892166
2024-01-21 17:12:07,0.161952018738,31410,0.957791090012
2024-01-21 17:12:08,0.137948036194,31164,0.964241981506
2024-01-21 17:12:09,0.135087966919,31623,0.989172935486
2024-01-21 17:12:11,0.149662017822,32541,1.03741002083
2024-01-21 17:12:12,0.123414993286,32157,1.05201292038
2024-01-21 17:12:13,0.152472019196,32208,1.03655409813
2024-01-21 17:12:14,0.14591217041,32277,0.998248100281
2024-01-21 17:12:15,0.179394006729,32319,1.03254389763
2024-01-21 17:12:17,0.169531106949,32667,1.15079307556
2024-01-21 17:12:18,0.177182912827,33321,0.900380849838
2024-01-21 17:12:19,0.150839090347,33015,1.00464081764
2024-01-21 17:12:20,0.160721063614,32103,1.00526499748
2024-01-21 17:12:21,0.13836979866,31998,0.997087955475
2024-01-21 17:12:22,0.140748977661,31347,1.20449399948
2024-01-21 17:12:24,0.146826028824,32220,1.18671607971
2024-01-21 17:12:25,0.210098981857,32535,1.16678500175
2024-01-21 17:12:26,0.144055843353,33819,1.75154590607
2024-01-21 17:12:28,0.122769117355,33414,0.985887050629
2024-01-21 17:12:29,0.137407064438,32874,1.00903201103
2024-01-21 17:12:31,0.124835014343,32562,0.988704919815
2024-01-21 17:12:32,0.14204788208,32634,0.966932058334
2024-01-21 17:12:33,0.132713079453,34062,1.02638292313
2024-01-21 17:12:34,0.147222042084,33015,1.0246629715
2024-01-21 17:12:35,0.170558929443,32811,1.00357294083
2024-01-21 17:12:36,0.138725996017,32736,1.04820203781
2024-01-21 17:12:37,0.140710830688,33621,1.03203105927
2024-01-21 17:12:39,0.175414085388,32652,1.08228302002
2024-01-21 17:12:40,0.161195039749,32583,0.991324901581
2024-01-21 17:12:41,0.169975042343,32499,0.97576212883
2024-01-21 17:12:42,0.134730100632,30414,1.03821206093
2024-01-21 17:12:43,0.130666017532,30210,0.969485044479
2024-01-21 17:12:44,0.18585395813,30519,0.983212947845
2024-01-21 17:12:46,0.192177057266,31047,0.991143941879
2024-01-21 17:12:47,0.173806905746,31011,1.00600886345
2024-01-21 17:12:48,0.124849081039,30822,1.04119992256
2024-01-21 17:12:49,0.125727891922,30936,0.975544929504
2024-01-21 17:12:50,0.122612953186,31209,0.992392063141
2024-01-21 17:12:51,0.140404939651,32157,1.02394604683
2024-01-21 17:12:53,0.143719911575,31572,1.01496577263
2024-01-21 17:12:54,0.114831924438,31344,0.998022794724
2024-01-21 17:12:55,0.169085025787,31695,0.961681842804
2024-01-21 17:12:56,0.169560909271,32163,0.953747987747
2024-01-21 17:12:57,0.199998855591,31701,0.941282987595
2024-01-21 17:12:58,0.157520055771,32022,0.988502979279
2024-01-21 17:12:59,0.177122831345,30063,1.00711798668
2024-01-21 17:13:01,0.171350002289,30789,0.927347898483
2024-01-21 17:13:02,0.228399991989,31230,1.05165791512
2024-01-21 17:13:03,0.148452043533,31305,0.966096878052
2024-01-21 17:13:04,0.157285928726,31650,1.01364994049
2024-01-21 17:13:05,0.137682914734,31425,0.955066204071
2024-01-21 17:13:06,0.167320966721,30141,0.967456102371
2024-01-21 17:13:07,0.151118993759,30129,0.979773044586
2024-01-21 17:13:09,0.14591884613,30468,0.984147071838
2024-01-21 17:13:10,0.166867017746,30297,1.00980901718
2024-01-21 17:13:11,0.136354923248,30807,1.01506781578
2024-01-21 17:13:12,0.179381847382,30552,1.00848603249
2024-01-21 17:13:13,0.123270988464,31179,0.967929840088
2024-01-21 17:13:14,0.131591081619,31830,1.03227806091
2024-01-21 17:13:16,0.166821956635,31947,0.976207017899
2024-01-21 17:13:17,0.122506856918,30540,0.992986917496
2024-01-21 17:13:18,0.160995006561,32013,1.17847585678
2024-01-21 17:13:19,0.150788784027,33012,1.00354099274
2024-01-21 17:13:20,0.164546012878,32616,0.957609176636
2024-01-21 17:13:21,0.155706882477,32094,1.09397506714
2024-01-21 17:13:23,0.1353058815,31680,1.01321411133
2024-01-21 17:13:24,0.123422145844,31338,0.961225986481
2024-01-21 17:13:25,0.133554935455,31614,0.962976932526
2024-01-21 17:13:26,0.135735034943,30054,0.926648139954
2024-01-21 17:13:27,0.154762029648,30327,0.978075027466
2024-01-21 17:13:28,0.146468877792,30108,1.00831985474
2024-01-21 17:13:29,0.130075931549,30153,1.01024103165
2024-01-21 17:13:30,0.14271903038,30402,0.946274995804
2024-01-21 17:13:32,0.176536083221,30414,0.968116044998
2024-01-21 17:13:33,0.231052160263,30585,0.969525098801
2024-01-21 17:13:34,0.260652065277,30390,0.960998058319
2024-01-21 17:13:35,0.178700208664,30825,0.972804069519
2024-01-21 17:13:36,0.147957801819,31002,1.01716804504
2024-01-21 17:13:37,0.160536050797,30330,0.933388948441
2024-01-21 17:13:39,0.138144016266,31035,0.967430830002
2024-01-21 17:13:40,0.18093419075,29469,1.07715606689
2024-01-21 17:13:41,0.155660152435,29625,0.981340885162
2024-01-21 17:13:42,0.165822982788,29463,0.975656032562
2024-01-21 17:13:43,0.122982978821,31698,0.965035915375
2024-01-21 17:13:44,0.130254030228,31863,1.0140440464
2024-01-21 17:13:45,0.119513988495,31977,1.12395000458
2024-01-21 17:13:47,0.140716075897,31509,0.9891269207
2024-01-21 17:13:48,0.144637107849,31428,1.0178937912
2024-01-21 17:13:49,0.14609503746,31221,1.02068686485
2024-01-21 17:13:50,0.178421974182,30093,0.927016019821
2024-01-21 17:13:51,0.173845052719,29463,0.988116979599
2024-01-21 17:13:52,0.168833017349,29394,0.994252204895
2024-01-21 17:13:54,0.203450202942,29517,0.999797105789
2024-01-21 17:13:55,0.156284093857,29202,0.940096855164
2024-01-21 17:13:56,0.143189907074,30051,1.02030801773
2024-01-21 17:13:57,0.166949033737,29151,0.994695901871
2024-01-21 17:13:58,0.173678159714,29319,0.946400165558
2024-01-21 17:13:59,0.13171505928,29589,0.947994232178
2024-01-21 17:14:00,0.172422885895,29019,0.957172870636
2024-01-21 17:14:02,0.12539100647,31980,0.940585851669
2024-01-21 17:14:03,0.11852478981,32238,1.00127100945
2024-01-21 17:14:04,0.127861022949,32391,1.00357794762
2024-01-21 17:14:05,0.133319139481,31110,0.985414981842
2024-01-21 17:14:06,0.175636053085,30714,0.946671009064
2024-01-21 17:14:07,0.161627054214,30567,1.03834486008
2024-01-21 17:14:08,0.154057025909,30120,1.04571413994
2024-01-21 17:14:09,0.155771970749,29952,0.994500875473
2024-01-21 17:14:11,0.15412402153,30852,0.930155992508
2024-01-21 17:14:12,0.115372896194,31080,0.98815202713
2024-01-21 17:14:13,0.148005962372,30942,1.02096509933
2024-01-21 17:14:14,0.152045965195,30858,0.966482162476
2024-01-21 17:14:15,0.121439933777,29604,1.06192994118
2024-01-21 17:14:16,0.226307868958,29637,0.977023124695
2024-01-21 17:14:17,0.142743825912,29568,1.05691409111
2024-01-21 17:14:19,0.186065196991,31110,1.02683615685
2024-01-21 17:14:20,0.118395805359,31221,1.1036260128
2024-01-21 17:14:21,0.182420015335,31269,1.05639791489
2024-01-21 17:14:22,0.189888954163,31746,1.14016699791
2024-01-21 17:14:24,0.12428188324,31473,1.1120929718
2024-01-21 17:14:25,0.120087862015,29703,0.982383012772
2024-01-21 17:14:26,0.114977121353,30408,1.02014422417
2024-01-21 17:14:27,0.178718090057,29991,1.10288500786
2024-01-21 17:14:28,0.184631109238,30261,1.0749540329
2024-01-21 17:14:30,0.13495182991,30858,0.959443092346
2024-01-21 17:14:31,0.14067697525,30150,0.94998884201
2024-01-21 17:14:32,0.116261005402,30084,0.980518102646
2024-01-21 17:14:33,0.152499198914,30201,0.887671947479
2024-01-21 17:14:34,0.158514022827,30087,0.930633068085
2024-01-21 17:14:35,0.157330989838,30588,0.903755187988
2024-01-21 17:14:36,0.146101951599,30234,0.919409036636
2024-01-21 17:14:37,0.127254962921,30105,0.914131879807
2024-01-21 17:14:38,0.137813806534,32418,1.04251098633
2024-01-21 17:14:39,0.157305002213,30609,0.973033905029
2024-01-21 17:14:41,0.171234130859,29799,0.898573160172
2024-01-21 17:14:42,0.15407204628,29733,0.973278999329
2024-01-21 17:14:43,0.14244890213,30078,0.911774158478
2024-01-21 17:14:44,0.14257311821,30093,0.953981876373
2024-01-21 17:14:45,0.14063501358,30564,0.966710090637
2024-01-21 17:14:46,0.164644956589,30825,0.956710100174
2024-01-21 17:14:47,0.157349824905,30546,1.07107782364
2024-01-21 17:14:48,0.182510852814,29253,0.987528085709
2024-01-21 17:14:50,0.213056087494,29943,0.997350931168
2024-01-21 17:14:51,0.142053127289,28851,1.18913817406
2024-01-21 17:14:52,0.14226603508,29499,1.16429591179
2024-01-21 17:14:53,0.132118940353,30909,1.18003892899
2024-01-21 17:14:55,0.120887994766,30873,1.20218300819
2024-01-21 17:14:56,0.150855064392,29646,0.950731039047
2024-01-21 17:14:57,0.126280069351,29370,0.9558198452
2024-01-21 17:14:58,0.14988899231,29124,0.93751502037
2024-01-21 17:14:59,0.21160697937,29403,0.938882112503
2024-01-21 17:15:00,0.159062862396,29730,0.954385042191
2024-01-21 17:15:02,0.144538879395,29853,0.968316078186
2024-01-21 17:15:03,0.146260976791,29208,0.961825847626
2024-01-21 17:15:04,0.133157014847,29358,0.970288038254
2024-01-21 17:15:05,0.131355047226,29169,1.01456689835
2024-01-21 17:15:06,0.121158123016,28806,0.944498062134
2024-01-21 17:15:07,0.203301906586,28617,0.969231128693
2024-01-21 17:15:08,0.140663862228,29898,0.983607053757
2024-01-21 17:15:09,0.150326967239,29622,0.963426113129
2024-01-21 17:15:11,0.155982017517,29220,0.971601963043
2024-01-21 17:15:12,0.143426895142,29112,1.09321403503
2024-01-21 17:15:13,0.134001016617,30102,0.941009998322
2024-01-21 17:15:14,0.191724777222,29817,0.915143966675
2024-01-21 17:15:15,0.123867988586,30087,0.966193914413
2024-01-21 17:15:16,0.194413900375,30600,0.942497968674
2024-01-21 17:15:17,0.149421930313,31371,1.07516598701
2024-01-21 17:15:19,0.220067977905,30261,0.966646194458
2024-01-21 17:15:20,0.14808678627,28884,1.03107595444
2024-01-21 17:15:21,0.161613941193,28725,0.969712018967
2024-01-21 17:15:22,0.133502960205,28371,0.909373998642
2024-01-21 17:15:23,0.126236915588,28422,0.985812902451
2024-01-21 17:15:24,0.161514043808,29313,0.95977306366
2024-01-21 17:15:25,0.139388084412,29211,0.966453075409
2024-01-21 17:15:26,0.177690029144,29565,0.932101964951
2024-01-21 17:15:28,0.136548995972,29460,0.942250013351
2024-01-21 17:15:29,0.120032072067,29226,0.996119976044
2024-01-21 17:15:30,0.136936903,29265,0.913156032562
2024-01-21 17:15:31,0.12068104744,29415,0.983433008194
2024-01-21 17:15:32,0.136887073517,29724,0.985161066055
2024-01-21 17:15:33,0.214107036591,29448,0.916113853455
2024-01-21 17:15:34,0.161324977875,28419,1.03668904305
2024-01-21 17:15:35,0.148995161057,29112,0.97722697258
2024-01-21 17:15:36,0.168439149857,28797,0.989674091339
2024-01-21 17:15:38,0.162630081177,30966,1.05730080605
2024-01-21 17:15:39,0.141731023788,30708,1.04529619217
2024-01-21 17:15:40,0.153765916824,31011,1.02639508247
2024-01-21 17:15:41,0.151646137238,30735,1.03686213493
2024-01-21 17:15:42,0.16481590271,31869,0.945436000824
2024-01-21 17:15:44,0.118624925613,31686,0.989110946655
2024-01-21 17:15:45,0.143136978149,31026,0.906455039978
2024-01-21 17:15:46,0.159559011459,30921,1.10773706436
2024-01-21 17:15:47,0.123456954956,29979,0.937284946442
2024-01-21 17:15:48,0.128658056259,29928,0.982767105103
2024-01-21 17:15:49,0.119663000107,30954,0.927587985992
2024-01-21 17:15:50,0.136225938797,29265,0.962854862213
2024-01-21 17:15:51,0.166913032532,29583,1.00263595581
2024-01-21 17:15:52,0.130058050156,29049,0.954056024551
2024-01-21 17:15:54,0.167043924332,29148,0.965930938721
2024-01-21 17:15:55,0.164868831635,29643,0.904946088791
2024-01-21 17:15:56,0.137037992477,29187,0.9125020504
2024-01-21 17:15:57,0.143694877625,28908,0.92528295517
2024-01-21 17:15:58,0.173777103424,28836,0.954468011856
2024-01-21 17:15:59,0.121868848801,26871,0.952446937561
2024-01-21 17:16:00,0.145475149155,26088,0.986550807953
2024-01-21 17:16:01,0.11461186409,28581,1.0299949646
2024-01-21 17:16:02,0.141414880753,28908,0.972249984741
2024-01-21 17:16:03,0.154225111008,28074,0.989128112793
2024-01-21 17:16:05,0.146420001984,28917,0.937404155731
2024-01-21 17:16:06,0.191834926605,26916,0.961930990219
2024-01-21 17:16:07,0.17361497879,26733,0.924825906754
2024-01-21 17:16:08,0.136387825012,27009,0.968557834625
2024-01-21 17:16:09,0.16317486763,26928,0.997757911682
2024-01-21 17:16:10,0.141884088516,28662,1.11240816116
2024-01-21 17:16:11,0.147955179214,29388,1.02820801735
2024-01-21 17:16:13,0.168825864792,29760,0.975946903229
2024-01-21 17:16:14,0.13232088089,29763,0.96034693718
2024-01-21 17:16:15,0.161242008209,29670,0.897024154663
2024-01-21 17:16:16,0.174241065979,30204,0.901865005493
2024-01-21 17:16:17,0.130511045456,28713,0.930810928345
2024-01-21 17:16:18,0.165243864059,28317,1.00589704514
2024-01-21 17:16:19,0.126553058624,28416,0.974895954132
2024-01-21 17:16:20,0.171260118484,28284,0.93856215477
2024-01-21 17:16:21,0.178712129593,28755,0.952116966248
2024-01-21 17:16:23,0.116697072983,28590,1.00886106491
2024-01-21 17:16:24,0.120018005371,27843,0.953629970551
2024-01-21 17:16:25,0.114728927612,28197,1.0738132
2024-01-21 17:16:26,0.140778064728,28446,1.02498197556
2024-01-21 17:16:27,0.155148983002,28125,1.02604293823
2024-01-21 17:16:28,0.167315006256,28701,0.963930130005
2024-01-21 17:16:29,0.177901983261,29079,0.986414909363
2024-01-21 17:16:31,0.165313005447,28245,0.907793045044
2024-01-21 17:16:32,0.19530415535,28122,1.03305196762
2024-01-21 17:16:33,0.164278030396,27852,0.979328870773
2024-01-21 17:16:34,0.152708053589,28158,1.00081896782
2024-01-21 17:16:35,0.141584157944,28422,0.967727184296
2024-01-21 17:16:36,0.133517980576,28152,0.937958955765
2024-01-21 17:16:37,0.127334117889,28287,0.97212600708
2024-01-21 17:16:38,0.131894826889,30651,1.01257300377
2024-01-21 17:16:40,0.164189100266,29991,0.893035173416
2024-01-21 17:16:41,0.15259885788,29256,0.942672967911
2024-01-21 17:16:42,0.172294855118,28242,0.979157924652
2024-01-21 17:16:43,0.16238284111,30786,0.952301979065
2024-01-21 17:16:44,0.144419908524,30078,0.993829011917
2024-01-21 17:16:45,0.160219907761,30045,0.97071814537
2024-01-21 17:16:46,0.172263860703,29691,0.983856916428
2024-01-21 17:16:47,0.157850980759,27873,1.02997422218
2024-01-21 17:16:49,0.178375959396,27126,0.973067045212
2024-01-21 17:16:50,0.142181873322,26745,1.00803995132
2024-01-21 17:16:51,0.178400039673,27150,0.97284078598
2024-01-21 17:16:52,0.147015094757,27408,0.947113990784
2024-01-21 17:16:53,0.122705936432,27573,0.938040971756
2024-01-21 17:16:54,0.213608026505,28509,0.954669952393
2024-01-21 17:16:55,0.123500108719,28698,0.930995941162
2024-01-21 17:16:56,0.132030963898,28026,1.01127886772
2024-01-21 17:16:58,0.121297836304,28272,0.891558170319
2024-01-21 17:16:59,0.16218495369,28362,0.914813041687
2024-01-21 17:17:00,0.128835201263,28362,1.02510094643
2024-01-21 17:17:01,0.142153024673,28545,1.01012706757
2024-01-21 17:17:02,0.14325594902,28134,0.922896146774
2024-01-21 17:17:03,0.120085000992,28164,0.926282167435
2024-01-21 17:17:04,0.161282062531,28071,0.988703966141
2024-01-21 17:17:05,0.179901123047,28752,0.965575218201
2024-01-21 17:17:06,0.141695022583,28605,1.016507864
2024-01-21 17:17:08,0.159935951233,28215,0.965795993805
2024-01-21 17:17:09,0.12204003334,26937,1.00851011276
2024-01-21 17:17:10,0.129114866257,27483,1.04839587212
2024-01-21 17:17:11,0.115510940552,27726,1.00757694244
2024-01-21 17:17:12,0.121892929077,27873,1.0615708828
2024-01-21 17:17:13,0.137949943542,28005,1.04103016853
2024-01-21 17:17:15,0.125874042511,26559,1.12707304955
2024-01-21 17:17:16,0.159523963928,28176,0.992427110672
2024-01-21 17:17:17,0.176358938217,27795,0.968400001526
2024-01-21 17:17:18,0.160171985626,27525,0.999372005463
2024-01-21 17:17:19,0.145879030228,27660,1.04830098152
2024-01-21 17:17:20,0.184659004211,24858,1.16721916199
2024-01-21 17:17:22,0.151721000671,25272,1.16371393204
2024-01-21 17:17:23,0.152985095978,25512,1.1673412323
2024-01-21 17:17:24,0.137553930283,25524,1.77324509621
2024-01-21 17:17:26,0.169633865356,26106,1.05809879303
2024-01-21 17:17:28,0.117806911469,26238,0.931548118591
2024-01-21 17:17:29,0.136039972305,26157,0.993688106537
2024-01-21 17:17:30,0.138130903244,26163,0.998462915421
2024-01-21 17:17:31,0.13313794136,26418,1.00947785378
2024-01-21 17:17:32,0.143425941467,26232,1.02200102806
2024-01-21 17:17:33,0.123131990433,26184,0.958982944489
2024-01-21 17:17:34,0.15301990509,26376,1.0015399456
2024-01-21 17:17:35,0.145677089691,29502,0.942404985428
2024-01-21 17:17:37,0.149780988693,28038,1.06623196602
2024-01-21 17:17:38,0.178687810898,27531,1.02603912354
2024-01-21 17:17:39,0.199319124222,25317,1.09881401062
2024-01-21 17:17:40,0.154371976852,25320,1.07613587379
2024-01-21 17:17:41,0.146833896637,25239,1.07798910141
2024-01-21 17:17:43,0.124314069748,25293,1.09312486649
2024-01-21 17:17:44,0.165292978287,25707,1.01439094543
2024-01-21 17:17:45,0.121268033981,26259,0.989695072174
2024-01-21 17:17:46,0.151813030243,26334,1.0636780262
2024-01-21 17:17:47,0.123593091965,26475,0.979372024536
2024-01-21 17:17:49,0.20800113678,26859,1.1342189312
2024-01-21 17:17:50,0.145450115204,28467,0.953362941742
2024-01-21 17:17:51,0.169262886047,28770,1.06562209129
2024-01-21 17:17:52,0.141340970993,29712,0.970223903656
2024-01-21 17:17:53,0.181183099747,29715,1.01336503029
2024-01-21 17:17:54,0.185487031937,29463,0.899375915527
2024-01-21 17:17:56,0.155184984207,26184,0.994098901749
2024-01-21 17:17:57,0.14866399765,26322,1.00420999527
2024-01-21 17:17:58,0.194832086563,25800,1.03401112556
2024-01-21 17:17:59,0.141319036484,25806,0.99547791481
2024-01-21 17:18:00,0.138494968414,25941,0.986665010452
2024-01-21 17:18:01,0.15217089653,26244,1.01416110992
2024-01-21 17:18:03,0.198731184006,26085,0.966466903687
2024-01-21 17:18:04,0.14519405365,26121,0.940451860428
2024-01-21 17:18:05,0.153783082962,26007,1.03740811348
2024-01-21 17:18:06,0.156674861908,26136,0.980103969574
2024-01-21 17:18:07,0.160490036011,26241,0.992933034897
2024-01-21 17:18:08,0.14081287384,25995,1.02937602997
2024-01-21 17:18:09,0.140968084335,25872,1.10449290276
2024-01-21 17:18:11,0.189693927765,26064,1.1052749157
2024-01-21 17:18:12,0.167986869812,25707,0.988618135452
2024-01-21 17:18:13,0.157655000687,25884,1.01001691818
2024-01-21 17:18:14,0.135496854782,25896,1.09839606285
2024-01-21 17:18:16,0.15709400177,25830,1.06142783165
2024-01-21 17:18:17,0.112828969955,25137,1.03648495674
2024-01-21 17:18:18,0.163521051407,25059,1.05948901176
2024-01-21 17:18:19,0.139609098434,24957,1.07081985474
2024-01-21 17:18:20,0.150629043579,24924,1.03743004799
2024-01-21 17:18:22,0.1394739151,24951,1.08591890335
2024-01-21 17:18:23,0.180590867996,25008,1.02760481834
2024-01-21 17:18:24,0.159379005432,25041,1.12484097481
2024-01-21 17:18:25,0.122457027435,24972,1.0791990757
2024-01-21 17:18:26,0.118953943253,24771,1.08462500572
2024-01-21 17:18:28,0.164003133774,25164,1.11015820503
2024-01-21 17:18:29,0.133338928223,24963,1.12070703506
2024-01-21 17:18:30,0.114767074585,25458,1.17862892151
2024-01-21 17:18:31,0.139418125153,25590,1.10561704636
2024-01-21 17:18:33,0.172021865845,25884,1.01805090904
2024-01-21 17:18:34,0.179333925247,25665,1.11332607269
2024-01-21 17:18:35,0.143802881241,25338,0.958643913269
2024-01-21 17:18:36,0.152480125427,25620,0.980656147003
2024-01-21 17:18:37,0.122177124023,25659,1.05261111259
2024-01-21 17:18:39,0.148937940598,25695,1.07684707642
2024-01-21 17:18:40,0.118556976318,26148,0.990163087845
2024-01-21 17:18:41,0.135640859604,25377,1.09523701668
2024-01-21 17:18:42,0.163821935654,26277,1.05031299591
2024-01-21 17:18:43,0.148921966553,26115,1.0124168396
2024-01-21 17:18:45,0.127986907959,25686,1.00381398201
2024-01-21 17:18:46,0.149580001831,25800,1.01484298706
2024-01-21 17:18:47,0.136355161667,25803,1.05941700935
2024-01-21 17:18:48,0.14365196228,24822,1.05106902122
2024-01-21 17:18:49,0.137478113174,25089,1.0726518631
2024-01-21 17:18:50,0.13040804863,25209,0.982456922531
2024-01-21 17:18:52,0.144966125488,25311,1.08660197258
2024-01-21 17:18:53,0.115967988968,25893,1.06825494766
2024-01-21 17:18:54,0.151932954788,25347,1.0524661541
2024-01-21 17:18:55,0.124248027802,25185,1.13209295273
2024-01-21 17:18:56,0.136034011841,25182,1.02991890907
2024-01-21 17:18:58,0.134365081787,24732,1.09947395325
2024-01-21 17:18:59,0.152858972549,24702,1.08199286461
2024-01-21 17:19:00,0.133810997009,26208,1.05403614044
2024-01-21 17:19:01,0.136933088303,25620,1.08315896988
2024-01-21 17:19:03,0.171417951584,25698,1.03691315651
2024-01-21 17:19:04,0.162247896194,25752,0.991822957993
2024-01-21 17:19:05,0.206974029541,25821,1.03534889221
2024-01-21 17:19:06,0.16468501091,25707,1.03085803986
2024-01-21 17:19:07,0.11665391922,25755,0.965516090393
2024-01-21 17:19:08,0.128575086594,25803,1.10449314117
2024-01-21 17:19:10,0.15417098999,25599,1.12604880333
2024-01-21 17:19:11,0.117479085922,25665,1.09677600861
2024-01-21 17:19:12,0.152079105377,25818,0.991611003876
2024-01-21 17:19:13,0.156640052795,25668,0.978500127792
2024-01-21 17:19:14,0.11735701561,25617,1.0925359726
2024-01-21 17:19:16,0.160783052444,25845,1.03071212769
2024-01-21 17:19:17,0.113767147064,25824,1.0032119751
2024-01-21 17:19:18,0.128123998642,25785,1.12326097488
2024-01-21 17:19:19,0.173691987991,25827,1.05843997002
2024-01-21 17:19:20,0.144768953323,25704,1.04624199867
2024-01-21 17:19:22,0.118260860443,27183,1.02626204491
2024-01-21 17:19:23,0.160518169403,25980,1.00902819633
2024-01-21 17:19:24,0.140008926392,25668,1.07943797112
2024-01-21 17:19:25,0.135286092758,24672,1.05910181999
2024-01-21 17:19:26,0.134802103043,24750,1.13333797455
2024-01-21 17:19:28,0.150578975677,24798,1.14236092567
2024-01-21 17:19:29,0.16477394104,24882,1.10575509071
2024-01-21 17:19:30,0.12008690834,25125,1.19246888161
2024-01-21 17:19:31,0.137669086456,25932,1.04425597191
2024-01-21 17:19:33,0.152611017227,25953,1.07450795174
2024-01-21 17:19:34,0.146645069122,25917,1.16094613075
2024-01-21 17:19:35,0.209188938141,25665,1.03724098206
2024-01-21 17:19:36,0.160355091095,24912,1.16632509232
2024-01-21 17:19:38,0.163321971893,25509,1.14139699936
2024-01-21 17:19:39,0.160156011581,25839,1.19258093834
2024-01-21 17:19:40,0.148066997528,24801,1.05362987518
2024-01-21 17:19:42,0.169327020645,25359,1.07359600067
2024-01-21 17:19:43,0.157311916351,24663,1.07534885406
2024-01-21 17:19:44,0.132389068604,24741,1.06380319595
2024-01-21 17:19:45,0.135960102081,24834,1.12537097931
2024-01-21 17:19:47,0.141247034073,25053,1.05516982079
2024-01-21 17:19:48,0.143660783768,24864,1.07555198669
2024-01-21 17:19:49,0.188313961029,24759,1.20580077171
2024-01-21 17:19:50,0.128159046173,24906,1.18072795868
2024-01-21 17:19:52,0.128658056259,24930,1.18253397942
2024-01-21 17:19:53,0.163163900375,24807,1.17696094513
2024-01-21 17:19:54,0.13189291954,24966,1.12998199463
2024-01-21 17:19:56,0.133964061737,24984,1.0344979763
2024-01-21 17:19:57,0.16523194313,24918,1.02458095551
2024-01-21 17:19:58,0.148337841034,24681,1.11778497696
2024-01-21 17:19:59,0.14605307579,24942,1.04340291023
2024-01-21 17:20:00,0.152266025543,24795,1.04651212692
2024-01-21 17:20:02,0.211355209351,24651,1.06335997581
2024-01-21 17:28:48,0.142647981644,24921,1.11829400063
2024-01-21 17:28:49,0.121465921402,23496,1.06802797318
2024-01-21 17:28:50,0.131900072098,23730,1.12143707275
2024-01-21 17:28:51,0.233555793762,24006,1.07869410515
2024-01-21 17:28:53,0.155386924744,24285,1.01177000999
2024-01-21 17:28:54,0.129622936249,23850,1.07655191422
2024-01-21 17:28:55,0.128671169281,23844,1.11960196495
2024-01-21 17:28:56,0.140022039413,24057,1.13030004501
2024-01-21 17:28:58,0.169698953629,24357,1.05965995789
2024-01-21 17:28:59,0.142519950867,24324,1.04121780396
2024-01-21 17:29:00,0.143620967865,24510,1.11083984375
2024-01-21 17:29:01,0.134919881821,23835,1.06244802475
2024-01-21 17:29:02,0.148951053619,24534,1.03063488007
2024-01-21 17:29:04,0.15546298027,24864,0.969516038895
2024-01-21 17:29:05,0.185330152512,24702,0.969923019409
2024-01-21 17:29:06,0.140430927277,24867,0.951327800751
2024-01-21 17:29:07,0.145884037018,24468,1.00971317291
2024-01-21 17:29:08,0.122839927673,24876,1.08242988586
2024-01-21 17:29:09,0.116802930832,24864,1.17204618454
2024-01-21 17:29:11,0.150336027145,24138,1.01845788956
2024-01-21 17:29:12,0.156351089478,23382,1.03626012802
2024-01-21 17:29:13,0.130791902542,23433,1.04595112801
2024-01-21 17:29:14,0.20853805542,23352,1.12413883209
2024-01-21 17:29:15,0.117066144943,23343,1.03430485725
2024-01-21 17:29:17,0.137022018433,23901,1.12294197083
2024-01-21 17:29:18,0.193151950836,24300,1.06874418259
2024-01-21 17:29:19,0.168576002121,24234,1.03081297874
2024-01-21 17:29:20,0.163006067276,24273,1.06654500961
2024-01-21 17:29:22,0.177052974701,24549,1.0062251091
2024-01-21 17:29:23,0.147862195969,23517,1.01985192299
2024-01-21 17:29:24,0.179982185364,23634,1.01951003075
