timestamp,image_capture_time,compressed_image_size_bytes,densecap_request_response_time
2024-01-21 22:09:43,0.14457821846,33993,1.1887319088
2024-01-21 22:09:45,0.145362854004,28857,1.11357784271
2024-01-21 22:09:46,0.11883187294,29448,0.992686033249
2024-01-21 22:09:47,0.164119005203,31239,0.979781866074
2024-01-21 22:09:48,0.161680936813,31476,1.05485582352
2024-01-21 22:09:49,0.154648065567,28995,1.03244304657
2024-01-21 22:09:51,0.154253005981,29835,1.00977301598
2024-01-21 22:09:52,0.131155014038,30999,0.93937087059
2024-01-21 22:09:53,0.117475032806,36942,0.999511957169
2024-01-21 22:09:54,0.135048866272,33282,0.974974870682
2024-01-21 22:09:55,0.145920991898,35502,1.03548884392
2024-01-21 22:09:56,0.164923191071,38166,1.04576206207
2024-01-21 22:09:58,0.152271032333,38541,1.06718707085
2024-01-21 22:09:59,0.161691188812,38832,0.969363212585
2024-01-21 22:10:00,0.199195861816,38853,1.01396489143
2024-01-21 22:10:01,0.128983974457,29733,1.09543991089
2024-01-21 22:10:02,0.133666992188,28911,1.00035905838
2024-01-21 22:10:03,0.132648944855,29328,1.12227296829
2024-01-21 22:10:05,0.144984006882,31413,1.01212215424
2024-01-21 22:10:06,0.187030076981,32838,1.04816293716
2024-01-21 22:10:07,0.120853900909,30006,1.016477108
2024-01-21 22:10:08,0.166129112244,30894,1.02689599991
2024-01-21 22:10:09,0.121204137802,34827,1.05547714233
2024-01-21 22:10:11,0.13897395134,32493,1.02691698074
2024-01-21 22:10:12,0.16058588028,32361,0.960412979126
2024-01-21 22:10:13,0.183063983917,33687,1.08397507668
2024-01-21 22:10:14,0.119166851044,34719,1.00275492668
2024-01-21 22:10:15,0.127676963806,34932,1.04898405075
2024-01-21 22:10:16,0.148802995682,32424,1.12026810646
2024-01-21 22:10:18,0.145295143127,33627,0.966982126236
2024-01-21 22:10:19,0.132694005966,32481,0.984761953354
2024-01-21 22:10:20,0.164259910583,33669,1.01545381546
2024-01-21 22:10:21,0.159602165222,27483,0.997943162918
2024-01-21 22:10:22,0.140282869339,28848,0.997489929199
2024-01-21 22:10:23,0.137326955795,31644,1.03740906715
2024-01-21 22:10:25,0.133589982986,36525,1.0444560051
2024-01-21 22:10:26,0.135705947876,38625,1.05086898804
2024-01-21 22:10:27,0.138638973236,38904,1.05779194832
2024-01-21 22:10:28,0.14585185051,40140,1.08090496063
2024-01-21 22:10:29,0.157006978989,62385,1.48132991791
2024-01-21 22:10:31,0.206753015518,21720,1.04453396797
2024-01-21 22:10:32,0.152307033539,31542,1.18217611313
2024-01-21 22:10:34,0.196233034134,31524,1.3592839241
2024-01-21 22:10:35,0.162100076675,29436,1.06558918953
2024-01-21 22:10:36,0.148599147797,27021,1.1545188427
2024-01-21 22:10:38,0.172029018402,34338,1.16425490379
2024-01-21 22:10:39,0.166651010513,31902,1.22640299797
2024-01-21 22:10:40,0.139993906021,32007,1.26213908195
2024-01-21 22:10:42,0.225710868835,34008,1.23177790642
2024-01-21 22:10:43,0.169599056244,34116,1.23628807068
2024-01-21 22:10:45,0.162909030914,31011,1.15501093864
2024-01-21 22:10:46,0.142024040222,33465,1.25709295273
2024-01-21 22:10:47,0.119074821472,34836,1.16067409515
2024-01-21 22:10:49,0.13872718811,33942,1.15570497513
2024-01-21 22:10:50,0.183643817902,31326,1.06958818436
2024-01-21 22:10:51,0.210902929306,22242,1.06469488144
2024-01-21 22:10:53,0.134521007538,29478,1.03835487366
2024-01-21 22:10:54,0.13870716095,22068,1.0591750145
2024-01-21 22:10:55,0.139422178268,32835,1.07743096352
2024-01-21 22:10:56,0.123739957809,32427,1.16283988953
2024-01-21 22:10:57,0.134594202042,29865,1.17927908897
2024-01-21 22:10:59,0.120980978012,32100,1.16320991516
2024-01-21 22:11:00,0.139217853546,32127,1.1997089386
2024-01-21 22:11:01,0.152770042419,32664,1.20901417732
2024-01-21 22:11:03,0.146490812302,32775,1.22280788422
2024-01-21 22:11:04,0.221962928772,32436,1.15016198158
2024-01-21 22:11:05,0.142437934875,27993,1.23260903358
2024-01-21 22:11:07,0.166489839554,27882,1.1461122036
2024-01-21 22:11:08,0.15700006485,28302,1.01881504059
2024-01-21 22:11:09,0.127303123474,22788,1.1335978508
2024-01-21 22:11:11,0.160654067993,32238,1.18735599518
2024-01-21 22:11:12,0.141324996948,30882,1.18732190132
2024-01-21 22:11:13,0.127832889557,32754,1.27157592773
2024-01-21 22:11:15,0.115380048752,32100,1.20873403549
2024-01-21 22:11:16,0.157611846924,33816,1.27801299095
2024-01-21 22:11:17,0.122616052628,30792,1.20343804359
2024-01-21 22:11:19,0.125111103058,32412,1.18297696114
2024-01-21 22:11:20,0.117477893829,32895,1.17980909348
2024-01-21 22:11:21,0.177459955215,33198,1.34153699875
2024-01-21 22:11:23,0.151289224625,31428,1.12796115875
2024-01-21 22:11:24,0.177227020264,25842,1.07039308548
2024-01-21 22:11:25,0.141052961349,26316,1.17527413368
2024-01-21 22:11:27,0.167413949966,22335,1.04567599297
2024-01-21 22:11:28,0.166135072708,28176,1.23003196716
2024-01-21 22:11:29,0.168950080872,22770,1.09719610214
2024-01-21 22:11:31,0.175671100616,29280,1.10444617271
2024-01-21 22:11:32,0.120319843292,34605,1.29248690605
2024-01-21 22:11:33,0.141190052032,21420,0.96512389183
2024-01-21 22:11:34,0.132874011993,22692,1.07534003258
2024-01-21 22:11:36,0.127058982849,25011,1.14318680763
2024-01-21 22:11:37,0.121484994888,28500,1.18054199219
2024-01-21 22:11:38,0.115796089172,29805,1.14853811264
2024-01-21 22:11:39,0.164728879929,30714,1.19449400902
2024-01-21 22:11:41,0.144123077393,26607,1.19329881668
2024-01-21 22:11:42,0.117312908173,28812,1.20174908638
2024-01-21 22:11:43,0.133677959442,30462,1.23632502556
2024-01-21 22:11:45,0.155956029892,30348,1.15861797333
2024-01-21 22:11:46,0.142543077469,27414,1.24167609215
2024-01-21 22:11:48,0.158471822739,24789,1.18569207191
2024-01-21 22:11:49,0.120528936386,30804,1.08254098892
2024-01-21 22:11:50,0.166746139526,29853,1.25088906288
2024-01-21 22:11:51,0.12822508812,29862,1.34118008614
2024-01-21 22:11:53,0.119849920273,28683,1.23885393143
2024-01-21 22:11:54,0.125230073929,22707,1.07546210289
2024-01-21 22:11:56,0.153683900833,35451,1.21689605713
2024-01-21 22:11:57,0.121162891388,27318,1.18424391747
2024-01-21 22:11:58,0.114132165909,26346,0.995139122009
2024-01-21 22:11:59,0.158583879471,28920,1.14758396149
2024-01-21 22:12:01,0.151304960251,29694,1.28349494934
2024-01-21 22:12:02,0.181699037552,28122,1.17268419266
2024-01-21 22:12:03,0.137589931488,26289,1.12376999855
2024-01-21 22:12:05,0.142541885376,29763,1.17576098442
2024-01-21 22:12:06,0.136807203293,24849,1.031208992
2024-01-21 22:12:07,0.156935930252,29922,1.19640493393
2024-01-21 22:12:08,0.132632017136,26454,1.26117897034
2024-01-21 22:12:10,0.169107913971,32478,1.16359019279
2024-01-21 22:12:11,0.178143978119,25368,1.16850304604
2024-01-21 22:12:13,0.124725103378,25419,1.14141392708
2024-01-21 22:12:14,0.168095827103,25752,1.14675402641
2024-01-21 22:12:15,0.142510175705,31122,1.18138504028
2024-01-21 22:12:16,0.152386903763,35349,1.13263106346
2024-01-21 22:12:18,0.163134813309,23382,1.131980896
2024-01-21 22:12:19,0.167934894562,32994,1.18377614021
2024-01-21 22:12:20,0.11484003067,31245,1.13698816299
2024-01-21 22:12:22,0.175637960434,27084,1.06851696968
2024-01-21 22:12:23,0.11532497406,28866,1.22053098679
2024-01-21 22:12:24,0.114747047424,28722,1.19154810905
2024-01-21 22:12:26,0.170311927795,26559,1.18121099472
2024-01-21 22:12:27,0.133534908295,26970,1.06230592728
2024-01-21 22:12:28,0.124190092087,28878,1.14846515656
2024-01-21 22:12:29,0.149478912354,29037,1.20920491219
2024-01-21 22:12:31,0.155553102493,26961,1.09386515617
2024-01-21 22:12:32,0.173350095749,29208,1.0554049015
2024-01-21 22:12:33,0.143074989319,30036,1.06879115105
2024-01-21 22:12:34,0.136512994766,23487,1.23191595078
2024-01-21 22:12:36,0.189312934875,25593,1.15741705894
2024-01-21 22:12:37,0.165853977203,24963,1.22989797592
2024-01-21 22:12:39,0.113903045654,25422,1.15351200104
2024-01-21 22:12:40,0.187711000443,29427,1.25934505463
2024-01-21 22:12:41,0.138391971588,25530,1.10294294357
2024-01-21 22:12:42,0.188053846359,27873,1.28358697891
2024-01-21 22:12:44,0.170622110367,23373,1.06373691559
2024-01-21 22:12:45,0.135360956192,25188,1.16099381447
2024-01-21 22:12:46,0.137953042984,25284,1.243309021
2024-01-21 22:12:48,0.163837194443,22959,1.14067101479
2024-01-21 22:12:49,0.126778125763,21690,1.02190709114
2024-01-21 22:12:50,0.177618026733,24162,1.22659492493
2024-01-21 22:12:52,0.171399831772,23337,1.08137106895
2024-01-21 22:12:53,0.176706075668,23901,1.21424889565
2024-01-21 22:12:54,0.129317045212,24156,1.19181084633
2024-01-21 22:12:56,0.137646913528,22518,1.10720086098
2024-01-21 22:12:57,0.124776124954,23256,1.09472584724
2024-01-21 22:12:58,0.137470960617,22110,1.08449697495
2024-01-21 22:12:59,0.116224050522,22884,1.00539803505
2024-01-21 22:13:01,0.129312038422,37878,1.15299391747
2024-01-21 22:13:02,0.144043207169,23409,1.06039023399
2024-01-21 22:13:03,0.166388034821,22023,1.04481887817
2024-01-21 22:13:04,0.151547908783,21996,1.09349489212
2024-01-21 22:13:05,0.125868082047,21957,1.09408688545
2024-01-21 22:13:07,0.12534403801,22200,1.1027200222
2024-01-21 22:13:08,0.132982969284,26865,1.08983302116
2024-01-21 22:13:09,0.143131971359,22635,1.03462314606
2024-01-21 22:13:10,0.127599954605,22314,1.02900505066
2024-01-21 22:13:11,0.138352155685,22293,1.06452894211
2024-01-21 22:13:13,0.133733034134,22431,1.0118432045
2024-01-21 22:13:14,0.120496988297,22641,1.11985206604
2024-01-21 22:13:15,0.146731853485,23370,1.0670568943
2024-01-21 22:13:16,0.131451129913,23358,1.13843178749
2024-01-21 22:13:18,0.123881816864,22473,1.11424183846
2024-01-21 22:13:19,0.151860952377,22731,1.10209107399
2024-01-21 22:13:20,0.152953863144,23007,1.14166498184
2024-01-21 22:13:21,0.157371997833,22980,1.09303188324
2024-01-21 22:13:23,0.152841091156,23418,1.03053689003
2024-01-21 22:13:24,0.164749860764,22593,1.18554496765
2024-01-21 22:13:25,0.11709189415,22734,0.972976922989
2024-01-21 22:13:26,0.160990953445,23181,1.09679579735
2024-01-21 22:13:27,0.136967182159,21906,1.09034109116
2024-01-21 22:13:29,0.175354003906,22323,1.04372215271
2024-01-21 22:13:30,0.120411872864,22191,1.13966393471
2024-01-21 22:13:31,0.190603971481,22512,1.09820318222
2024-01-21 22:13:32,0.131170988083,25935,1.18408703804
2024-01-21 22:13:34,0.149369001389,25236,1.22552394867
2024-01-21 22:13:35,0.143498182297,22422,1.07058811188
2024-01-21 22:13:36,0.147011041641,22368,1.06880092621
2024-01-21 22:13:38,0.145750999451,22260,1.081843853
2024-01-21 22:13:39,0.113214969635,22224,1.11822986603
2024-01-21 22:13:40,0.130089998245,22095,1.07771492004
2024-01-21 22:13:41,0.161760091782,22653,1.10329508781
2024-01-21 22:13:43,0.1431889534,23751,1.05670309067
2024-01-21 22:13:44,0.141268014908,24429,1.16521906853
2024-01-21 22:13:45,0.130542993546,24546,1.19889211655
2024-01-21 22:13:46,0.154970884323,23361,1.18068289757
2024-01-21 22:13:48,0.16460108757,23841,1.14582014084
2024-01-21 22:13:49,0.164464950562,24384,1.17766213417
2024-01-21 22:13:50,0.141265153885,23007,1.27191901207
2024-01-21 22:13:52,0.137156009674,22197,1.0079190731
2024-01-21 22:13:53,0.154003858566,22878,1.08367300034
2024-01-21 22:13:54,0.164994955063,23523,1.04222893715
2024-01-21 22:13:55,0.133797883987,23892,1.09678196907
2024-01-21 22:13:57,0.177061080933,23751,1.11262488365
2024-01-21 22:13:58,0.115280866623,22626,1.05520606041
2024-01-21 22:13:59,0.14265704155,22647,1.11257719994
2024-01-21 22:14:00,0.14055109024,22644,1.08713912964
2024-01-21 22:14:02,0.210901975632,22698,1.15843987465
2024-01-21 22:14:03,0.140372991562,26505,1.15322709084
2024-01-21 22:14:04,0.145654916763,24618,1.11848402023
2024-01-21 22:14:05,0.125576019287,24549,1.273832798
2024-01-21 22:14:07,0.127001047134,27348,1.12404489517
2024-01-21 22:14:08,0.192835092545,22794,1.07736086845
2024-01-21 22:14:09,0.138983011246,22989,1.0131649971
2024-01-21 22:14:11,0.169366836548,23115,1.15714907646
2024-01-21 22:14:12,0.120548963547,21756,1.03178095818
2024-01-21 22:14:13,0.164510011673,22071,1.04026412964
2024-01-21 22:14:14,0.126711130142,22146,1.03501319885
2024-01-21 22:14:15,0.145226955414,22461,1.16260910034
2024-01-21 22:14:17,0.123471975327,22362,1.10514688492
2024-01-21 22:14:18,0.147141218185,22014,1.10767817497
2024-01-21 22:14:19,0.137933969498,21996,1.06021094322
2024-01-21 22:14:20,0.13562297821,22659,1.06212496758
2024-01-21 22:14:22,0.144279003143,22275,1.02008104324
2024-01-21 22:14:23,0.138839960098,22245,1.05287885666
2024-01-21 22:14:24,0.146566867828,22245,1.04856705666
2024-01-21 22:14:25,0.114011049271,22236,1.07923102379
2024-01-21 22:14:26,0.146651983261,22482,1.0594830513
2024-01-21 22:14:28,0.141340970993,22830,1.03016281128
2024-01-21 22:14:29,0.174746990204,22524,1.03885602951
2024-01-21 22:14:30,0.155123949051,22443,1.09405303001
2024-01-21 22:14:31,0.164546012878,22761,1.10514616966
2024-01-21 22:14:32,0.138827800751,22884,1.06467199326
2024-01-21 22:14:34,0.166296005249,22662,1.08223891258
2024-01-21 22:14:35,0.133178949356,23427,1.14101290703
2024-01-21 22:14:36,0.14458990097,22977,1.08657693863
2024-01-21 22:14:37,0.143002033234,22812,1.11972808838
2024-01-21 22:14:39,0.167926073074,22344,1.0786588192
2024-01-21 22:14:40,0.15688586235,22410,1.03478717804
2024-01-21 22:14:41,0.1392390728,22182,1.04190993309
2024-01-21 22:14:42,0.124013900757,22443,1.15005803108
2024-01-21 22:14:44,0.137809991837,22890,1.1366109848
2024-01-21 22:14:45,0.138781070709,22272,1.08608484268
2024-01-21 22:14:46,0.179807901382,22404,1.06587600708
2024-01-21 22:14:47,0.134783983231,22524,1.07295584679
2024-01-21 22:14:48,0.128142118454,22566,1.08936595917
2024-01-21 22:14:50,0.13985490799,22167,1.06101799011
2024-01-21 22:14:51,0.137777090073,22617,1.1579580307
2024-01-21 22:14:52,0.139648914337,22746,1.12381386757
2024-01-21 22:14:53,0.143916130066,23364,1.10253095627
2024-01-21 22:14:55,0.141582012177,22809,1.07813811302
2024-01-21 22:14:56,0.163532018661,22530,1.10937595367
2024-01-21 22:14:57,0.18984413147,22830,1.13718485832
2024-01-21 22:14:59,0.162827014923,23265,1.17064905167
2024-01-21 22:15:00,0.196438789368,22689,1.11129808426
2024-01-21 22:15:01,0.164000034332,22755,1.08883285522
2024-01-21 22:15:02,0.145900011063,22836,1.04082679749
2024-01-21 22:15:04,0.127530097961,24516,1.14031600952
2024-01-21 22:15:05,0.15483379364,23067,1.06807494164
2024-01-21 22:15:06,0.133431911469,23052,1.15136194229
2024-01-21 22:15:07,0.140719890594,22302,1.04770684242
2024-01-21 22:15:09,0.15460896492,24033,1.10084605217
2024-01-21 22:15:10,0.128695011139,22911,1.02044606209
2024-01-21 22:15:11,0.135082006454,25659,1.07025814056
2024-01-21 22:15:12,0.143764972687,25707,1.14187717438
2024-01-21 22:15:13,0.141222953796,24429,1.10753512383
2024-01-21 22:15:15,0.136468887329,23967,1.01423692703
2024-01-21 22:15:16,0.118084907532,24390,1.0295689106
2024-01-21 22:15:17,0.169675111771,25047,1.13523817062
2024-01-21 22:15:18,0.131056070328,24837,1.12550616264
2024-01-21 22:15:20,0.152254104614,23898,1.10182499886
2024-01-21 22:15:21,0.188838005066,26118,1.28091597557
2024-01-21 22:15:22,0.171373128891,26535,1.02436089516
2024-01-21 22:15:24,0.11790895462,27063,1.10985088348
2024-01-21 22:15:25,0.147053956985,27159,1.11315989494
2024-01-21 22:15:26,0.156658172607,28488,1.20697116852
2024-01-21 22:15:27,0.146666049957,29109,1.20486807823
2024-01-21 22:15:29,0.1810131073,28233,1.13655209541
2024-01-21 22:15:30,0.141394138336,22785,1.13790678978
2024-01-21 22:15:31,0.185584068298,24789,1.28522920609
2024-01-21 22:15:33,0.138893842697,26307,1.1604809761
2024-01-21 22:15:34,0.138397932053,25725,1.15500402451
2024-01-21 22:15:35,0.146286010742,26352,1.09759306908
2024-01-21 22:15:37,0.133064031601,26229,1.11567091942
2024-01-21 22:15:38,0.151737928391,25791,1.13511586189
2024-01-21 22:15:39,0.166801929474,25512,1.03556704521
2024-01-21 22:15:40,0.17952299118,24720,1.13683819771
2024-01-21 22:15:42,0.139678001404,23988,1.04618501663
2024-01-21 22:15:43,0.152470111847,23748,1.07349514961
2024-01-21 22:15:44,0.129048109055,64368,1.51096200943
2024-01-21 22:15:46,0.179859876633,100785,1.52160787582
2024-01-21 22:15:47,0.174573898315,101448,1.72059011459
2024-01-21 22:15:49,0.126488924026,101682,1.62956905365
2024-01-21 22:15:51,0.185246944427,100638,1.49143314362
2024-01-21 22:15:53,0.157896995544,100638,1.6187980175
2024-01-21 22:15:55,0.168606042862,102693,1.70309185982
2024-01-21 22:15:56,0.142247915268,44403,1.45289301872
2024-01-21 22:15:58,0.151874065399,34470,1.23628902435
2024-01-21 22:15:59,0.167362928391,34077,1.1950480938
2024-01-21 22:16:01,0.141054153442,36972,1.20648407936
2024-01-21 22:16:02,0.160311937332,44265,1.33282113075
2024-01-21 22:16:04,0.137732982635,32874,1.17820191383
2024-01-21 22:16:05,0.127074956894,80640,1.51207518578
2024-01-21 22:16:07,0.138556003571,95106,1.59423494339
2024-01-21 22:16:08,0.147849082947,97065,1.56191301346
2024-01-21 22:16:10,0.141305923462,91542,1.58599090576
2024-01-21 22:16:12,0.160583019257,95346,1.64465093613
2024-01-21 22:16:14,0.161252975464,96294,1.47423291206
2024-01-21 22:16:15,0.161519050598,74097,1.26416397095
2024-01-21 22:16:17,0.13633108139,85452,1.43824100494
2024-01-21 22:16:18,0.165604829788,77694,1.43284106255
2024-01-21 22:16:20,0.150767087936,88401,1.77930688858
2024-01-21 22:16:22,0.219820976257,32898,1.37943506241
2024-01-21 22:16:23,0.160012960434,28437,1.26415300369
2024-01-21 22:16:25,0.13313794136,29364,1.16914987564
2024-01-21 22:16:26,0.136184215546,30222,1.14156699181
2024-01-21 22:16:27,0.184044837952,33492,1.21716213226
2024-01-21 22:16:29,0.182700872421,34995,1.29602503777
2024-01-21 22:16:30,0.157866001129,32409,1.16894006729
2024-01-21 22:16:32,0.175127029419,34197,1.28547501564
2024-01-21 22:16:33,0.115249872208,33897,1.32823896408
2024-01-21 22:16:34,0.133509159088,31035,1.16121411324
2024-01-21 22:16:36,0.173046112061,31797,1.10981702805
2024-01-21 22:16:37,0.143353939056,37029,1.24933981895
2024-01-21 22:16:38,0.128269910812,36987,1.26490187645
2024-01-21 22:16:40,0.13158082962,28347,1.09204697609
2024-01-21 22:16:41,0.172585964203,29481,1.17795801163
2024-01-21 22:16:42,0.123775005341,29106,1.13320398331
2024-01-21 22:16:44,0.132498025894,28971,1.08953809738
2024-01-21 22:16:45,0.14971780777,29508,1.05026912689
2024-01-21 22:16:46,0.159375905991,29637,1.06726002693
2024-01-21 22:16:47,0.147956132889,29535,1.21522712708
2024-01-21 22:16:49,0.137673854828,29610,1.1220459938
2024-01-21 22:16:50,0.176800012589,30912,1.16161894798
2024-01-21 22:16:51,0.137586116791,31062,1.17247080803
2024-01-21 22:16:53,0.142893075943,33069,1.15473794937
2024-01-21 22:16:54,0.141619920731,30447,1.16180205345
2024-01-21 22:16:55,0.168373823166,30972,1.1916179657
2024-01-21 22:16:57,0.142062187195,29574,1.166659832
2024-01-21 22:16:58,0.139472007751,29625,1.12269496918
2024-01-21 22:16:59,0.135635137558,30108,1.0882461071
2024-01-21 22:17:00,0.142445087433,31104,1.10586500168
2024-01-21 22:17:02,0.169345140457,30753,1.13668608665
2024-01-21 22:17:03,0.124806880951,30138,1.09499597549
2024-01-21 22:17:04,0.130427837372,28119,1.17262601852
2024-01-21 22:17:05,0.126265048981,28635,1.11804914474
2024-01-21 22:17:07,0.132894992828,30873,1.18527698517
2024-01-21 22:17:08,0.150802850723,30960,1.18427205086
2024-01-21 22:17:09,0.181222915649,30669,1.14278507233
2024-01-21 22:17:11,0.170161008835,29712,1.13110017776
2024-01-21 22:17:12,0.166090011597,29796,1.25800299644
2024-01-21 22:17:13,0.230772018433,30351,1.1554248333
2024-01-21 22:17:15,0.123367071152,28218,1.33105897903
2024-01-21 22:17:16,0.18909406662,29739,1.14131808281
2024-01-21 22:17:18,0.133314847946,27531,1.11768388748
2024-01-21 22:17:19,0.209464073181,30651,1.18524193764
2024-01-21 22:17:20,0.187312841415,31800,1.18858289719
2024-01-21 22:17:22,0.16280412674,29799,1.08446216583
2024-01-21 22:17:23,0.147646903992,30261,1.15150499344
2024-01-21 22:17:24,0.147911787033,29097,1.1546599865
2024-01-21 22:17:25,0.144283056259,29970,1.16103219986
2024-01-21 22:17:27,0.150485992432,29604,1.18167686462
2024-01-21 22:17:28,0.168313026428,27453,1.23153805733
2024-01-21 22:17:29,0.148153066635,27609,1.16219210625
2024-01-21 22:17:31,0.134783983231,27942,1.11032700539
2024-01-21 22:17:32,0.123332977295,30408,1.21298599243
2024-01-21 22:17:33,0.1646900177,30003,1.26981711388
2024-01-21 22:17:35,0.114114046097,28860,1.13882088661
2024-01-21 22:17:36,0.185982942581,29052,1.1195371151
2024-01-21 22:17:37,0.160947084427,27903,1.20692682266
2024-01-21 22:17:39,0.127926826477,36897,1.14474701881
2024-01-21 22:17:40,0.114750862122,35634,1.16261196136
2024-01-21 22:17:41,0.160342931747,26610,1.09071993828
2024-01-21 22:17:42,0.148082017899,26139,1.08120989799
2024-01-21 22:17:44,0.137949943542,27804,1.13188195229
2024-01-21 22:17:45,0.161673069,29124,1.20104289055
2024-01-21 22:17:46,0.145486831665,27561,1.39113688469
2024-01-21 22:17:48,0.137229919434,29919,1.17128300667
2024-01-21 22:17:49,0.150178194046,29442,1.28546404839
2024-01-21 22:17:51,0.127240896225,31299,1.15001010895
2024-01-21 22:17:52,0.116534948349,31257,1.16799497604
2024-01-21 22:17:53,0.130995035172,31371,1.24714612961
2024-01-21 22:17:55,0.15123796463,27936,1.14559984207
2024-01-21 22:17:56,0.125864028931,30426,1.2686829567
2024-01-21 22:17:57,0.127935171127,29403,1.28100395203
2024-01-21 22:17:59,0.144890069962,30225,1.24592399597
2024-01-21 22:18:00,0.168030977249,29748,1.17972016335
2024-01-21 22:18:01,0.161520957947,29598,1.23876881599
2024-01-21 22:18:03,0.157871007919,29283,1.16238498688
2024-01-21 22:18:04,0.136566877365,30576,1.23537611961
2024-01-21 22:18:06,0.141655921936,30753,1.10723495483
2024-01-21 22:18:07,0.127297878265,27597,1.13950896263
2024-01-21 22:18:08,0.124521017075,28419,1.16465497017
2024-01-21 22:18:09,0.134360074997,29127,1.1615459919
2024-01-21 22:18:11,0.138111114502,28209,1.1620619297
2024-01-21 22:18:12,0.140660047531,27921,1.20307588577
2024-01-21 22:18:13,0.159612894058,27309,1.26582384109
2024-01-21 22:18:15,0.140241146088,29397,1.2399520874
2024-01-21 22:18:16,0.160805940628,28407,1.23201990128
2024-01-21 22:18:17,0.167047023773,30705,1.19656586647
2024-01-21 22:18:19,0.157323122025,28035,1.02797913551
2024-01-21 22:18:20,0.138337135315,33306,1.19543004036
2024-01-21 22:18:21,0.157551050186,30477,1.22910785675
2024-01-21 22:18:23,0.119720935822,28872,1.24457001686
2024-01-21 22:18:24,0.153814792633,28926,1.0917429924
2024-01-21 22:18:25,0.142420053482,30915,1.20355582237
2024-01-21 22:18:27,0.185998916626,35688,1.25199508667
2024-01-21 22:18:28,0.128682136536,31521,1.17220807076
2024-01-21 22:18:29,0.1474609375,31467,1.22609782219
2024-01-21 22:18:31,0.231257915497,29631,1.22071099281
2024-01-21 22:18:32,0.126014947891,75564,1.47103786469
2024-01-21 22:18:34,0.178276777267,88959,1.68767094612
2024-01-21 22:18:36,0.14589214325,80664,1.51739883423
2024-01-21 22:18:37,0.146185874939,86784,1.62268710136
2024-01-21 22:18:39,0.130334854126,87018,1.42277908325
2024-01-21 22:18:41,0.189165830612,75261,1.68151307106
2024-01-21 22:18:43,0.130234956741,66627,1.48171615601
2024-01-21 22:18:44,0.120455026627,81924,1.48060011864
2024-01-21 22:18:46,0.134103059769,80814,1.53493690491
2024-01-21 22:18:47,0.152874946594,80937,1.4673678875
2024-01-21 22:18:49,0.12079501152,35619,1.22697401047
2024-01-21 22:18:50,0.17262005806,30756,1.05834007263
2024-01-21 22:18:52,0.195896148682,33459,1.17308211327
2024-01-21 22:18:53,0.168348073959,31323,1.1254119873
2024-01-21 22:18:54,0.165294885635,34560,1.18588089943
2024-01-21 22:18:56,0.183835983276,35871,1.29373311996
2024-01-21 22:18:57,0.149482011795,32205,1.12242293358
2024-01-21 22:18:58,0.167912960052,40305,1.16796207428
2024-01-21 22:19:00,0.131641864777,35427,1.29688596725
2024-01-21 22:19:01,0.134755134583,36282,1.28838300705
2024-01-21 22:19:03,0.146955013275,30117,1.08658289909
2024-01-21 22:19:04,0.17605805397,33315,1.20186710358
2024-01-21 22:19:05,0.197249889374,35151,1.34174799919
2024-01-21 22:19:07,0.126492977142,37761,1.2979221344
2024-01-21 22:19:08,0.132728815079,38070,1.26928687096
2024-01-21 22:19:10,0.182986974716,34119,1.29225277901
2024-01-21 22:19:11,0.178219079971,33228,1.31000804901
2024-01-21 22:19:13,0.128318071365,34311,1.28622603416
2024-01-21 22:19:14,0.178244113922,27327,1.23438310623
2024-01-21 22:19:15,0.14325094223,29910,1.29212498665
2024-01-21 22:19:17,0.126125097275,28119,1.10664391518
2024-01-21 22:19:18,0.145653009415,28863,1.20992398262
2024-01-21 22:19:19,0.165795087814,29307,1.11831021309
2024-01-21 22:19:21,0.173552036285,31023,1.25696921349
2024-01-21 22:19:22,0.14452791214,31662,1.31289601326
2024-01-21 22:19:24,0.125330924988,35514,1.23670101166
2024-01-21 22:19:25,0.141993999481,32625,1.3095099926
2024-01-21 22:19:26,0.143352985382,27813,1.09485888481
2024-01-21 22:19:28,0.158865213394,30873,1.17501211166
2024-01-21 22:19:29,0.201232910156,32745,1.27560091019
2024-01-21 22:19:30,0.191303014755,33948,1.2396440506
2024-01-21 22:19:32,0.146539926529,33447,1.24201798439
2024-01-21 22:19:33,0.157014846802,34176,1.23335790634
2024-01-21 22:19:35,0.165572881699,35709,1.239372015
2024-01-21 22:19:36,0.159217119217,36465,1.25332212448
2024-01-21 22:19:37,0.124276161194,28029,1.05662894249
2024-01-21 22:19:39,0.142962932587,36522,1.23135399818
2024-01-21 22:19:40,0.147601127625,29043,1.17118906975
2024-01-21 22:19:41,0.153320074081,33564,1.25496912003
2024-01-21 22:19:43,0.143425941467,34299,1.44644594193
2024-01-21 22:19:44,0.140992164612,28269,1.15994405746
2024-01-21 22:19:46,0.174592018127,33972,1.31817793846
2024-01-21 22:19:47,0.177262783051,34182,1.21943902969
2024-01-21 22:19:49,0.154695987701,30669,1.26183795929
2024-01-21 22:19:50,0.136841058731,40578,1.22856092453
2024-01-21 22:19:51,0.187736034393,40614,1.28285002708
2024-01-21 22:19:53,0.129745006561,39822,1.26152396202
2024-01-21 22:19:54,0.136164188385,27387,1.11144304276
2024-01-21 22:19:55,0.187052965164,26739,1.08113980293
2024-01-21 22:19:57,0.115754842758,27360,1.1763241291
2024-01-21 22:19:58,0.122709035873,28068,1.21547698975
2024-01-21 22:19:59,0.172334909439,29730,1.34932804108
2024-01-21 22:20:01,0.162763118744,29733,1.1871881485
2024-01-21 22:20:02,0.144678115845,31026,1.23853302002
2024-01-21 22:20:04,0.12614107132,30762,1.1913869381
2024-01-21 22:20:05,0.162062168121,28083,1.19563889503
2024-01-21 22:20:06,0.165287017822,30483,1.22488999367
2024-01-21 22:20:08,0.218079090118,29079,1.14069604874
2024-01-21 22:20:09,0.153860092163,28845,1.1802008152
2024-01-21 22:20:10,0.169713973999,27246,1.01319813728
2024-01-21 22:20:12,0.187700033188,28944,1.12319493294
2024-01-21 22:20:13,0.133041143417,28863,1.13665795326
2024-01-21 22:20:14,0.129922151566,28647,1.22354793549
2024-01-21 22:20:15,0.175073862076,26040,1.10240793228
2024-01-21 22:20:17,0.179729938507,27423,1.1622569561
2024-01-21 22:20:18,0.153075933456,27213,1.16041684151
2024-01-21 22:20:19,0.14505314827,31377,1.23676609993
2024-01-21 22:20:21,0.127067089081,37962,1.32382488251
2024-01-21 22:20:22,0.157634973526,46077,1.39767503738
2024-01-21 22:20:24,0.149973869324,44580,1.45206594467
2024-01-21 22:20:25,0.15335893631,27156,1.11631989479
2024-01-21 22:20:27,0.138780117035,31779,1.23686718941
2024-01-21 22:20:28,0.127785205841,29427,1.27023911476
2024-01-21 22:20:29,0.151438951492,28728,1.34987688065
2024-01-21 22:20:31,0.148743867874,31002,1.14234185219
2024-01-21 22:20:32,0.13340306282,31389,1.15811681747
2024-01-21 22:20:34,0.141716957092,31329,1.12269616127
2024-01-21 22:20:35,0.145716905594,29427,1.26505899429
2024-01-21 22:20:36,0.133103847504,32310,1.20606398582
2024-01-21 22:20:38,0.125006914139,32547,1.12775683403
2024-01-21 22:20:39,0.141805887222,27210,1.07722210884
2024-01-21 22:20:40,0.120751142502,31656,1.27686309814
2024-01-21 22:20:41,0.127098083496,31422,1.16816592216
2024-01-21 22:20:43,0.161754846573,27381,1.10399103165
2024-01-21 22:20:44,0.150878190994,26277,1.01958203316
2024-01-21 22:20:45,0.181283950806,26622,1.07685899734
2024-01-21 22:20:46,0.164324045181,26352,1.12881207466
2024-01-21 22:20:48,0.165687084198,27732,1.08600592613
2024-01-21 22:20:49,0.172924995422,27312,1.01039218903
2024-01-21 22:20:50,0.192633867264,27576,1.04048299789
2024-01-21 22:20:51,0.152030944824,26838,1.03135585785
2024-01-21 22:20:53,0.148739814758,34545,1.33938312531
2024-01-21 22:20:54,0.142805099487,26430,1.01857805252
2024-01-21 22:20:55,0.145340919495,26952,1.0549788475
2024-01-21 22:20:56,0.147036075592,26814,1.07525992393
2024-01-21 22:20:58,0.169238805771,30207,1.15360188484
2024-01-21 22:20:59,0.143587827682,27936,1.18187713623
2024-01-21 22:21:00,0.116194009781,27348,1.05028295517
2024-01-21 22:21:01,0.14875793457,26649,1.13863396645
2024-01-21 22:21:03,0.126876831055,26574,1.11431217194
2024-01-21 22:21:04,0.119868040085,26508,1.1194870472
2024-01-21 22:21:05,0.164608955383,27621,1.02910208702
2024-01-21 22:21:06,0.142292976379,85311,1.5715610981
2024-01-21 22:21:08,0.193791866302,95442,1.56817913055
2024-01-21 22:21:10,0.139485120773,71310,1.607847929
2024-01-21 22:21:12,0.150452136993,93531,1.49058794975
2024-01-21 22:21:13,0.199998140335,92748,1.48235702515
2024-01-21 22:21:15,0.149255990982,82620,1.70404100418
2024-01-21 22:21:17,0.161967992783,91428,1.73926997185
2024-01-21 22:21:19,0.142512798309,87000,1.50118112564
2024-01-21 22:21:20,0.188513994217,87990,1.57309103012
2024-01-21 22:21:22,0.144019126892,88605,1.71850609779
2024-01-21 22:21:24,0.139285087585,71703,1.66554498672
2024-01-21 22:21:26,0.167184114456,94374,1.70844817162
2024-01-21 22:21:28,0.138646125793,32370,1.16606116295
2024-01-21 22:21:29,0.145596027374,32814,1.44361710548
2024-01-21 22:21:31,0.190176010132,33972,1.40692615509
2024-01-21 22:21:32,0.119171857834,32139,1.28000879288
2024-01-21 22:21:34,0.120130062103,27021,1.09891104698
2024-01-21 22:21:35,0.134033203125,28965,1.19865894318
2024-01-21 22:21:36,0.132145166397,31056,1.19770717621
2024-01-21 22:21:37,0.138814926147,31644,1.3059899807
2024-01-21 22:21:39,0.136196136475,33168,1.19267511368
2024-01-21 22:21:40,0.15025806427,33381,1.19276094437
2024-01-21 22:21:42,0.206034898758,31866,1.20624995232
2024-01-21 22:21:43,0.150248765945,34782,1.32768797874
2024-01-21 22:21:44,0.134486913681,35097,1.21389889717
2024-01-21 22:21:46,0.138733148575,28350,1.13594198227
2024-01-21 22:21:47,0.151905059814,29112,1.20322203636
2024-01-21 22:21:48,0.148459911346,37758,1.23740792274
2024-01-21 22:21:50,0.159362077713,26400,1.08607697487
2024-01-21 22:21:51,0.161873102188,26838,1.12087917328
2024-01-21 22:21:52,0.179772138596,26994,1.12730383873
2024-01-21 22:21:54,0.13361287117,32574,1.1776099205
2024-01-21 22:21:55,0.141216039658,31647,1.16100907326
2024-01-21 22:21:56,0.154176950455,30009,1.14522480965
2024-01-21 22:21:58,0.153825998306,31107,1.13862586021
2024-01-21 22:21:59,0.139237165451,30237,1.19823908806
2024-01-21 22:22:00,0.182376861572,30231,1.21780800819
2024-01-21 22:22:02,0.174433946609,29088,1.18249607086
2024-01-21 22:22:03,0.154651880264,28248,1.17705988884
2024-01-21 22:22:04,0.16664981842,26847,1.02760410309
2024-01-21 22:22:05,0.119349956512,28890,1.12929296494
2024-01-21 22:22:07,0.253535985947,27138,1.09051918983
2024-01-21 22:22:08,0.119687795639,30000,1.10126304626
2024-01-21 22:22:09,0.12832403183,31731,1.18156313896
2024-01-21 22:22:11,0.141648054123,29892,1.20861983299
2024-01-21 22:22:12,0.165837049484,31965,1.31927514076
2024-01-21 22:22:13,0.149785995483,28995,1.27414298058
2024-01-21 22:22:15,0.12894320488,28797,1.26624393463
2024-01-21 22:22:16,0.146853923798,25785,1.18773078918
2024-01-21 22:22:18,0.12727689743,26397,1.19336009026
2024-01-21 22:22:19,0.136366844177,32190,1.17093396187
2024-01-21 22:22:20,0.1740629673,32613,1.16904616356
2024-01-21 22:22:22,0.149488210678,35790,1.25094604492
2024-01-21 22:22:23,0.170398950577,34683,1.22731184959
2024-01-21 22:22:24,0.148554086685,26901,1.18537998199
2024-01-21 22:22:26,0.117847919464,27924,1.19400286674
2024-01-21 22:22:27,0.160130977631,28734,1.14319705963
2024-01-21 22:22:28,0.150447845459,27384,1.62593388557
2024-01-21 22:22:30,0.173002004623,27027,1.18570709229
2024-01-21 22:22:31,0.165935993195,31218,1.22320103645
2024-01-21 22:22:33,0.172826051712,33156,1.26748895645
2024-01-21 22:22:34,0.128385782242,25701,1.1233189106
2024-01-21 22:22:36,0.141831874847,29199,1.1667869091
2024-01-21 22:22:37,0.170372962952,28863,1.14930200577
2024-01-21 22:22:38,0.197637081146,27243,1.15828680992
2024-01-21 22:22:40,0.120513916016,38049,1.1208190918
2024-01-21 22:22:41,0.142827987671,50130,1.40462207794
2024-01-21 22:22:42,0.129622936249,41493,1.20236492157
2024-01-21 22:22:44,0.151066064835,30021,1.28248882294
2024-01-21 22:22:45,0.164164066315,33915,1.16756892204
2024-01-21 22:22:46,0.135368108749,34923,1.31695699692
2024-01-21 22:22:48,0.172931909561,32031,1.18728590012
2024-01-21 22:22:49,0.168401956558,33102,1.18692302704
2024-01-21 22:22:51,0.187613964081,35475,1.14835500717
2024-01-21 22:22:52,0.120924949646,35679,1.28710603714
2024-01-21 22:22:53,0.14182305336,30543,1.23164200783
2024-01-21 22:22:55,0.132405996323,26055,1.12164378166
2024-01-21 22:22:56,0.16786813736,25959,1.08315014839
2024-01-21 22:22:57,0.162636041641,25584,1.09970593452
2024-01-21 22:22:58,0.151845216751,25815,1.1541929245
2024-01-21 22:23:00,0.144927978516,32370,1.21340918541
2024-01-21 22:23:01,0.186691999435,34458,1.2832968235
2024-01-21 22:23:03,0.165286064148,26247,1.10958504677
2024-01-21 22:23:04,0.13866686821,27807,1.21332788467
2024-01-21 22:23:05,0.159686088562,28677,1.09653401375
2024-01-21 22:23:06,0.144328117371,30192,1.18889713287
2024-01-21 22:23:08,0.138600826263,27342,1.09262800217
2024-01-21 22:23:09,0.162471055984,26181,1.03478908539
2024-01-21 22:23:10,0.168478965759,37647,1.22843313217
2024-01-21 22:23:12,0.165798902512,30114,1.1752140522
2024-01-21 22:23:13,0.227775096893,30021,1.19701600075
2024-01-21 22:23:14,0.143900871277,27294,1.06918001175
2024-01-21 22:23:16,0.128671169281,29328,1.17061281204
2024-01-21 22:23:17,0.131169080734,30651,1.23019981384
2024-01-21 22:23:18,0.152269124985,31545,1.30920696259
2024-01-21 22:23:20,0.149349927902,28131,1.15891695023
2024-01-21 22:23:21,0.150291204453,30441,1.25840997696
2024-01-21 22:23:22,0.116661071777,30264,1.23676586151
2024-01-21 22:23:24,0.127635955811,27372,1.12424707413
2024-01-21 22:23:25,0.147989034653,25701,1.10966610909
2024-01-21 22:23:26,0.149322032928,25770,1.05879998207
2024-01-21 22:23:28,0.140544176102,26121,1.02648496628
2024-01-21 22:23:29,0.161090135574,25821,0.970720052719
2024-01-21 22:23:30,0.193599939346,25218,1.03641796112
2024-01-21 22:23:31,0.15234208107,25620,1.08057689667
2024-01-21 22:23:32,0.162747144699,25716,1.15605998039
2024-01-21 22:23:34,0.21177315712,25641,1.12057709694
2024-01-21 22:23:35,0.126597166061,25941,1.11035394669
2024-01-21 22:23:36,0.119336128235,26082,1.1274330616
2024-01-21 22:23:37,0.191696882248,25893,1.01290798187
2024-01-21 22:23:39,0.186115980148,26088,1.16208195686
2024-01-21 22:23:40,0.117422819138,25605,1.08380079269
2024-01-21 22:23:41,0.145579814911,25824,1.24486494064
2024-01-21 22:23:43,0.135761022568,25590,1.07678794861
2024-01-21 22:23:44,0.19434094429,24867,1.21332502365
2024-01-21 22:23:45,0.134476900101,27513,1.22484898567
2024-01-21 22:23:47,0.225368976593,26421,1.0679628849
2024-01-21 22:23:48,0.167371988297,26955,1.21844291687
2024-01-21 22:23:49,0.122387170792,27033,1.14683413506
2024-01-21 22:23:51,0.139971017838,26454,1.09522390366
2024-01-21 22:23:52,0.116162061691,26250,1.08417320251
2024-01-21 22:23:53,0.137362957001,26916,1.07450294495
2024-01-21 22:23:54,0.134879112244,26931,1.13107013702
2024-01-21 22:23:55,0.135434150696,26970,1.12270712852
2024-01-21 22:23:57,0.154586076736,26103,1.03664398193
2024-01-21 22:23:58,0.152267932892,26253,1.07818102837
2024-01-21 22:23:59,0.118983983994,26214,1.08398103714
2024-01-21 22:24:00,0.125417947769,26205,1.10647511482
2024-01-21 22:24:02,0.114041090012,25818,1.01181912422
2024-01-21 22:24:03,0.126767158508,28212,1.11136817932
2024-01-21 22:24:04,0.139156103134,26898,1.13844609261
2024-01-21 22:24:05,0.137938022614,25950,1.04688405991
2024-01-21 22:24:06,0.139625072479,26412,1.11099600792
2024-01-21 22:24:08,0.187168121338,26397,1.07997822762
2024-01-21 22:24:09,0.165038108826,25506,1.1263589859
2024-01-21 22:24:10,0.17978811264,27363,1.0508480072
2024-01-21 22:24:11,0.194269180298,27894,1.14802598953
2024-01-21 22:24:13,0.128975152969,27219,1.15922808647
2024-01-21 22:24:14,0.138659954071,27351,1.21483612061
2024-01-21 22:24:15,0.187571048737,27990,1.25898909569
2024-01-21 22:24:17,0.137921094894,25308,1.07929205894
2024-01-21 22:24:18,0.120528936386,26043,1.06667399406
2024-01-21 22:24:19,0.153338909149,25956,1.06250715256
2024-01-21 22:24:20,0.12953710556,25749,0.973704099655
2024-01-21 22:24:22,0.144062995911,26436,1.13307595253
2024-01-21 22:24:23,0.134289979935,27015,1.12924289703
2024-01-21 22:24:24,0.168655157089,26937,1.11651706696
2024-01-21 22:24:25,0.19656419754,26106,1.12469911575
2024-01-21 22:24:27,0.160552978516,27261,1.10831093788
2024-01-21 22:24:28,0.143484115601,25839,1.12121605873
2024-01-21 22:24:29,0.127274990082,27063,1.08089590073
2024-01-21 22:24:30,0.119376897812,25962,1.13536214828
2024-01-21 22:24:32,0.165665864944,25671,1.15482091904
2024-01-21 22:24:33,0.178478956223,26913,1.05903697014
2024-01-21 22:24:34,0.152245044708,25776,1.09716391563
2024-01-21 22:24:36,0.165606021881,27501,1.05913615227
2024-01-21 22:24:37,0.129981994629,27777,1.10052585602
2024-01-21 22:24:38,0.12229013443,27165,1.04261803627
2024-01-21 22:24:39,0.124747991562,27489,1.01067900658
2024-01-21 22:24:40,0.142387866974,27141,1.13907885551
2024-01-21 22:24:42,0.138175964355,26274,1.13356685638
2024-01-21 22:24:43,0.219716072083,25428,1.2471511364
2024-01-21 22:24:44,0.156448125839,28299,1.26849293709
2024-01-21 22:24:46,0.192770957947,28146,1.20454502106
2024-01-21 22:24:47,0.139356851578,28308,1.21839499474
2024-01-21 22:24:48,0.114711046219,26793,1.13167500496
2024-01-21 22:24:50,0.13697385788,26856,0.978519916534
2024-01-21 22:24:51,0.208370923996,27075,1.0423271656
2024-01-21 22:24:52,0.130970001221,26766,0.993502140045
2024-01-21 22:24:53,0.180416822433,25557,1.18360090256
2024-01-21 22:24:55,0.140828847885,26115,1.20321202278
2024-01-21 22:24:56,0.127590894699,26589,1.16188001633
2024-01-21 22:24:57,0.137740850449,25338,1.65637397766
2024-01-21 22:24:59,0.1427090168,25917,1.09160399437
2024-01-21 22:25:00,0.141906023026,25773,1.16435408592
2024-01-21 22:25:02,0.140080928802,25353,0.973541975021
2024-01-21 22:25:03,0.158803939819,25626,1.03323698044
2024-01-21 22:25:04,0.180615186691,24657,1.08423113823
2024-01-21 22:25:05,0.151518821716,27471,1.07941198349
2024-01-21 22:25:06,0.162889957428,27621,1.14858603477
2024-01-21 22:25:08,0.14914894104,27270,1.08163189888
2024-01-21 22:25:09,0.174890041351,27978,1.09600687027
2024-01-21 22:25:10,0.147264003754,26082,1.156894207
2024-01-21 22:25:11,0.14391708374,26142,1.07525110245
2024-01-21 22:25:13,0.184835910797,26613,1.21988892555
2024-01-21 22:25:14,0.146587848663,26694,1.12075209618
2024-01-21 22:25:15,0.148303985596,26613,1.20596194267
2024-01-21 22:25:17,0.131216049194,26928,1.19791078568
2024-01-21 22:25:18,0.148514986038,26295,1.12167596817
2024-01-21 22:25:19,0.12520813942,26640,1.11395001411
2024-01-21 22:25:21,0.139777898788,26841,1.13709592819
2024-01-21 22:25:22,0.15918803215,26100,1.11584186554
2024-01-21 22:25:23,0.186125993729,26595,1.12671899796
2024-01-21 22:25:24,0.113067150116,26181,1.12943792343
2024-01-21 22:25:26,0.137714147568,25803,1.04217219353
2024-01-21 22:25:27,0.145202159882,26400,1.16254091263
2024-01-21 22:25:28,0.113494157791,27024,1.14866518974
2024-01-21 22:25:29,0.119057893753,26601,1.10532689095
2024-01-21 22:25:31,0.128205060959,26139,1.09232711792
2024-01-21 22:25:32,0.136765956879,26562,1.13461399078
2024-01-21 22:25:33,0.132535934448,28173,1.19782781601
2024-01-21 22:25:34,0.175316095352,26511,1.17468214035
2024-01-21 22:25:36,0.137894868851,27051,1.03869795799
2024-01-21 22:25:37,0.160301208496,26778,1.15502595901
2024-01-21 22:25:38,0.144247055054,27255,1.06639695168
2024-01-21 22:25:40,0.147985935211,26409,1.19925999641
2024-01-21 22:25:41,0.128152132034,26556,1.08897805214
2024-01-21 22:25:42,0.165409803391,27351,1.1400449276
2024-01-21 22:25:43,0.138249158859,26871,1.17305803299
2024-01-21 22:25:45,0.157470226288,26673,1.0847029686
2024-01-21 22:25:46,0.115703821182,25116,1.1311070919
2024-01-21 22:25:47,0.155856132507,25674,1.05112814903
2024-01-21 22:25:48,0.14733505249,25182,1.03691506386
2024-01-21 22:25:50,0.162272930145,25290,1.00943303108
2024-01-21 22:25:51,0.158581018448,26835,1.00772690773
2024-01-21 22:25:52,0.190929174423,26952,1.09478521347
2024-01-21 22:25:53,0.136173009872,26682,1.03275609016
2024-01-21 22:25:54,0.143638849258,26850,0.958024978638
2024-01-21 22:25:55,0.140597820282,27876,1.10789513588
2024-01-21 22:25:57,0.15913105011,29838,1.14325499535
2024-01-21 22:25:58,0.122340202332,26385,1.17439007759
2024-01-21 22:25:59,0.177660942078,25572,1.08264493942
2024-01-21 22:26:01,0.142526865005,26835,1.16650819778
2024-01-21 22:26:02,0.152405977249,25197,1.10071587563
2024-01-21 22:26:03,0.131590127945,26271,1.16212916374
2024-01-21 22:26:04,0.225087165833,29001,1.26342892647
2024-01-21 22:26:06,0.134480953217,27291,1.12545704842
2024-01-21 22:26:07,0.122494935989,26169,1.1434109211
2024-01-21 22:26:08,0.217425107956,26829,1.14396309853
2024-01-21 22:26:10,0.144396066666,26829,1.04346990585
2024-01-21 22:26:11,0.1326649189,26280,1.08371186256
2024-01-21 22:26:12,0.148607969284,25539,1.09268593788
2024-01-21 22:26:13,0.142230987549,26268,1.16706085205
2024-01-21 22:26:15,0.152575016022,25539,1.15683817863
2024-01-21 22:26:16,0.142004966736,25710,1.15891194344
2024-01-21 22:26:17,0.139039993286,25896,1.12593984604
2024-01-21 22:26:19,0.115720033646,25965,1.10225200653
2024-01-21 22:26:20,0.132102012634,25455,1.0870950222
2024-01-21 22:26:21,0.198487043381,26544,1.03682899475
2024-01-21 22:26:22,0.162365913391,26124,1.05921697617
2024-01-21 22:26:24,0.139727115631,26199,1.13747811317
2024-01-21 22:26:25,0.163166999817,25923,1.09177803993
2024-01-21 22:26:26,0.183022022247,26364,1.19218993187
2024-01-21 22:26:27,0.180389165878,29808,1.16609597206
2024-01-21 22:26:29,0.129651069641,30756,1.23237514496
2024-01-21 22:26:30,0.133505105972,31635,1.19162797928
2024-01-21 22:26:32,0.192044973373,32451,1.12777590752
2024-01-21 22:26:33,0.128545045853,28995,1.14314579964
2024-01-21 22:26:34,0.188618898392,30210,1.22803997993
2024-01-21 22:26:36,0.158928155899,25740,1.29083418846
2024-01-21 22:26:37,0.208734035492,28971,1.34194612503
2024-01-21 22:26:39,0.136606931686,30021,1.27798891068
2024-01-21 22:26:40,0.195655822754,28059,1.10847711563
2024-01-21 22:26:41,0.156656980515,28764,1.29239201546
2024-01-21 22:26:43,0.140316963196,29238,1.22766494751
2024-01-21 22:26:44,0.124362945557,28107,1.32300901413
2024-01-21 22:26:46,0.138159990311,67230,1.2755689621
2024-01-21 22:26:47,0.1428399086,64884,1.43355512619
2024-01-21 22:26:48,0.16526722908,63867,1.2998290062
2024-01-21 22:26:50,0.164521932602,62691,1.44340705872
2024-01-21 22:26:52,0.133079051971,62649,1.26956105232
2024-01-21 22:26:53,0.131063938141,53982,1.23616695404
2024-01-21 22:26:54,0.167838096619,58284,1.3097589016
2024-01-21 22:26:56,0.120249032974,64143,1.41769003868
2024-01-21 22:26:57,0.166908979416,40215,1.25217199326
2024-01-21 22:26:59,0.125160932541,34542,1.31784796715
2024-01-21 22:27:00,0.181202888489,36267,1.27378082275
2024-01-21 22:27:02,0.130778074265,35994,1.30973887444
2024-01-21 22:27:03,0.116353034973,36096,1.3299779892
2024-01-21 22:27:05,0.164985895157,35121,1.26593589783
2024-01-21 22:27:06,0.141591072083,43467,1.43462896347
2024-01-21 22:27:08,0.156248092651,33222,1.16973590851
2024-01-21 22:27:09,0.130640029907,35220,1.19905996323
2024-01-21 22:27:10,0.134418964386,36762,1.28202605247
2024-01-21 22:27:12,0.150969982147,38058,1.20915818214
2024-01-21 22:27:13,0.175413131714,38727,1.30325698853
2024-01-21 22:27:14,0.141054153442,38190,1.39024591446
2024-01-21 22:27:16,0.162906885147,34971,1.12251091003
2024-01-21 22:27:17,0.13683795929,37248,1.28493189812
2024-01-21 22:27:19,0.132102012634,38184,1.42755794525
2024-01-21 22:27:20,0.14089512825,36849,1.25192689896
2024-01-21 22:27:22,0.148056030273,36690,1.22662210464
2024-01-21 22:27:23,0.167150020599,40404,1.15728807449
2024-01-21 22:27:24,0.175575971603,41142,1.20697402954
2024-01-21 22:27:26,0.159378051758,35829,1.99780607224
2024-01-21 22:27:28,0.15474319458,33984,1.26791214943
2024-01-21 22:27:29,0.198057889938,34938,1.08609294891
2024-01-21 22:27:31,0.125900030136,35028,1.20073390007
2024-01-21 22:27:32,0.151599168777,38727,1.29831790924
2024-01-21 22:27:33,0.202445030212,31527,1.09201288223
2024-01-21 22:27:35,0.165848016739,32220,1.17940402031
2024-01-21 22:27:36,0.162648200989,32121,1.14852190018
2024-01-21 22:27:37,0.12423992157,34476,1.21454596519
2024-01-21 22:27:39,0.174096107483,35463,1.15136814117
2024-01-21 22:27:40,0.181854009628,36339,1.23176884651
2024-01-21 22:27:41,0.167926073074,35937,1.21668505669
2024-01-21 22:27:43,0.123993873596,36915,1.24189114571
2024-01-21 22:27:44,0.202888011932,37389,1.29824185371
2024-01-21 22:27:46,0.125777006149,38061,1.24316501617
2024-01-21 22:27:47,0.118539810181,34662,1.1142270565
2024-01-21 22:27:48,0.138988018036,36720,1.23324298859
2024-01-21 22:27:50,0.163872003555,37326,1.24676084518
2024-01-21 22:27:51,0.15213394165,40908,1.20224809647
2024-01-21 22:27:52,0.14277100563,37119,1.08408784866
2024-01-21 22:27:54,0.118020057678,33378,1.07156801224
2024-01-21 22:27:55,0.124017953873,34560,1.15337395668
2024-01-21 22:27:56,0.178053855896,31932,1.26139903069
2024-01-21 22:27:58,0.139915943146,32295,1.09460186958
2024-01-21 22:27:59,0.168490886688,33075,1.12771892548
2024-01-21 22:28:00,0.159195184708,30075,1.16778683662
2024-01-21 22:28:01,0.199532985687,36822,1.24630093575
2024-01-21 22:28:03,0.152921915054,33345,1.0376970768
2024-01-21 22:28:04,0.163625955582,35235,1.18907594681
2024-01-21 22:28:05,0.208549022675,34338,1.24616718292
2024-01-21 22:28:07,0.151625156403,32940,1.15552210808
2024-01-21 22:28:08,0.152516126633,36480,1.27334809303
2024-01-21 22:28:10,0.179911851883,36591,1.22149896622
2024-01-21 22:28:11,0.179425001144,38718,1.16684103012
2024-01-21 22:28:12,0.134485006332,39219,1.13049983978
2024-01-21 22:28:14,0.130778074265,39276,1.2042798996
2024-01-21 22:28:15,0.131122112274,37062,1.21209311485
2024-01-21 22:28:16,0.119328975677,38469,1.23811507225
2024-01-21 22:28:18,0.152209997177,38826,1.26567816734
2024-01-21 22:28:19,0.212261915207,40080,1.29151701927
2024-01-21 22:28:21,0.190937042236,38070,1.10476183891
2024-01-21 22:28:22,0.138434886932,37818,1.26335787773
2024-01-21 22:28:23,0.141379833221,30156,1.26331996918
2024-01-21 22:28:25,0.188204050064,37596,1.17792797089
2024-01-21 22:28:26,0.18733215332,45504,1.3267660141
2024-01-21 22:28:28,0.181410074234,39120,1.25780701637
2024-01-21 22:28:29,0.14634013176,41571,1.28687214851
2024-01-21 22:28:30,0.173162937164,46119,1.3656899929
2024-01-21 22:28:32,0.167407989502,31929,1.17909598351
2024-01-21 22:28:33,0.156623125076,32658,1.15252494812
2024-01-21 22:28:35,0.183804988861,32421,1.06039690971
2024-01-21 22:28:36,0.135945081711,32367,1.03939819336
2024-01-21 22:28:37,0.119637012482,36648,1.2415368557
2024-01-21 22:28:38,0.124160051346,37371,1.07345604897
2024-01-21 22:28:40,0.125384092331,35100,1.16751885414
2024-01-21 22:28:41,0.133522033691,35868,1.27166080475
2024-01-21 22:28:42,0.125460863113,35652,1.19433903694
2024-01-21 22:28:44,0.176306962967,37389,1.21871209145
2024-01-21 22:28:45,0.142332077026,34572,1.25799703598
2024-01-21 22:28:46,0.161102056503,38208,1.16479897499
2024-01-21 22:28:48,0.116240978241,38253,1.20033717155
2024-01-21 22:28:49,0.161643981934,35712,1.11762189865
2024-01-21 22:28:50,0.119068145752,35382,1.1466460228
2024-01-21 22:28:52,0.115957975388,37275,1.2262070179
2024-01-21 22:28:53,0.146860122681,33885,1.31104493141
2024-01-21 22:28:54,0.121080875397,33384,1.06852984428
2024-01-21 22:28:56,0.137881040573,33378,1.0946290493
2024-01-21 22:28:57,0.176003932953,36522,1.09167408943
2024-01-21 22:28:58,0.158055067062,33048,1.15474295616
2024-01-21 22:28:59,0.14058303833,34938,1.16054201126
2024-01-21 22:29:01,0.141628026962,35352,1.16146183014
2024-01-21 22:29:02,0.148106098175,44436,1.32127118111
2024-01-21 22:29:04,0.130275964737,40617,1.29199790955
2024-01-21 22:29:05,0.138066053391,35010,1.14349794388
2024-01-21 22:29:06,0.150547981262,36642,1.20089817047
2024-01-21 22:29:08,0.135673999786,36693,1.13047289848
2024-01-21 22:29:09,0.191030979156,33891,1.3898999691
2024-01-21 22:29:10,0.141868114471,35175,1.16336297989
2024-01-21 22:29:12,0.135447978973,38013,1.05400300026
2024-01-21 22:29:13,0.148997068405,37557,1.13112616539
2024-01-21 22:29:14,0.165104866028,38652,1.14245915413
2024-01-21 22:29:15,0.155209064484,39495,1.16327905655
2024-01-21 22:29:17,0.13560295105,35022,1.25125098228
2024-01-21 22:29:18,0.127712011337,36945,1.19210982323
2024-01-21 22:29:20,0.16303896904,39129,1.13916110992
2024-01-21 22:29:21,0.146888017654,41943,1.25235581398
2024-01-21 22:29:22,0.136435031891,35913,1.15934514999
2024-01-21 22:29:24,0.163794994354,38406,1.20366501808
2024-01-21 22:29:25,0.136691093445,33216,1.07368516922
2024-01-21 22:29:26,0.136518001556,33141,1.17205715179
2024-01-21 22:29:27,0.117396831512,33264,1.13771295547
2024-01-21 22:29:29,0.17356300354,30699,1.0548388958
2024-01-21 22:29:30,0.133945226669,33522,1.15960407257
2024-01-21 22:29:31,0.13793182373,36483,1.18131184578
2024-01-21 22:29:33,0.116102933884,34149,1.18080997467
2024-01-21 22:29:34,0.133972883224,37287,1.14978981018
2024-01-21 22:29:35,0.130883216858,37437,1.17868900299
2024-01-21 22:29:36,0.139420986176,36081,1.17878818512
2024-01-21 22:29:38,0.135088205338,36882,1.17895412445
2024-01-21 22:29:39,0.141139030457,38391,1.18307995796
2024-01-21 22:29:40,0.168124914169,39291,1.18382287025
2024-01-21 22:29:42,0.141054153442,40053,1.23678517342
2024-01-21 22:29:43,0.161716938019,40050,1.25333499908
2024-01-21 22:29:44,0.145534992218,37110,1.24578905106
2024-01-21 22:29:46,0.154422998428,38805,1.33341383934
2024-01-21 22:29:47,0.16433095932,33741,1.21056008339
2024-01-21 22:29:49,0.143675088882,39621,1.1717839241
2024-01-21 22:29:50,0.156005859375,35547,1.24216198921
2024-01-21 22:29:51,0.162540912628,44064,1.22977399826
2024-01-21 22:29:53,0.115406036377,43710,1.18724107742
2024-01-21 22:29:54,0.177864074707,38025,1.25311183929
2024-01-21 22:29:56,0.204241991043,42927,1.19525313377
2024-01-21 22:29:57,0.16432094574,40425,1.09172987938
2024-01-21 22:29:58,0.144049167633,45000,1.44678807259
2024-01-21 22:30:00,0.128545045853,42792,1.14314198494
2024-01-21 22:30:01,0.174817085266,38244,1.09879183769
2024-01-21 22:30:02,0.152889966965,41451,1.18291211128
2024-01-21 22:30:04,0.202189922333,37659,1.23479318619
2024-01-21 22:30:05,0.163120031357,40971,1.10974907875
2024-01-21 22:30:06,0.164406061172,37908,1.35693311691
2024-01-21 22:30:08,0.165574073792,38730,1.20226788521
2024-01-21 22:30:09,0.139858007431,45912,1.37628102303
2024-01-21 22:30:11,0.123430013657,39801,1.25103497505
2024-01-21 22:30:12,0.170266866684,40674,1.21109509468
2024-01-21 22:30:14,0.172765016556,41808,1.15015387535
2024-01-21 22:30:15,0.140923023224,43122,1.2452070713
2024-01-21 22:30:16,0.188308954239,38706,1.08829784393
2024-01-21 22:30:18,0.153603076935,81090,1.44794583321
2024-01-21 22:30:19,0.162169933319,88686,1.43610906601
2024-01-21 22:30:21,0.161637067795,61905,1.38224387169
2024-01-21 22:30:22,0.13266992569,81954,1.44519090652
2024-01-21 22:30:24,0.187238931656,64647,1.50190615654
2024-01-21 22:30:26,0.133172035217,88986,1.46892309189
2024-01-21 22:30:27,0.147229909897,87996,1.31183385849
2024-01-21 22:30:29,0.133152961731,41373,1.21039605141
2024-01-21 22:30:30,0.142580032349,30072,1.19365787506
2024-01-21 22:30:31,0.20942401886,31620,1.13710713387
2024-01-21 22:30:33,0.133014917374,32133,1.14356803894
2024-01-21 22:30:34,0.187116146088,33951,1.19503808022
2024-01-21 22:30:35,0.174919843674,34326,1.15544986725
2024-01-21 22:30:37,0.194907903671,34137,1.3307800293
2024-01-21 22:30:38,0.168463945389,32976,1.23406386375
2024-01-21 22:30:40,0.149390935898,34680,1.21234607697
2024-01-21 22:30:41,0.145497083664,36021,1.23047709465
2024-01-21 22:30:42,0.135967969894,36786,1.14924788475
2024-01-21 22:30:44,0.120916843414,35439,1.29498696327
2024-01-21 22:30:45,0.149057865143,34548,1.19530797005
2024-01-21 22:30:46,0.122848987579,36546,1.3191409111
2024-01-21 22:30:48,0.145020008087,37029,1.2900249958
2024-01-21 22:30:49,0.229557991028,32217,1.07569599152
2024-01-21 22:30:51,0.135809898376,31263,1.17431211472
2024-01-21 22:30:52,0.159721136093,32280,1.2012989521
2024-01-21 22:30:53,0.15332198143,32826,1.19468092918
2024-01-21 22:30:55,0.117798089981,32571,1.22357106209
2024-01-21 22:30:56,0.136195898056,28887,1.18949198723
2024-01-21 22:30:57,0.164675951004,31131,1.16229486465
2024-01-21 22:30:59,0.116223096848,31077,1.10877108574
2024-01-21 22:31:00,0.123741149902,31335,1.02298092842
2024-01-21 22:31:01,0.201325178146,31755,1.13189911842
2024-01-21 22:31:02,0.144174814224,31335,1.17488098145
2024-01-21 22:31:04,0.119839191437,30786,1.15077805519
2024-01-21 22:31:05,0.182603120804,32217,1.13471913338
2024-01-21 22:31:06,0.156819105148,33390,1.12050294876
2024-01-21 22:31:07,0.125200986862,31839,1.15127706528
2024-01-21 22:31:09,0.177115917206,33609,1.23654985428
2024-01-21 22:31:10,0.148488998413,33513,1.25059700012
2024-01-21 22:31:12,0.148591041565,33858,1.24757885933
2024-01-21 22:31:13,0.150708913803,33486,1.3343269825
2024-01-21 22:31:14,0.164781093597,32529,1.2245631218
2024-01-21 22:31:16,0.145493984222,36291,1.25286793709
2024-01-21 22:31:17,0.144392967224,25584,1.13772702217
2024-01-21 22:31:19,0.159601926804,28431,1.19789099693
2024-01-21 22:31:20,0.145704030991,25620,1.15513896942
2024-01-21 22:31:21,0.201386928558,26625,1.19291710854
2024-01-21 22:31:23,0.168974876404,25875,1.10962700844
2024-01-21 22:31:24,0.165207147598,26025,1.06380486488
2024-01-21 22:31:25,0.159832954407,26442,1.09659600258
2024-01-21 22:31:26,0.202225923538,25824,1.01752400398
2024-01-21 22:31:28,0.181478977203,29670,1.19226002693
2024-01-21 22:31:29,0.184943914413,31263,1.20880103111
2024-01-21 22:31:30,0.125540018082,31596,1.18839097023
2024-01-21 22:31:32,0.14106297493,25761,1.12013888359
2024-01-21 22:31:33,0.135098218918,25728,1.1096060276
2024-01-21 22:31:34,0.167710065842,26166,1.14505696297
2024-01-21 22:31:35,0.12651515007,26502,1.14671397209
2024-01-21 22:31:37,0.11506485939,26448,1.14017009735
2024-01-21 22:31:38,0.214792966843,25944,1.10494494438
2024-01-21 22:31:39,0.138515949249,26826,1.0780210495
2024-01-21 22:31:41,0.121336936951,26760,1.19896197319
2024-01-21 22:31:42,0.167114973068,25908,1.10655379295
2024-01-21 22:31:43,0.143278121948,26160,1.15164017677
2024-01-21 22:31:44,0.147411108017,27318,1.19201493263
2024-01-21 22:31:46,0.124165058136,28461,1.32237315178
2024-01-21 22:31:47,0.158970832825,27750,1.21925711632
2024-01-21 22:31:49,0.156622886658,27441,1.16298985481
2024-01-21 22:31:50,0.158763885498,28647,1.161413908
2024-01-21 22:31:51,0.192009210587,28569,1.22519898415
2024-01-21 22:31:53,0.156946182251,28419,1.29613184929
2024-01-21 22:31:54,0.164751052856,27003,1.14495682716
2024-01-21 22:31:55,0.167497873306,27048,1.10871911049
2024-01-21 22:31:57,0.135167121887,27174,1.11605787277
2024-01-21 22:31:58,0.13529586792,26310,1.0672390461
2024-01-21 22:31:59,0.153059005737,26274,1.15919089317
2024-01-21 22:32:00,0.165506839752,26868,1.12567996979
2024-01-21 22:32:02,0.149188041687,27117,1.09118199348
2024-01-21 22:32:03,0.15171790123,26955,1.07615995407
2024-01-21 22:32:04,0.137809038162,26277,1.0830719471
2024-01-21 22:32:05,0.15335893631,25767,1.11050987244
2024-01-21 22:32:07,0.135153055191,26877,1.17832803726
2024-01-21 22:32:08,0.153239011765,27480,1.10428786278
2024-01-21 22:32:09,0.182684898376,27237,1.11521792412
2024-01-21 22:32:11,0.150697946548,27264,1.0775411129
2024-01-21 22:32:12,0.188147068024,27444,1.07154393196
2024-01-21 22:32:13,0.173374891281,29028,1.16928601265
2024-01-21 22:32:14,0.161758899689,29619,1.12622904778
2024-01-21 22:32:16,0.141794919968,27447,1.13832592964
2024-01-21 22:32:17,0.146442174911,25629,1.06213116646
2024-01-21 22:32:18,0.136640071869,26427,1.12103295326
2024-01-21 22:32:19,0.183449983597,31533,1.21660804749
2024-01-21 22:32:21,0.143827915192,33105,1.16865515709
2024-01-21 22:32:22,0.163023948669,33189,1.17701888084
2024-01-21 22:32:23,0.173439979553,27783,1.90708208084
2024-01-21 22:32:26,0.11665391922,29388,1.18928694725
2024-01-21 22:32:27,0.17976808548,29274,1.19646191597
2024-01-21 22:32:28,0.137168884277,30498,1.22691488266
2024-01-21 22:32:30,0.180004119873,31950,1.1520421505
2024-01-21 22:32:31,0.13356089592,28578,1.12024188042
2024-01-21 22:32:32,0.185054063797,26031,1.07538700104
2024-01-21 22:32:33,0.120734930038,25860,1.14527606964
2024-01-21 22:32:35,0.166475057602,25965,1.13236403465
2024-01-21 22:32:36,0.150880098343,26067,1.23922491074
2024-01-21 22:32:37,0.221910953522,25266,1.15835785866
2024-01-21 22:32:39,0.178391933441,24852,1.17716407776
2024-01-21 22:32:40,0.137874126434,25482,1.10228204727
2024-01-21 22:32:41,0.135031938553,26220,1.09256982803
2024-01-21 22:32:43,0.183598995209,25152,0.968863010406
2024-01-21 22:32:44,0.132014989853,25302,1.08437299728
2024-01-21 22:32:45,0.116088151932,25743,1.03975105286
2024-01-21 22:32:46,0.123940944672,26022,1.07207298279
2024-01-21 22:32:47,0.129174232483,25263,1.07334303856
2024-01-21 22:32:49,0.141483783722,25647,1.14520597458
2024-01-21 22:32:50,0.158121109009,25254,1.1477329731
2024-01-21 22:32:51,0.130598783493,25173,1.1922750473
2024-01-21 22:32:52,0.151968002319,25854,1.07492208481
2024-01-21 22:32:54,0.164390087128,26889,1.09242796898
2024-01-21 22:32:55,0.20630979538,25923,1.05646681786
2024-01-21 22:32:56,0.143489122391,26019,1.03202319145
2024-01-21 22:32:57,0.167150974274,26442,1.05663990974
2024-01-21 22:32:59,0.120368003845,25347,1.11104202271
2024-01-21 22:33:00,0.211024045944,25269,0.998672008514
2024-01-21 22:33:01,0.143625974655,25884,1.08708500862
2024-01-21 22:33:02,0.171761989594,25788,1.11446499825
2024-01-21 22:33:04,0.128880977631,25047,1.04093599319
2024-01-21 22:33:05,0.159703016281,25593,1.03520798683
2024-01-21 22:33:06,0.125463962555,24969,1.06715106964
2024-01-21 22:33:07,0.136673927307,25671,1.08552908897
2024-01-21 22:33:08,0.14452791214,25611,1.10024809837
2024-01-21 22:33:10,0.15066409111,25593,1.1066198349
2024-01-21 22:33:11,0.140779018402,24540,1.1454269886
2024-01-21 22:33:12,0.150765180588,25356,1.04250717163
2024-01-21 22:33:13,0.143857002258,25878,1.05754685402
2024-01-21 22:33:15,0.147479057312,25923,1.06456208229
2024-01-21 22:33:16,0.143054962158,25611,1.09742093086
2024-01-21 22:33:17,0.186451196671,25662,1.09025597572
2024-01-21 22:33:18,0.124801158905,25815,1.13702511787
2024-01-21 22:33:20,0.14799118042,27306,1.06415987015
2024-01-21 22:33:21,0.145344018936,27135,1.02047300339
2024-01-21 22:33:22,0.145467042923,26742,1.07789897919
2024-01-21 22:33:23,0.1416888237,26574,1.1050260067
2024-01-21 22:33:24,0.13855099678,25962,1.11253094673
2024-01-21 22:33:26,0.141819953918,26649,1.14359307289
2024-01-21 22:33:27,0.154673099518,25704,1.14310312271
2024-01-21 22:33:28,0.132086992264,25275,1.11307311058
2024-01-21 22:33:29,0.156391143799,25683,1.10796308517
2024-01-21 22:33:31,0.145564079285,25131,1.11703705788
2024-01-21 22:33:32,0.128750085831,25656,1.0785009861
2024-01-21 22:33:33,0.119649887085,25581,1.04296588898
2024-01-21 22:33:34,0.141222000122,25500,1.08346891403
2024-01-21 22:33:36,0.162415027618,25821,1.00064706802
2024-01-21 22:33:37,0.155097961426,26007,0.999022006989
2024-01-21 22:33:38,0.166913986206,25161,1.02301597595
2024-01-21 22:33:39,0.153383016586,26268,1.04100394249
2024-01-21 22:33:40,0.156173944473,25320,1.03453207016
2024-01-21 22:33:41,0.133179187775,26037,1.02094507217
2024-01-21 22:33:43,0.140320062637,27288,1.15484309196
2024-01-21 22:33:44,0.147001981735,29274,1.12934708595
2024-01-21 22:33:45,0.136047840118,26853,1.06502890587
2024-01-21 22:33:46,0.136465072632,25479,0.991441965103
2024-01-21 22:33:48,0.140071153641,26118,1.04124307632
2024-01-21 22:33:49,0.122709035873,26367,1.04498505592
2024-01-21 22:33:50,0.162211894989,26550,1.07355093956
2024-01-21 22:33:51,0.115144014359,27549,1.04225516319
2024-01-21 22:33:52,0.144911050797,25770,1.089012146
2024-01-21 22:33:54,0.183815002441,30114,1.2321870327
2024-01-21 22:33:55,0.16162610054,29667,1.17189788818
2024-01-21 22:33:56,0.227905988693,30441,1.14836597443
2024-01-21 22:33:58,0.146694898605,26787,0.996721982956
2024-01-21 22:33:59,0.16198682785,25884,1.08999705315
2024-01-21 22:34:00,0.130173206329,25866,1.0445868969
2024-01-21 22:34:01,0.15272808075,26334,1.04844617844
2024-01-21 22:34:02,0.117983818054,26202,1.03472995758
2024-01-21 22:34:04,0.131751060486,26226,1.10476899147
2024-01-21 22:34:05,0.124697208405,25779,1.06409502029
2024-01-21 22:34:06,0.158308982849,26199,1.04789090157
2024-01-21 22:34:07,0.150342941284,25368,1.15080285072
2024-01-21 22:34:09,0.148540019989,26112,1.10387587547
2024-01-21 22:34:10,0.145442008972,27585,1.1442668438
2024-01-21 22:34:11,0.204400062561,27456,1.12956786156
2024-01-21 22:34:12,0.115902900696,27360,1.09198689461
2024-01-21 22:34:14,0.16639995575,25629,1.11875796318
2024-01-21 22:34:15,0.11897110939,26067,1.08101701736
2024-01-21 22:34:16,0.172403097153,26010,1.10051584244
2024-01-21 22:34:17,0.144846916199,25845,1.02515482903
2024-01-21 22:34:19,0.196720123291,25794,1.04026293755
2024-01-21 22:34:20,0.160267114639,26382,1.15031814575
2024-01-21 22:34:21,0.126744031906,25569,1.09916806221
2024-01-21 22:34:22,0.22185087204,25842,1.01947593689
2024-01-21 22:34:24,0.177660226822,27483,1.0840959549
2024-01-21 22:34:25,0.125977993011,25935,1.06673812866
2024-01-21 22:34:26,0.135354995728,25626,1.03025889397
2024-01-21 22:34:27,0.156895875931,25614,1.09840893745
2024-01-21 22:34:28,0.162698030472,25647,1.11195397377
2024-01-21 22:34:30,0.187633037567,25665,1.0412979126
2024-01-21 22:34:31,0.157153844833,24501,0.975922107697
2024-01-21 22:34:32,0.133565187454,26073,1.03203511238
2024-01-21 22:34:33,0.135682106018,26547,1.09229683876
2024-01-21 22:34:34,0.138106107712,26412,1.12416100502
2024-01-21 22:34:36,0.16384100914,26400,1.16519999504
2024-01-21 22:34:37,0.144668102264,26925,1.13429999352
2024-01-21 22:34:38,0.153256893158,26157,1.1878619194
2024-01-21 22:34:40,0.124091863632,26577,1.19624996185
2024-01-21 22:34:41,0.154361009598,26985,1.14200401306
2024-01-21 22:34:42,0.186598062515,25473,1.0816321373
2024-01-21 22:34:44,0.171484947205,26550,1.15384912491
2024-01-21 22:34:45,0.142532110214,27303,1.21119689941
2024-01-21 22:34:46,0.13089299202,27576,1.11539888382
2024-01-21 22:34:47,0.140271186829,26757,1.13267612457
2024-01-21 22:34:49,0.153586864471,26799,1.20603990555
2024-01-21 22:34:50,0.170204162598,27477,1.20185804367
2024-01-21 22:34:51,0.197829008102,27705,1.20624899864
2024-01-21 22:34:53,0.194483995438,28941,1.55614686012
2024-01-21 22:34:55,0.140201091766,27933,1.15159106255
2024-01-21 22:34:56,0.150281906128,27825,1.19837284088
2024-01-21 22:34:57,0.129632949829,26937,1.028840065
2024-01-21 22:34:58,0.141420125961,26751,1.13176202774
2024-01-21 22:35:00,0.186657905579,26661,1.19167280197
2024-01-21 22:35:01,0.119189023972,26040,1.12220406532
2024-01-21 22:35:02,0.140292882919,25761,1.12861895561
2024-01-21 22:35:04,0.14013504982,26397,1.10924983025
2024-01-21 22:35:05,0.138032913208,26112,1.1225669384
2024-01-21 22:35:06,0.159993886948,26346,1.12812685966
2024-01-21 22:35:07,0.173116922379,25779,1.01025009155
2024-01-21 22:35:09,0.154644966125,27264,1.05455994606
2024-01-21 22:35:10,0.146636009216,25986,1.07612299919
2024-01-21 22:35:11,0.129988193512,26493,1.07927894592
2024-01-21 22:35:12,0.14767408371,27420,1.24613809586
2024-01-21 22:35:14,0.14758014679,27612,1.16575694084
2024-01-21 22:35:15,0.169856786728,27915,1.17329001427
2024-01-21 22:35:16,0.123668909073,31113,1.11253905296
2024-01-21 22:35:18,0.186866998672,29976,1.21474599838
2024-01-21 22:35:19,0.187336921692,25902,1.09712100029
2024-01-21 22:35:20,0.184053897858,27198,1.07469105721
2024-01-21 22:35:21,0.135793924332,26850,1.07456302643
2024-01-21 22:35:23,0.12702703476,27468,1.09338593483
2024-01-21 22:35:24,0.15776014328,26700,1.14436411858
2024-01-21 22:35:25,0.155380010605,26397,1.11608695984
2024-01-21 22:35:26,0.130681037903,26640,1.06317687035
2024-01-21 22:35:28,0.13481593132,26490,1.16802787781
2024-01-21 22:35:29,0.183588981628,27105,1.18471312523
2024-01-21 22:35:30,0.19328379631,26838,1.0447499752
2024-01-21 22:35:32,0.175004959106,26715,1.11046409607
2024-01-21 22:35:33,0.137436151505,27102,1.14496088028
2024-01-21 22:35:34,0.171774864197,27720,1.14669299126
2024-01-21 22:35:35,0.140506982803,27933,1.15232801437
2024-01-21 22:35:37,0.196069955826,26901,1.04611301422
2024-01-21 22:35:38,0.132994890213,27249,1.07024884224
2024-01-21 22:35:39,0.145443916321,27978,1.11892390251
2024-01-21 22:35:40,0.127834796906,27309,1.04312109947
2024-01-21 22:35:42,0.139947891235,27123,1.13508486748
2024-01-21 22:35:43,0.163920164108,27969,1.16254901886
2024-01-21 22:35:44,0.139476060867,27972,1.14517092705
2024-01-21 22:35:46,0.150796890259,27687,1.12301802635
2024-01-21 22:35:47,0.156612873077,30498,1.15911388397
2024-01-21 22:35:48,0.194541931152,30951,1.16756010056
2024-01-21 22:35:49,0.147122859955,31005,1.17741703987
2024-01-21 22:35:51,0.151571035385,26886,1.09056282043
2024-01-21 22:35:52,0.164452075958,27108,1.13653087616
2024-01-21 22:35:53,0.158615112305,27360,1.14120912552
2024-01-21 22:35:55,0.164180994034,27768,1.18891191483
2024-01-21 22:35:56,0.206439971924,28230,1.03571414948
2024-01-21 22:35:57,0.163216114044,27741,1.18251085281
2024-01-21 22:35:59,0.172030925751,50901,1.31696200371
2024-01-21 22:36:00,0.158370018005,98307,1.56033110619
2024-01-21 22:36:02,0.154368877411,97809,1.46257209778
2024-01-21 22:36:03,0.139708042145,93756,1.49381804466
2024-01-21 22:36:05,0.134740114212,98025,1.43662786484
2024-01-21 22:36:07,0.131059885025,98214,1.40069913864
2024-01-21 22:36:08,0.128493070602,92733,1.52945399284
2024-01-21 22:36:10,0.168097019196,94506,1.38470196724
2024-01-21 22:36:11,0.166333913803,86760,1.46036481857
2024-01-21 22:36:13,0.186615943909,91785,1.4673230648
2024-01-21 22:36:15,0.136915922165,78270,1.37722706795
2024-01-21 22:36:16,0.166214942932,34158,1.27097797394
2024-01-21 22:36:18,0.174340963364,38136,1.25177598
2024-01-21 22:36:19,0.207015991211,35010,1.16070318222
2024-01-21 22:36:20,0.178704023361,32835,1.12854814529
2024-01-21 22:36:22,0.1730260849,40401,1.2903881073
2024-01-21 22:36:23,0.14354300499,40353,1.22078108788
2024-01-21 22:36:25,0.173911094666,39780,1.23467087746
2024-01-21 22:36:26,0.168128967285,35673,1.13305091858
2024-01-21 22:36:27,0.186429977417,39162,1.22523403168
2024-01-21 22:36:29,0.172887086868,39012,1.18567299843
2024-01-21 22:36:30,0.155261993408,39210,1.1578669548
2024-01-21 22:36:31,0.140455007553,43779,1.31383800507
2024-01-21 22:36:33,0.122340917587,42720,1.28537988663
2024-01-21 22:36:34,0.164973020554,43500,1.43031191826
2024-01-21 22:36:36,0.119046926498,44427,1.26664686203
2024-01-21 22:36:37,0.126140832901,43647,1.29287791252
2024-01-21 22:36:39,0.139628887177,41568,1.29734992981
2024-01-21 22:36:40,0.156352996826,44382,1.37138700485
2024-01-21 22:36:42,0.227253198624,41403,1.18987607956
2024-01-21 22:36:43,0.208922863007,39495,1.19111180305
2024-01-21 22:36:44,0.208344936371,38280,1.17304706573
2024-01-21 22:36:46,0.149420022964,39876,1.12357497215
2024-01-21 22:36:47,0.164039134979,37020,1.09370207787
2024-01-21 22:36:48,0.164439916611,39813,1.22386598587
2024-01-21 22:36:50,0.174478054047,39957,1.17135190964
2024-01-21 22:36:51,0.189431905746,35115,1.21160197258
2024-01-21 22:36:52,0.170174837112,36195,1.14774799347
2024-01-21 22:36:54,0.116992950439,33513,1.12450408936
2024-01-21 22:36:55,0.15839099884,45246,1.30580306053
2024-01-21 22:36:56,0.160176992416,41829,1.20336794853
2024-01-21 22:36:58,0.195170879364,42102,1.35567188263
2024-01-21 22:36:59,0.143534183502,41910,1.45539093018
2024-01-21 22:37:01,0.143015861511,42288,1.32559704781
2024-01-21 22:37:02,0.15372300148,42837,1.25755190849
2024-01-21 22:37:04,0.139882087708,40287,1.23472714424
2024-01-21 22:37:05,0.130995988846,42225,1.21633386612
2024-01-21 22:37:07,0.144289016724,35649,1.20863389969
2024-01-21 22:37:08,0.152915000916,37233,1.15785217285
2024-01-21 22:37:09,0.121819019318,38097,1.16064500809
2024-01-21 22:37:11,0.160097122192,43464,1.36964392662
2024-01-21 22:37:12,0.190242052078,46710,1.25700497627
2024-01-21 22:37:13,0.142628192902,47436,1.48838591576
2024-01-21 22:37:15,0.123832941055,38667,1.24371409416
2024-01-21 22:37:16,0.121196985245,42849,1.20917987823
2024-01-21 22:37:18,0.187655210495,33024,1.24532794952
2024-01-21 22:37:19,0.158919811249,39771,1.22591710091
2024-01-21 22:37:21,0.167001008987,39645,1.22841501236
2024-01-21 22:37:22,0.182784080505,40152,1.37778902054
2024-01-21 22:37:24,0.143640041351,39219,1.13427400589
2024-01-21 22:37:25,0.128264904022,36531,1.27101802826
2024-01-21 22:37:26,0.150964021683,39972,1.28987693787
2024-01-21 22:37:28,0.153738975525,40602,1.30199408531
2024-01-21 22:37:29,0.155436992645,41943,1.17745900154
2024-01-21 22:37:31,0.155948877335,42747,1.17400598526
2024-01-21 22:37:32,0.134619951248,39516,1.16030097008
2024-01-21 22:37:33,0.167609930038,40533,1.35316586494
2024-01-21 22:37:35,0.202579021454,41997,1.22858381271
2024-01-21 22:37:36,0.146924972534,43584,1.2628891468
2024-01-21 22:37:37,0.161977052689,40314,1.19322705269
2024-01-21 22:37:39,0.202232122421,33009,1.11405515671
2024-01-21 22:37:40,0.137893915176,40110,1.12618708611
2024-01-21 22:37:41,0.143399000168,37230,1.12131285667
2024-01-21 22:37:43,0.131508111954,38901,1.17507481575
2024-01-21 22:37:44,0.128600120544,39408,1.20451879501
2024-01-21 22:37:45,0.15140414238,48255,1.42524003983
2024-01-21 22:37:47,0.177058935165,38256,1.15832901001
2024-01-21 22:37:48,0.141412973404,37587,1.06535100937
2024-01-21 22:37:49,0.167876958847,48051,1.3478269577
2024-01-21 22:37:51,0.176017045975,50994,1.32658600807
2024-01-21 22:37:52,0.116641998291,52389,1.34395098686
2024-01-21 22:37:54,0.140064954758,48270,1.33538603783
2024-01-21 22:37:55,0.142813920975,44817,1.28561782837
2024-01-21 22:37:57,0.146121025085,39807,1.23184490204
2024-01-21 22:37:58,0.13546705246,42834,1.04731202126
2024-01-21 22:37:59,0.136634111404,47868,1.4356470108
2024-01-21 22:38:01,0.143497943878,45168,1.4599070549
2024-01-21 22:38:03,0.141608953476,47457,1.42901611328
2024-01-21 22:38:04,0.135931968689,47991,1.40898799896
2024-01-21 22:38:06,0.175453901291,44049,1.41194987297
2024-01-21 22:38:07,0.132139921188,42753,1.36494398117
2024-01-21 22:38:09,0.185475111008,42042,1.21672391891
2024-01-21 22:38:10,0.176807165146,40740,1.173858881
2024-01-21 22:38:12,0.171120882034,40029,1.25964593887
2024-01-21 22:38:13,0.148578882217,42723,1.38973093033
2024-01-21 22:38:15,0.139567136765,42792,1.29246592522
2024-01-21 22:38:16,0.145331859589,41931,1.30498600006
2024-01-21 22:38:17,0.128258943558,36390,1.31449198723
2024-01-21 22:38:19,0.150468826294,40365,1.34099292755
2024-01-21 22:38:20,0.153753042221,39669,1.32586479187
2024-01-21 22:38:22,0.160346984863,39846,1.20649981499
2024-01-21 22:38:23,0.161983013153,38085,1.23331999779
2024-01-21 22:38:25,0.161771774292,38553,1.18748307228
2024-01-21 22:38:26,0.156929016113,38013,1.39377403259
2024-01-21 22:38:27,0.159217834473,43506,1.36116886139
2024-01-21 22:38:29,0.115744113922,44712,1.45005297661
2024-01-21 22:38:31,0.129775047302,44892,1.26689505577
2024-01-21 22:38:32,0.118571043015,43479,1.47115707397
2024-01-21 22:38:34,0.127153873444,44880,1.35624098778
2024-01-21 22:38:35,0.146733999252,45510,1.40513396263
2024-01-21 22:38:37,0.144003152847,44787,1.31056690216
2024-01-21 22:38:38,0.137027025223,42366,1.33855509758
2024-01-21 22:38:40,0.145575046539,40227,1.19120407104
2024-01-21 22:38:41,0.159424066544,40095,1.27199077606
2024-01-21 22:38:42,0.143960952759,38400,1.28067183495
2024-01-21 22:38:44,0.149037122726,43905,1.41516184807
2024-01-21 22:38:45,0.146620988846,42126,1.26285004616
2024-01-21 22:38:47,0.123709917068,45453,1.40251898766
2024-01-21 22:38:48,0.150894880295,53541,1.33445191383
2024-01-21 22:38:50,0.145208835602,42081,1.37472295761
2024-01-21 22:38:51,0.14093208313,43374,1.52370119095
2024-01-21 22:38:53,0.126147031784,44994,1.38369512558
2024-01-21 22:38:54,0.139808177948,45261,1.38474202156
2024-01-21 22:38:56,0.114063978195,37914,1.29130601883
2024-01-21 22:38:57,0.143771886826,43341,1.34412693977
2024-01-21 22:38:59,0.117849826813,43842,1.39852404594
2024-01-21 22:39:00,0.155733823776,44568,1.38570809364
2024-01-21 22:39:02,0.159452915192,45432,1.39668107033
2024-01-21 22:39:03,0.156379938126,44466,1.40239095688
2024-01-21 22:39:05,0.142487049103,45198,1.37782502174
2024-01-21 22:39:06,0.15172791481,45933,1.52616000175
2024-01-21 22:39:08,0.14569401741,41430,1.18767094612
2024-01-21 22:39:10,0.138431072235,42888,1.38006997108
2024-01-21 22:39:11,0.147772073746,43107,1.52012014389
2024-01-21 22:39:13,0.139289855957,43404,1.33317708969
2024-01-21 22:39:14,0.201373815536,43785,1.38538789749
2024-01-21 22:39:16,0.155416965485,38508,1.31756210327
2024-01-21 22:39:17,0.139793157578,38313,1.48848009109
2024-01-21 22:39:19,0.142120838165,39828,1.30777311325
2024-01-21 22:39:20,0.136398077011,41586,1.34964203835
2024-01-21 22:39:22,0.148106098175,31692,1.20675396919
2024-01-21 22:39:23,0.158859968185,38322,1.3312959671
2024-01-21 22:39:25,0.155292034149,38514,1.2569129467
2024-01-21 22:39:26,0.125044107437,37695,1.251693964
2024-01-21 22:39:27,0.141857862473,38793,1.27583909035
2024-01-21 22:39:29,0.130831003189,35673,1.38153815269
2024-01-21 22:39:30,0.176185131073,38175,1.23378181458
2024-01-21 22:39:32,0.132013082504,37380,1.38865804672
2024-01-21 22:39:33,0.151521921158,38049,1.29033493996
2024-01-21 22:39:35,0.188615083694,38430,1.44571900368
2024-01-21 22:39:36,0.153276205063,37872,1.28673386574
2024-01-21 22:39:38,0.156682014465,37998,1.34624195099
2024-01-21 22:39:39,0.122605800629,38433,1.3615489006
2024-01-21 22:39:41,0.169581890106,36075,1.48036193848
2024-01-21 22:39:42,0.143786907196,37359,1.31515789032
2024-01-21 22:39:44,0.134212970734,37860,1.27184581757
2024-01-21 22:39:45,0.117204904556,40158,1.19030308723
2024-01-21 22:39:47,0.168437957764,40794,1.16841602325
2024-01-21 22:39:48,0.228760957718,37542,1.19123888016
2024-01-21 22:39:49,0.212174892426,37128,1.21553707123
2024-01-21 22:39:51,0.178381919861,41427,1.39487600327
2024-01-21 22:39:52,0.180207967758,41838,1.2402279377
2024-01-21 22:39:54,0.156069040298,40071,1.411921978
2024-01-21 22:39:55,0.175625801086,34893,1.34639596939
2024-01-21 22:39:57,0.152513980865,33213,1.2652258873
2024-01-21 22:39:58,0.146962165833,39276,1.37192678452
2024-01-21 22:40:00,0.126516103745,36876,1.31380319595
2024-01-21 22:40:01,0.120096206665,38145,1.3436961174
2024-01-21 22:40:03,0.155557155609,35970,1.31235408783
2024-01-21 22:40:04,0.150537014008,39789,1.23947691917
2024-01-21 22:40:06,0.217663049698,37941,1.27864313126
2024-01-21 22:40:07,0.142136096954,39405,1.37108397484
2024-01-21 22:40:09,0.20733499527,39183,1.3267660141
2024-01-21 22:40:10,0.148061037064,38721,1.28001904488
2024-01-21 22:40:12,0.148275136948,39675,1.44407892227
2024-01-21 22:40:13,0.209682941437,40395,1.30110812187
2024-01-21 22:40:15,0.150781869888,40572,1.34413003922
2024-01-21 22:40:16,0.202338933945,39978,1.33242702484
2024-01-21 22:40:18,0.165557861328,40053,1.3105070591
2024-01-21 22:40:19,0.166564226151,39834,1.30020904541
2024-01-21 22:40:21,0.166718006134,40872,1.22001695633
2024-01-21 22:40:22,0.179749011993,37212,1.26699209213
2024-01-21 22:40:23,0.125118970871,40080,1.28282999992
2024-01-21 22:40:25,0.120590209961,40746,1.27537107468
2024-01-21 22:40:26,0.125315904617,35712,1.22059702873
2024-01-21 22:40:28,0.182802915573,36969,1.35022187233
2024-01-21 22:40:29,0.176905155182,38979,1.3285779953
2024-01-21 22:40:31,0.138136863708,39171,1.38796687126
2024-01-21 22:40:32,0.139976978302,43227,1.50879096985
2024-01-21 22:40:34,0.142910957336,39885,1.21786403656
2024-01-21 22:40:35,0.181885004044,41769,1.41277599335
2024-01-21 22:40:37,0.184852838516,38349,1.35001301765
2024-01-21 22:40:38,0.149639129639,39573,1.34561800957
2024-01-21 22:40:40,0.129904985428,39906,1.27498102188
2024-01-21 22:40:41,0.145936965942,38847,1.23268008232
2024-01-21 22:40:43,0.144321203232,38709,1.2939760685
2024-01-21 22:40:44,0.171715021133,39384,1.24932408333
2024-01-21 22:40:45,0.116281032562,35154,1.28341007233
2024-01-21 22:40:47,0.117799043655,36378,1.43157410622
2024-01-21 22:40:48,0.136327028275,32052,1.15145993233
2024-01-21 22:40:50,0.164081096649,37887,1.38497519493
2024-01-21 22:40:51,0.127112150192,37635,1.39837408066
2024-01-21 22:40:53,0.165348052979,39888,1.14341306686
2024-01-21 22:40:54,0.133679866791,40629,1.34441900253
2024-01-21 22:40:56,0.1781270504,40185,1.2967839241
2024-01-21 22:40:57,0.159685134888,39180,1.21400403976
2024-01-21 22:40:58,0.18411898613,35931,1.2887468338
2024-01-21 22:41:00,0.19802904129,35991,1.44862794876
2024-01-21 22:41:02,0.144420146942,38175,1.30981588364
2024-01-21 22:41:03,0.183931112289,39561,1.30423498154
2024-01-21 22:41:04,0.15238404274,38943,1.34823799133
2024-01-21 22:41:06,0.124141931534,38307,1.40433502197
2024-01-21 22:41:08,0.1296210289,38118,1.22128295898
2024-01-21 22:41:09,0.197484970093,38106,1.43257498741
2024-01-21 22:41:11,0.178616046906,39870,1.26608586311
2024-01-21 22:41:12,0.135033845901,38301,1.21488714218
2024-01-21 22:41:13,0.13894200325,40746,1.44363594055
2024-01-21 22:41:15,0.153246879578,40074,1.52781510353
2024-01-21 22:41:17,0.130239963531,35469,1.36664700508
2024-01-21 22:41:18,0.118196964264,34248,1.27706289291
2024-01-21 22:41:19,0.121678829193,28623,1.17691898346
2024-01-21 22:41:21,0.125933170319,34698,1.39157509804
2024-01-21 22:41:22,0.134305000305,34617,1.42650389671
2024-01-21 22:41:24,0.138374090195,34950,1.40854597092
2024-01-21 22:41:25,0.12730383873,36573,1.24619102478
2024-01-21 22:41:27,0.120323896408,30765,1.18755292892
2024-01-21 22:41:28,0.140377044678,30471,1.16868495941
2024-01-21 22:41:29,0.130679130554,32676,1.23194909096
2024-01-21 22:41:31,0.182174921036,33321,1.17929410934
2024-01-21 22:41:32,0.158930063248,32487,1.1984539032
2024-01-21 22:41:33,0.145696878433,33111,1.2688999176
2024-01-21 22:41:35,0.129212856293,33921,1.31957507133
2024-01-21 22:41:36,0.137500047684,34065,1.36255502701
2024-01-21 22:41:38,0.178738832474,33084,1.22851109505
2024-01-21 22:41:39,0.226165056229,34014,1.22558999062
2024-01-21 22:41:41,0.11998295784,34116,1.35437393188
2024-01-21 22:41:42,0.151745796204,32877,1.24623012543
2024-01-21 22:41:44,0.141487121582,29391,1.14511990547
2024-01-21 22:41:45,0.177171945572,34647,1.18338704109
2024-01-21 22:41:46,0.130355119705,28431,1.0769879818
2024-01-21 22:41:47,0.118450880051,29481,1.1589319706
2024-01-21 22:41:49,0.160747051239,33516,1.06538081169
2024-01-21 22:41:50,0.166613101959,32415,1.19919419289
2024-01-21 22:41:51,0.145900011063,30438,1.21790981293
2024-01-21 22:41:53,0.204512119293,35940,1.33732700348
2024-01-21 22:41:54,0.158124923706,36516,1.26994299889
2024-01-21 22:41:56,0.163778066635,30663,1.20090103149
2024-01-21 22:41:57,0.163933038712,31929,1.20892691612
2024-01-21 22:41:58,0.152321100235,32868,1.10961198807
2024-01-21 22:42:00,0.138133049011,32958,1.0977628231
2024-01-21 22:42:01,0.167374134064,37584,1.23627090454
2024-01-21 22:42:02,0.130079984665,32175,1.05787611008
2024-01-21 22:42:03,0.198152065277,34167,1.1772840023
2024-01-21 22:42:05,0.131853103638,34113,1.19721317291
2024-01-21 22:42:06,0.174511909485,34974,1.40560102463
2024-01-21 22:42:08,0.143710851669,32433,1.31635212898
2024-01-21 22:42:09,0.13134598732,34458,1.15188503265
2024-01-21 22:42:10,0.198338985443,34773,1.36116695404
2024-01-21 22:42:12,0.116354942322,29961,1.16839790344
2024-01-21 22:42:13,0.15225315094,33018,1.28582215309
2024-01-21 22:42:15,0.144014835358,34707,1.30149888992
2024-01-21 22:42:16,0.160109996796,33039,1.29354810715
2024-01-21 22:42:18,0.212801933289,33354,1.1807050705
2024-01-21 22:42:19,0.194403171539,36096,2.06786894798
2024-01-21 22:42:21,0.155267000198,36138,1.13644313812
2024-01-21 22:42:23,0.137062072754,35958,1.11633586884
2024-01-21 22:42:24,0.150197982788,35820,1.1645359993
2024-01-21 22:42:25,0.133795022964,32301,1.11882400513
2024-01-21 22:42:26,0.145612955093,32586,1.20147895813
2024-01-21 22:42:28,0.152277946472,32709,1.12923884392
2024-01-21 22:42:29,0.169860839844,32160,1.18748784065
2024-01-21 22:42:30,0.127018928528,34002,1.16556811333
2024-01-21 22:42:32,0.191826105118,33936,1.24397110939
2024-01-21 22:42:33,0.126397848129,35259,1.26826095581
2024-01-21 22:42:35,0.133301019669,35421,1.30610895157
2024-01-21 22:42:36,0.14417386055,31515,1.12826395035
2024-01-21 22:42:37,0.131477117538,34386,1.20970511436
2024-01-21 22:42:39,0.175441980362,35259,1.17166304588
2024-01-21 22:42:40,0.149622917175,35529,1.19193100929
2024-01-21 22:42:41,0.151705026627,30867,1.2137658596
2024-01-21 22:42:43,0.117329120636,36252,1.23754382133
2024-01-21 22:42:44,0.13028383255,35484,1.18318891525
2024-01-21 22:42:45,0.170034170151,34605,1.24612998962
2024-01-21 22:42:47,0.161164045334,33624,1.26612710953
2024-01-21 22:42:48,0.132698774338,33009,1.16978001595
2024-01-21 22:42:49,0.184067964554,30717,1.0745780468
2024-01-21 22:42:51,0.171982049942,31899,1.27005791664
2024-01-21 22:42:52,0.12992811203,31956,1.15093111992
2024-01-21 22:42:53,0.146820068359,33651,1.20851421356
2024-01-21 22:42:55,0.15135383606,33288,1.08481097221
2024-01-21 22:42:56,0.204452991486,33123,1.20860004425
2024-01-21 22:42:57,0.134156942368,33471,1.13847398758
2024-01-21 22:42:59,0.158077955246,34191,1.13628196716
2024-01-21 22:43:00,0.134407997131,34629,1.10457706451
2024-01-21 22:43:01,0.161837100983,35856,1.20799994469
2024-01-21 22:43:03,0.12087392807,35934,1.25000596046
2024-01-21 22:43:04,0.122979164124,33624,1.09139299393
2024-01-21 22:43:05,0.134134054184,34794,1.12595796585
2024-01-21 22:43:06,0.172793149948,35625,1.2772731781
2024-01-21 22:43:08,0.143721818924,35991,1.27136802673
2024-01-21 22:43:09,0.175346136093,31632,1.09344291687
2024-01-21 22:43:11,0.160526037216,33432,1.17849898338
2024-01-21 22:43:12,0.184993982315,33729,1.13156104088
2024-01-21 22:43:13,0.200266838074,37800,1.29501199722
2024-01-21 22:43:15,0.168787002563,37926,1.25239300728
2024-01-21 22:43:16,0.134067058563,37368,1.18586301804
2024-01-21 22:43:18,0.141969919205,37176,1.25698304176
2024-01-21 22:43:19,0.138658046722,34857,1.28325581551
2024-01-21 22:43:20,0.136960983276,25995,1.14171791077
2024-01-21 22:43:22,0.141384124756,25128,1.15778112411
2024-01-21 22:43:23,0.137785196304,26355,1.13122606277
2024-01-21 22:43:24,0.135921955109,26766,1.19715499878
2024-01-21 22:43:26,0.133878946304,27723,1.15596699715
2024-01-21 22:43:27,0.141685962677,26163,1.27401590347
2024-01-21 22:43:28,0.12451004982,26718,1.12988686562
2024-01-21 22:43:29,0.223207950592,26625,1.16993880272
2024-01-21 22:43:31,0.172456979752,26259,1.13217306137
2024-01-21 22:43:32,0.17752790451,26535,1.09308290482
2024-01-21 22:43:33,0.128242015839,26382,1.17847514153
2024-01-21 22:43:35,0.14289689064,26187,1.17872190475
2024-01-21 22:43:36,0.145756006241,25695,1.10750699043
2024-01-21 22:43:37,0.142786026001,25812,1.10448694229
2024-01-21 22:43:39,0.156112909317,26511,1.2318379879
2024-01-21 22:43:40,0.174913883209,26412,1.13977503777
2024-01-21 22:43:41,0.130038976669,26730,1.20825695992
2024-01-21 22:43:43,0.123004198074,27015,1.17218708992
2024-01-21 22:43:44,0.163521051407,26841,1.11652183533
2024-01-21 22:43:45,0.169193983078,27621,1.11778402328
2024-01-21 22:43:46,0.235253810883,26382,1.14241600037
2024-01-21 22:43:48,0.149616956711,24054,1.08564805984
2024-01-21 22:43:49,0.159754991531,25200,1.17949390411
2024-01-21 22:43:50,0.127403020859,25773,1.1354341507
2024-01-21 22:43:52,0.167376041412,26052,1.17886900902
2024-01-21 22:43:53,0.142472982407,26793,1.15170097351
2024-01-21 22:43:54,0.169948816299,26955,1.12503004074
2024-01-21 22:43:56,0.149510145187,25569,1.04085993767
2024-01-21 22:43:57,0.140377998352,26205,1.01150608063
2024-01-21 22:43:58,0.134286880493,26622,1.0582318306
2024-01-21 22:43:59,0.17582321167,27015,0.993246078491
2024-01-21 22:44:00,0.138798952103,27084,1.22335910797
2024-01-21 22:44:02,0.141282081604,26925,1.20119595528
2024-01-21 22:44:03,0.131475925446,27090,1.15872597694
2024-01-21 22:44:04,0.202328205109,25659,1.11985516548
2024-01-21 22:44:06,0.119714975357,26799,1.20826506615
2024-01-21 22:44:07,0.1471991539,27120,1.29512500763
2024-01-21 22:44:08,0.149765014648,27135,1.19199204445
2024-01-21 22:44:10,0.160039901733,26241,1.1301779747
2024-01-21 22:44:11,0.143161058426,26661,1.16375589371
2024-01-21 22:44:12,0.159820079803,26298,1.09018015862
2024-01-21 22:44:14,0.134435892105,25782,1.06832695007
2024-01-21 22:44:15,0.150777101517,26277,1.10908389091
2024-01-21 22:44:16,0.142309188843,26754,1.14942598343
2024-01-21 22:44:17,0.125804185867,25629,1.11336302757
2024-01-21 22:44:19,0.14549779892,25620,1.09799909592
2024-01-21 22:44:20,0.151313066483,25707,1.06712579727
2024-01-21 22:44:21,0.127388954163,26097,1.12593197823
2024-01-21 22:44:22,0.167565107346,25683,1.14336299896
2024-01-21 22:44:24,0.141874074936,25071,1.14281702042
2024-01-21 22:44:25,0.173301935196,27300,1.11094999313
2024-01-21 22:44:26,0.14115691185,26835,1.13714790344
2024-01-21 22:44:28,0.163908958435,26817,1.13299107552
2024-01-21 22:44:29,0.164427995682,26778,1.07068800926
2024-01-21 22:44:30,0.166069030762,27963,1.13654899597
2024-01-21 22:44:31,0.226686000824,28383,1.26825094223
2024-01-21 22:44:33,0.144304037094,28593,1.20889806747
2024-01-21 22:44:34,0.175539016724,27918,1.18003511429
2024-01-21 22:44:36,0.161702871323,27702,1.15349292755
2024-01-21 22:44:37,0.117238998413,27402,1.08403086662
2024-01-21 22:44:38,0.198047876358,27321,1.13904094696
2024-01-21 22:44:39,0.138062953949,27828,1.17730283737
2024-01-21 22:44:41,0.176978826523,26211,1.1559920311
2024-01-21 22:44:42,0.143129825592,27546,1.14504504204
2024-01-21 22:44:43,0.15367102623,27531,1.1533908844
2024-01-21 22:44:45,0.145920038223,42078,1.23456382751
2024-01-21 22:44:46,0.141523838043,34947,1.21690607071
2024-01-21 22:44:47,0.120218038559,34254,1.28972005844
2024-01-21 22:44:49,0.160634994507,33234,1.26603412628
2024-01-21 22:44:50,0.150815010071,32835,1.28128099442
2024-01-21 22:44:52,0.145609140396,33003,1.36708211899
2024-01-21 22:44:53,0.221037864685,31050,1.25550603867
2024-01-21 22:44:55,0.144285917282,31569,1.30778312683
2024-01-21 22:44:56,0.167546033859,30285,1.31951904297
2024-01-21 22:44:58,0.161728858948,32379,1.26681685448
2024-01-21 22:44:59,0.171175003052,32355,1.25673317909
2024-01-21 22:45:00,0.173232078552,33033,1.23414206505
2024-01-21 22:45:02,0.165089130402,33063,1.28470492363
2024-01-21 22:45:03,0.163635969162,31323,1.30432200432
2024-01-21 22:45:05,0.17008805275,31845,1.26679491997
2024-01-21 22:45:06,0.153086900711,32826,1.23451495171
2024-01-21 22:45:08,0.167046070099,44226,1.43521499634
2024-01-21 22:45:09,0.159752845764,45972,1.52517199516
2024-01-21 22:45:11,0.140405893326,46545,1.52175998688
2024-01-21 22:45:13,0.143929958344,45924,1.55002498627
2024-01-21 22:45:14,0.161098003387,46668,1.53384113312
2024-01-21 22:45:16,0.119889974594,48942,1.41004490852
2024-01-21 22:45:17,0.128476142883,49758,1.21661400795
2024-01-21 22:45:19,0.175885915756,47769,1.37205004692
2024-01-21 22:45:20,0.15957903862,48138,1.31183886528
2024-01-21 22:45:22,0.158716917038,48504,1.3286459446
2024-01-21 22:45:23,0.152902126312,48912,1.3282930851
2024-01-21 22:45:25,0.205749034882,49323,1.36956501007
2024-01-21 22:45:26,0.149938821793,47982,1.36693787575
2024-01-21 22:45:28,0.130440950394,47808,1.34810805321
2024-01-21 22:45:29,0.196097135544,47325,1.30866622925
2024-01-21 22:45:31,0.142770051956,47334,1.37933707237
2024-01-21 22:45:32,0.166731834412,48072,1.2685880661
2024-01-21 22:45:34,0.181716918945,47220,1.38907003403
2024-01-21 22:45:35,0.136914968491,47886,1.38297486305
2024-01-21 22:45:37,0.116073131561,47607,1.39614582062
2024-01-21 22:45:38,0.135502099991,47010,1.30194282532
2024-01-21 22:45:40,0.153095006943,48390,1.34460401535
2024-01-21 22:45:41,0.131619215012,49455,1.33156204224
2024-01-21 22:45:43,0.191977977753,48381,1.40930700302
2024-01-21 22:45:44,0.154460906982,48597,1.26798605919
2024-01-21 22:45:46,0.171706914902,49626,1.41711401939
2024-01-21 22:45:47,0.138765096664,47298,1.41403484344
2024-01-21 22:45:49,0.163091897964,48141,1.35553884506
2024-01-21 22:45:51,0.146398067474,47454,1.28076720238
2024-01-21 22:45:52,0.114553928375,45483,1.30098485947
2024-01-21 22:45:53,0.139549970627,46974,1.37459683418
2024-01-21 22:45:55,0.156435966492,46710,1.35153198242
2024-01-21 22:45:56,0.206934928894,46776,1.23030686378
2024-01-21 22:45:58,0.174654006958,45048,1.30090713501
2024-01-21 22:45:59,0.149694919586,45759,1.35768818855
2024-01-21 22:46:01,0.119976997375,46020,1.38201594353
2024-01-21 22:46:02,0.15331697464,45357,1.33246994019
2024-01-21 22:46:04,0.1294028759,46029,1.32259893417
2024-01-21 22:46:05,0.161615848541,46113,1.30927705765
2024-01-21 22:46:07,0.139987945557,45213,1.28422021866
2024-01-21 22:46:08,0.143573045731,44079,1.32984685898
2024-01-21 22:46:10,0.167682170868,37929,1.08212780952
2024-01-21 22:46:11,0.139742136002,45420,1.37923383713
2024-01-21 22:46:12,0.133123874664,46320,1.40974712372
2024-01-21 22:46:14,0.134692907333,43464,1.29750490189
2024-01-21 22:46:15,0.142117023468,40320,1.12692093849
2024-01-21 22:46:17,0.160102844238,34467,1.15147399902
2024-01-21 22:46:18,0.139149904251,36294,1.22750806808
2024-01-21 22:46:19,0.144446849823,38448,1.13685894012
2024-01-21 22:46:21,0.140795946121,37371,0.99591588974
2024-01-21 22:46:22,0.155070066452,38535,1.29526400566
2024-01-21 22:46:23,0.151399850845,40230,1.29293298721
2024-01-21 22:46:25,0.185513019562,37746,1.28663182259
2024-01-21 22:46:26,0.180427789688,38052,1.19451498985
2024-01-21 22:46:27,0.14032292366,40770,1.27696108818
2024-01-21 22:46:29,0.118334054947,41184,1.09596204758
2024-01-21 22:46:30,0.159304141998,41196,1.12681603432
2024-01-21 22:46:31,0.118662118912,41220,1.23920416832
2024-01-21 22:46:33,0.123724937439,41961,1.3074491024
2024-01-21 22:46:34,0.14134311676,41379,1.10389399529
2024-01-21 22:46:35,0.164991140366,38694,1.06746506691
2024-01-21 22:46:37,0.202248096466,39471,1.35265517235
2024-01-21 22:46:38,0.142384052277,37296,1.11837387085
2024-01-21 22:46:39,0.125055074692,40299,1.06746196747
2024-01-21 22:46:41,0.165990114212,43509,1.27317214012
2024-01-21 22:46:42,0.150426864624,44919,1.39280295372
2024-01-21 22:46:44,0.185837984085,41754,1.26148200035
2024-01-21 22:46:45,0.189205884933,38433,1.04576992989
2024-01-21 22:46:46,0.140280008316,43704,1.23004603386
2024-01-21 22:46:48,0.122867107391,46029,1.39999818802
2024-01-21 22:46:49,0.132635831833,42078,1.22403311729
2024-01-21 22:46:51,0.14106297493,37791,1.23026895523
2024-01-21 22:46:52,0.17106294632,40374,1.24450111389
2024-01-21 22:46:53,0.171694993973,38649,1.34193181992
2024-01-21 22:46:55,0.135637998581,40137,1.36078095436
2024-01-21 22:46:56,0.158165931702,39216,1.35710287094
2024-01-21 22:46:58,0.123622894287,39780,1.1225810051
2024-01-21 22:46:59,0.161010026932,39909,1.13812398911
2024-01-21 22:47:00,0.229435920715,40629,1.13202404976
2024-01-21 22:47:02,0.143264055252,41691,1.24270701408
2024-01-21 22:47:03,0.126178979874,42435,1.11217308044
2024-01-21 22:47:04,0.115076065063,40701,1.18496894836
2024-01-21 22:47:06,0.139800071716,41538,1.17896294594
2024-01-21 22:47:07,0.177878141403,40764,1.16762304306
2024-01-21 22:47:08,0.150095939636,40650,1.19297504425
2024-01-21 22:47:10,0.159549951553,42537,1.20604801178
2024-01-21 22:47:11,0.141875982285,38709,1.06526494026
2024-01-21 22:47:12,0.153127908707,37446,1.32854008675
2024-01-21 22:47:14,0.150387048721,43191,1.2333920002
2024-01-21 22:47:15,0.164111852646,42072,1.21856808662
2024-01-21 22:47:17,0.144125938416,37311,1.16186690331
2024-01-21 22:47:18,0.197165966034,36666,1.25038814545
2024-01-21 22:47:19,0.12415099144,35268,1.36184287071
2024-01-21 22:47:21,0.156055927277,41343,1.32024288177
2024-01-21 22:47:22,0.146111011505,35970,1.33927798271
2024-01-21 22:47:24,0.158573150635,39654,1.38942503929
2024-01-21 22:47:25,0.157794952393,39924,1.45101904869
2024-01-21 22:47:27,0.160733938217,41562,1.35494494438
2024-01-21 22:47:28,0.129031896591,43806,1.35381817818
2024-01-21 22:47:30,0.167605876923,40857,1.32809209824
2024-01-21 22:47:31,0.14764714241,40056,1.33242106438
2024-01-21 22:47:33,0.190584897995,39663,1.3000459671
2024-01-21 22:47:34,0.141989946365,41583,1.30424594879
2024-01-21 22:47:36,0.126368045807,40353,1.1219701767
2024-01-21 22:47:37,0.178268909454,38865,1.26670694351
2024-01-21 22:47:39,0.168099880219,43341,1.37726712227
2024-01-21 22:47:40,0.173895835876,43443,1.28679895401
2024-01-21 22:47:42,0.125228881836,40050,1.14309191704
2024-01-21 22:47:43,0.140753984451,38277,1.26166987419
2024-01-21 22:47:44,0.137793064117,38118,1.02831196785
2024-01-21 22:47:45,0.119580030441,38337,1.16811203957
2024-01-21 22:47:47,0.127635955811,38481,1.24020004272
2024-01-21 22:47:48,0.19213104248,36549,1.01996302605
2024-01-21 22:47:49,0.177111148834,38238,1.10437011719
2024-01-21 22:47:51,0.131289958954,38847,1.11163020134
2024-01-21 22:47:52,0.122258901596,38457,1.04646492004
2024-01-21 22:47:53,0.151593923569,37626,1.13727402687
2024-01-21 22:47:54,0.146930932999,38706,1.03092503548
2024-01-21 22:47:55,0.168127059937,38844,1.12725996971
2024-01-21 22:47:57,0.171398878098,39147,1.18386006355
2024-01-21 22:47:58,0.215694189072,39813,1.24924302101
2024-01-21 22:48:00,0.150208950043,38586,1.0340487957
2024-01-21 22:48:01,0.165040016174,39252,1.09028100967
2024-01-21 22:48:02,0.160112142563,39804,1.09283280373
2024-01-21 22:48:03,0.153532981873,39405,1.03542613983
2024-01-21 22:48:04,0.142648935318,36558,1.12836790085
2024-01-21 22:48:06,0.173034906387,38994,1.21185898781
2024-01-21 22:48:07,0.187386989594,37035,1.18515396118
2024-01-21 22:48:08,0.148811101913,38316,1.28171300888
2024-01-21 22:48:10,0.180038928986,40122,1.27509498596
2024-01-21 22:48:11,0.180571079254,41658,1.17874312401
2024-01-21 22:48:13,0.220654964447,43176,1.45906186104
2024-01-21 22:48:14,0.136282920837,42261,1.15929389
2024-01-21 22:48:16,0.118883132935,43479,1.36823701859
2024-01-21 22:48:17,0.132639169693,43296,1.25292301178
2024-01-21 22:48:19,0.14327287674,42174,1.15171790123
2024-01-21 22:48:20,0.140299081802,41952,1.13693284988
2024-01-21 22:48:21,0.169771909714,42240,1.20373392105
2024-01-21 22:48:23,0.130316019058,44430,1.41533708572
2024-01-21 22:48:24,0.149062156677,41916,1.8162779808
2024-01-21 22:48:26,0.153295040131,39801,1.07746696472
2024-01-21 22:48:27,0.153047084808,43590,1.28933906555
2024-01-21 22:48:29,0.158774852753,40482,1.20949196815
2024-01-21 22:48:30,0.189395189285,41178,1.275151968
2024-01-21 22:48:32,0.136249065399,38520,3.08501791954
2024-01-21 22:48:35,0.148569822311,36921,1.07188510895
2024-01-21 22:48:36,0.150840997696,36753,1.10125589371
2024-01-21 22:48:37,0.159927129745,37596,0.997771024704
2024-01-21 22:48:38,0.146996021271,39468,1.21197080612
2024-01-21 22:48:40,0.141980171204,39246,1.18001198769
2024-01-21 22:48:41,0.144843816757,37587,1.19228196144
2024-01-21 22:48:42,0.131172895432,40296,1.22203087807
2024-01-21 22:48:44,0.227169036865,41418,1.13578414917
2024-01-21 22:48:45,0.141869068146,40980,1.23135590553
2024-01-21 22:48:46,0.153682947159,42147,1.24612212181
2024-01-21 22:48:48,0.132521867752,40998,1.11028790474
2024-01-21 22:48:49,0.123464107513,41844,1.26705598831
2024-01-21 22:48:51,0.129669189453,42165,1.12201619148
2024-01-21 22:48:52,0.161627054214,42786,1.26043987274
2024-01-21 22:48:53,0.13063788414,42576,1.20274615288
2024-01-21 22:48:55,0.123770952225,42405,1.18061685562
2024-01-21 22:48:56,0.13999581337,41259,1.29964399338
2024-01-21 22:48:57,0.15588092804,41508,1.19761800766
2024-01-21 22:48:59,0.123020172119,41979,1.17807507515
2024-01-21 22:49:00,0.117921829224,42312,1.27577805519
2024-01-21 22:49:01,0.123052120209,40086,1.16338992119
2024-01-21 22:49:03,0.139552116394,44850,1.34477305412
2024-01-21 22:49:04,0.149031877518,41487,1.35504388809
2024-01-21 22:49:06,0.153618097305,38910,1.09208297729
2024-01-21 22:49:07,0.12983083725,41598,1.15811991692
2024-01-21 22:49:08,0.161604166031,41274,1.26951217651
2024-01-21 22:49:10,0.231462001801,38985,1.11587500572
2024-01-21 22:49:11,0.126378059387,41163,1.16166090965
2024-01-21 22:49:12,0.139362096786,39420,1.11039209366
2024-01-21 22:49:13,0.144192934036,40593,1.09769201279
2024-01-21 22:49:15,0.142947912216,40749,1.16955709457
2024-01-21 22:49:16,0.185399055481,40350,1.20567393303
2024-01-21 22:49:17,0.138273000717,40464,1.20067191124
2024-01-21 22:49:19,0.151012897491,41004,1.13430595398
2024-01-21 22:49:20,0.16836309433,41703,1.14734601974
2024-01-21 22:49:21,0.129417896271,40734,1.2375600338
2024-01-21 22:49:23,0.126472949982,42186,1.09476900101
2024-01-21 22:49:24,0.136568784714,41919,1.0820748806
2024-01-21 22:49:25,0.117648839951,41574,1.15474104881
2024-01-21 22:49:26,0.145031929016,39852,1.32117819786
2024-01-21 22:49:28,0.178097009659,41112,1.09803891182
2024-01-21 22:49:29,0.153820991516,39513,1.31356096268
2024-01-21 22:49:31,0.136335134506,38172,1.2704949379
2024-01-21 22:49:32,0.129149913788,43929,1.39607596397
2024-01-21 22:49:34,0.133139133453,44499,1.29887890816
2024-01-21 22:49:35,0.184151887894,42996,1.30902504921
2024-01-21 22:49:36,0.134846925735,44163,1.37484407425
2024-01-21 22:49:38,0.145853996277,44343,1.38675713539
2024-01-21 22:49:40,0.12957406044,41382,1.24627280235
2024-01-21 22:49:41,0.13550901413,42507,1.17600798607
2024-01-21 22:49:42,0.191603899002,42240,1.25285220146
2024-01-21 22:49:44,0.144867897034,41499,1.2373111248
2024-01-21 22:49:45,0.162475824356,41733,1.22080993652
2024-01-21 22:49:46,0.177792072296,40992,1.27427983284
2024-01-21 22:49:48,0.135694980621,39801,1.09571290016
2024-01-21 22:49:49,0.139584064484,40641,1.1346411705
2024-01-21 22:49:50,0.216449022293,38301,1.1757209301
2024-01-21 22:49:52,0.140027046204,39495,1.23740291595
2024-01-21 22:49:53,0.155812978745,42777,1.2426841259
2024-01-21 22:49:55,0.127078056335,42918,1.29041695595
2024-01-21 22:49:56,0.138634204865,42939,1.20947909355
2024-01-21 22:49:57,0.142199039459,41298,1.27742600441
2024-01-21 22:49:59,0.136961936951,42747,1.2902610302
2024-01-21 22:50:00,0.204193115234,40194,1.18990898132
2024-01-21 22:50:02,0.143811941147,49713,1.42498397827
2024-01-21 22:50:03,0.143239021301,50562,1.25013685226
2024-01-21 22:50:05,0.15623497963,50487,1.4004740715
2024-01-21 22:50:06,0.148834943771,50838,1.39894199371
2024-01-21 22:50:08,0.19526219368,50883,1.5326230526
2024-01-21 22:50:09,0.146753787994,50478,1.45111083984
2024-01-21 22:50:11,0.143231868744,50484,1.34140706062
2024-01-21 22:50:12,0.124135017395,49866,1.32776594162
2024-01-21 22:50:14,0.139683008194,49755,1.37270402908
2024-01-21 22:50:15,0.160145044327,50736,1.38359999657
2024-01-21 22:50:17,0.146610021591,50328,1.37188196182
2024-01-21 22:50:18,0.159816980362,49938,1.42605209351
2024-01-21 22:50:20,0.175265073776,48675,1.37262892723
2024-01-21 22:50:22,0.156765937805,50742,1.24148702621
2024-01-21 22:50:23,0.12865114212,50559,1.32510495186
2024-01-21 22:50:24,0.174041986465,49968,1.36808800697
2024-01-21 22:50:26,0.132451057434,50145,1.40703582764
2024-01-21 22:50:28,0.141546964645,51150,1.33502006531
2024-01-21 22:50:29,0.200174093246,49794,1.43631291389
2024-01-21 22:50:31,0.159055948257,50379,1.40296506882
2024-01-21 22:50:32,0.232468128204,51036,1.44073796272
2024-01-21 22:50:34,0.154876947403,50271,1.30967593193
2024-01-21 22:50:35,0.131906986237,50625,1.41576600075
2024-01-21 22:50:37,0.139742851257,50388,1.30593109131
2024-01-21 22:50:38,0.140846967697,50751,1.31642889977
2024-01-21 22:50:40,0.176329135895,51375,1.28736019135
2024-01-21 22:50:41,0.16884803772,51600,1.29967808723
2024-01-21 22:50:43,0.141740083694,50469,1.27907991409
2024-01-21 22:50:44,0.132645130157,50595,1.3308801651
2024-01-21 22:50:46,0.158041954041,50706,1.37755703926
2024-01-21 22:50:47,0.117516994476,50637,1.39448189735
2024-01-21 22:50:49,0.160252094269,50025,1.35520982742
2024-01-21 22:50:50,0.141835927963,50022,1.41502094269
2024-01-21 22:50:52,0.132169008255,52074,1.32622599602
2024-01-21 22:50:53,0.182816982269,51060,1.6410048008
2024-01-21 22:50:55,0.198950052261,50961,1.52433991432
2024-01-21 22:50:57,0.125460147858,50193,1.39491701126
2024-01-21 22:50:58,0.154424905777,49845,1.46139979362
2024-01-21 22:51:00,0.116249084473,49923,1.42203617096
2024-01-21 22:51:01,0.142043113708,50895,1.44609498978
2024-01-21 22:51:03,0.192000865936,50595,1.35254311562
2024-01-21 22:51:05,0.141896009445,50850,1.46807098389
2024-01-21 22:51:06,0.128081083298,50706,1.37468099594
2024-01-21 22:51:08,0.129083156586,50403,1.22202301025
2024-01-21 22:51:09,0.230577945709,50211,1.2796459198
2024-01-21 22:51:11,0.161486148834,50742,1.17241311073
2024-01-21 22:51:12,0.180876970291,51387,2.40048003197
2024-01-21 22:51:14,0.149257898331,49962,1.34890985489
2024-01-21 22:51:16,0.142528057098,50475,1.38124012947
2024-01-21 22:51:17,0.125282049179,50412,1.48753786087
2024-01-21 22:51:19,0.163101911545,49953,1.35704708099
2024-01-21 22:51:21,0.11362695694,49245,1.26957011223
2024-01-21 22:51:22,0.130472183228,41331,1.25341582298
2024-01-21 22:51:23,0.145508050919,45129,1.34975790977
2024-01-21 22:51:25,0.151751995087,44232,1.34381008148
2024-01-21 22:51:26,0.16762304306,45240,1.39426803589
2024-01-21 22:51:28,0.14414691925,44946,1.36780786514
2024-01-21 22:51:29,0.176038980484,45321,1.33118200302
2024-01-21 22:51:31,0.13764500618,47817,1.42035388947
2024-01-21 22:51:33,0.146878957748,45885,1.48202204704
2024-01-21 22:51:34,0.146363973618,42237,1.28381919861
2024-01-21 22:51:36,0.154496908188,43668,1.37868499756
2024-01-21 22:51:37,0.169170856476,42105,1.21653795242
2024-01-21 22:51:39,0.181639909744,43899,1.55088090897
2024-01-21 22:51:40,0.178872823715,48594,1.55705690384
2024-01-21 22:51:42,0.154664993286,43566,1.47694087029
2024-01-21 22:51:44,0.174265861511,42762,1.43232607841
2024-01-21 22:51:45,0.146023988724,45528,1.55259299278
2024-01-21 22:51:47,0.144243001938,48294,1.51227116585
2024-01-21 22:51:49,0.123195171356,46767,1.47836208344
2024-01-21 22:51:50,0.121426105499,49713,1.35945796967
2024-01-21 22:51:52,0.137488126755,47811,1.44620490074
2024-01-21 22:51:53,0.150646924973,41484,1.31768918037
2024-01-21 22:51:55,0.135795116425,55380,1.48911714554
2024-01-21 22:51:56,0.161094903946,55695,1.63004088402
2024-01-21 22:51:58,0.173133850098,54375,1.46109199524
2024-01-21 22:52:00,0.135068893433,54276,1.55499005318
2024-01-21 22:52:01,0.148634910583,54099,1.49526286125
2024-01-21 22:52:03,0.145537853241,54864,1.53338503838
2024-01-21 22:52:05,0.14593911171,54681,1.65337896347
2024-01-21 22:52:07,0.165240049362,53508,1.59441590309
2024-01-21 22:52:08,0.119163990021,53409,1.40814709663
2024-01-21 22:52:10,0.133467912674,54495,1.55023097992
2024-01-21 22:52:12,0.158555984497,54909,1.4749481678
2024-01-21 22:52:13,0.136831998825,54708,1.54697108269
2024-01-21 22:52:15,0.203539133072,54630,1.46167802811
2024-01-21 22:52:17,0.137177944183,55299,1.58946204185
2024-01-21 22:52:18,0.138636827469,55203,1.47297501564
2024-01-21 22:52:20,0.196842908859,55569,1.49346089363
2024-01-21 22:52:22,0.150866031647,57156,1.43093705177
2024-01-21 22:52:23,0.136789798737,54159,1.61227917671
2024-01-21 22:52:25,0.149846076965,54267,1.59613204002
2024-01-21 22:52:27,0.135648012161,54474,1.55010986328
2024-01-21 22:52:28,0.136933803558,54999,1.44474506378
2024-01-21 22:52:30,0.150021076202,54516,1.67989087105
2024-01-21 22:52:32,0.172963142395,53103,1.52674078941
2024-01-21 22:52:33,0.155704975128,54954,1.70052695274
2024-01-21 22:52:35,0.144466876984,55539,1.77479100227
2024-01-21 22:52:37,0.128035068512,55560,1.67289590836
2024-01-21 22:52:39,0.126013994217,55518,1.5006210804
2024-01-21 22:52:41,0.127564191818,55524,1.48747897148
2024-01-21 22:52:42,0.14922118187,54777,1.56873297691
2024-01-21 22:52:44,0.141106128693,54498,1.57819914818
2024-01-21 22:52:46,0.168944835663,55152,1.58810305595
2024-01-21 22:52:47,0.146477937698,54618,1.55400490761
2024-01-21 22:52:49,0.143825054169,54405,1.53551292419
2024-01-21 22:52:51,0.16405081749,55101,1.57930111885
2024-01-21 22:52:53,0.167594909668,55251,1.48230791092
2024-01-21 22:52:54,0.148384094238,54582,1.55629301071
2024-01-21 22:52:56,0.142930030823,54558,1.52304816246
2024-01-21 22:52:58,0.145788908005,56283,1.44411301613
2024-01-21 22:52:59,0.139050960541,56055,1.42807292938
2024-01-21 22:53:01,0.118341207504,55407,1.48371291161
2024-01-21 22:53:02,0.177681207657,54411,1.45703697205
2024-01-21 22:53:04,0.145750045776,53667,1.55618882179
2024-01-21 22:53:06,0.1729388237,55116,1.51541209221
2024-01-21 22:53:07,0.144088029861,54915,1.60193395615
2024-01-21 22:53:09,0.191643953323,54822,1.30522799492
2024-01-21 22:53:11,0.190246105194,54717,1.41992998123
2024-01-21 22:53:12,0.126178979874,54636,1.40663480759
2024-01-21 22:53:14,0.124395132065,54777,1.41182398796
2024-01-21 22:53:15,0.208192825317,54798,1.49305295944
2024-01-21 22:53:17,0.154791116714,54969,1.63459086418
2024-01-21 22:53:19,0.164410114288,54720,1.54832196236
2024-01-21 22:53:21,0.193364143372,54105,1.57753896713
2024-01-21 22:53:22,0.144441127777,54381,1.59351801872
2024-01-21 22:53:24,0.137107133865,53856,1.51719999313
2024-01-21 22:53:26,0.166694879532,54129,1.51591801643
2024-01-21 22:53:27,0.182339191437,54186,1.49494314194
2024-01-21 22:53:29,0.1223320961,53199,1.48484683037
2024-01-21 22:53:31,0.160401821136,54045,1.50289797783
2024-01-21 22:53:32,0.18384885788,53862,1.4944999218
2024-01-21 22:53:34,0.133542060852,53775,1.58754181862
2024-01-21 22:53:36,0.141222953796,55938,1.52916002274
2024-01-21 22:53:37,0.159510850906,55308,1.22897195816
2024-01-21 22:53:39,0.147505998611,54858,1.20400810242
2024-01-21 22:53:40,0.152163028717,54975,1.17511296272
2024-01-21 22:53:41,0.161550045013,52992,1.67982983589
2024-01-21 22:53:43,0.129670143127,54147,1.43248295784
2024-01-21 22:53:45,0.129162073135,54150,1.45601797104
2024-01-21 22:53:46,0.195244073868,51942,1.36383390427
2024-01-21 22:53:48,0.167008876801,52356,1.37959098816
2024-01-21 22:53:50,0.16511297226,52122,1.38250684738
2024-01-21 22:53:51,0.120515108109,54231,1.58333206177
2024-01-21 22:53:53,0.148549795151,54096,1.58886313438
2024-01-21 22:53:55,0.171323060989,53124,1.54419183731
2024-01-21 22:53:56,0.146142959595,53907,1.56825017929
2024-01-21 22:53:58,0.175351858139,54423,1.51065707207
2024-01-21 22:54:00,0.14005112648,54993,1.3897550106
2024-01-21 22:54:01,0.157658100128,54831,1.44612812996
2024-01-21 22:54:03,0.152546882629,54348,1.55215597153
2024-01-21 22:54:05,0.197730064392,54396,1.55700993538
2024-01-21 22:54:06,0.146405935287,54102,1.45828700066
2024-01-21 22:54:08,0.139718055725,54066,1.5885720253
2024-01-21 22:54:10,0.154032945633,51882,1.44089984894
2024-01-21 22:54:11,0.216753959656,53829,1.52883219719
2024-01-21 22:54:13,0.14259314537,53928,1.47619700432
2024-01-21 22:54:15,0.124381065369,54486,1.47530698776
2024-01-21 22:54:16,0.125289201736,56289,1.51646494865
2024-01-21 22:54:18,0.145395994186,56433,1.54021310806
2024-01-21 22:54:19,0.165179014206,55251,1.60761809349
2024-01-21 22:54:21,0.12047290802,56244,1.35862588882
2024-01-21 22:54:23,0.139126062393,55905,1.43339920044
2024-01-21 22:54:24,0.13183093071,53643,1.36545681953
2024-01-21 22:54:26,0.134607076645,56109,1.56256389618
2024-01-21 22:54:28,0.14471411705,56619,1.46345877647
2024-01-21 22:54:29,0.16450381279,56421,1.45030403137
2024-01-21 22:54:31,0.157510995865,54177,1.40155291557
2024-01-21 22:54:32,0.141381978989,54171,1.58200979233
2024-01-21 22:54:34,0.154900074005,55242,1.50849890709
2024-01-21 22:54:36,0.154953956604,54918,1.58648896217
2024-01-21 22:54:37,0.149119138718,54741,1.52414894104
2024-01-21 22:54:39,0.141544818878,54765,1.47196602821
2024-01-21 22:54:41,0.133854150772,54675,1.40341091156
2024-01-21 22:54:42,0.155001163483,55359,1.4165160656
2024-01-21 22:54:44,0.181547880173,53646,1.62031507492
2024-01-21 22:54:46,0.147248029709,54609,1.67290115356
2024-01-21 22:54:47,0.159228086472,55041,1.51213002205
2024-01-21 22:54:49,0.138773918152,54975,1.55518984795
2024-01-21 22:54:51,0.189269781113,55602,1.4676759243
2024-01-21 22:54:52,0.139199018478,55542,1.45235395432
2024-01-21 22:54:54,0.140860080719,55656,1.45187902451
2024-01-21 22:54:56,0.146994113922,55821,1.4501209259
2024-01-21 22:54:57,0.146982192993,55284,1.50353598595
2024-01-21 22:54:59,0.137228965759,55626,1.35783481598
2024-01-21 22:55:00,0.131285905838,54492,1.51346087456
2024-01-21 22:55:02,0.209877967834,52890,1.44309997559
2024-01-21 22:55:04,0.155097961426,54276,1.57074379921
2024-01-21 22:55:05,0.172009944916,54678,1.69868993759
2024-01-21 22:55:07,0.155344963074,54810,1.65608906746
2024-01-21 22:55:09,0.147432088852,54828,1.46392083168
2024-01-21 22:55:11,0.16463804245,54678,1.58386516571
2024-01-21 22:55:12,0.181571006775,53955,1.77225208282
2024-01-21 22:55:14,0.13646697998,53595,1.3658311367
2024-01-21 22:55:16,0.187505960464,55875,1.59110379219
2024-01-21 22:55:18,0.163589954376,55782,1.50361609459
2024-01-21 22:55:19,0.137423992157,56082,1.39275193214
2024-01-21 22:55:21,0.172782182693,56697,1.64179611206
2024-01-21 22:55:23,0.140957117081,56403,1.55864095688
2024-01-21 22:55:24,0.142879962921,53142,1.45738792419
2024-01-21 22:55:26,0.259177207947,54222,1.36694312096
2024-01-21 22:55:28,0.246532917023,53769,1.49401807785
2024-01-21 22:55:29,0.130728960037,54261,1.67854905128
2024-01-21 22:55:31,0.136777162552,53439,1.37370610237
2024-01-21 22:55:33,0.166491985321,53655,1.4457950592
2024-01-21 22:55:34,0.12890791893,53640,1.47311091423
2024-01-21 22:55:36,0.16587805748,53589,1.41285896301
2024-01-21 22:55:37,0.147865056992,53604,1.41755390167
2024-01-21 22:55:39,0.167119979858,54090,1.4499900341
2024-01-21 22:55:41,0.126582145691,54753,1.47734212875
2024-01-21 22:55:42,0.121669054031,53991,1.43840289116
2024-01-21 22:55:44,0.168536901474,53862,1.44745802879
2024-01-21 22:55:45,0.145412921906,54093,1.59416890144
2024-01-21 22:55:47,0.137970209122,55377,1.47787189484
2024-01-21 22:55:49,0.140642881393,55251,1.44818496704
2024-01-21 22:55:50,0.150611162186,54741,1.49070596695
2024-01-21 22:55:52,0.208173036575,55137,1.39469790459
2024-01-21 22:55:54,0.121757030487,54915,1.62258911133
2024-01-21 22:55:55,0.158226013184,54777,1.57743787766
2024-01-21 22:55:57,0.135914087296,54642,1.56115698814
2024-01-21 22:55:59,0.164988040924,54465,1.52624201775
2024-01-21 22:56:01,0.167292118073,54654,1.51711893082
2024-01-21 22:56:02,0.127269983292,53799,1.40425181389
2024-01-21 22:56:04,0.172590970993,53466,1.51139807701
2024-01-21 22:56:05,0.138818025589,53481,1.2486000061
2024-01-21 22:56:07,0.139362096786,54738,1.21567487717
2024-01-21 22:56:08,0.153696060181,54864,1.22789597511
2024-01-21 22:56:10,0.142912149429,54918,1.24950313568
2024-01-21 22:56:11,0.137294054031,55083,1.46859502792
2024-01-21 22:56:13,0.142283916473,55518,1.44014406204
2024-01-21 22:56:14,0.147053003311,54912,1.62101602554
2024-01-21 22:56:16,0.156559944153,55116,1.43638420105
2024-01-21 22:56:17,0.183128118515,56049,1.46617698669
2024-01-21 22:56:19,0.180593967438,54942,1.53102087975
2024-01-21 22:56:21,0.131385087967,54843,1.54700398445
2024-01-21 22:56:23,0.120268106461,55176,1.45931100845
2024-01-21 22:56:24,0.139358043671,63186,1.43669390678
2024-01-21 22:56:26,0.130758047104,54993,1.52192401886
2024-01-21 22:56:27,0.145298957825,56517,1.34254193306
2024-01-21 22:56:29,0.130853891373,56427,1.36640000343
2024-01-21 22:56:30,0.173412084579,54855,1.51544499397
2024-01-21 22:56:32,0.145813941956,53835,1.4791738987
2024-01-21 22:56:34,0.158601045609,54363,1.463752985
2024-01-21 22:56:35,0.144538879395,52722,1.52364110947
2024-01-21 22:56:37,0.142370939255,53919,1.44033622742
2024-01-21 22:56:39,0.163202047348,54075,1.63980007172
2024-01-21 22:56:40,0.152979135513,53943,1.48159313202
2024-01-21 22:56:42,0.134999036789,53769,1.44215583801
2024-01-21 22:56:44,0.139235973358,55113,1.61371994019
2024-01-21 22:56:45,0.122884988785,54645,1.53006696701
2024-01-21 22:56:47,0.143355846405,54879,1.57361793518
2024-01-21 22:56:49,0.167880058289,55221,1.5445561409
2024-01-21 22:56:50,0.156241893768,54753,1.40978097916
2024-01-21 22:56:52,0.186450004578,54105,1.52210402489
2024-01-21 22:56:54,0.1564848423,55035,1.54075908661
2024-01-21 22:56:55,0.158150911331,54918,1.51066708565
2024-01-21 22:56:57,0.146826982498,54663,1.47277212143
2024-01-21 22:56:59,0.136837005615,54573,1.42440199852
2024-01-21 22:57:00,0.175867795944,54513,1.52944898605
2024-01-21 22:57:02,0.197247982025,52401,1.38089513779
2024-01-21 22:57:03,0.127635002136,54399,1.41434311867
2024-01-21 22:57:05,0.150129079819,56022,1.52993416786
2024-01-21 22:57:07,0.146945953369,55323,1.55756402016
2024-01-21 22:57:08,0.144421815872,63465,1.53931713104
2024-01-21 22:57:10,0.134835958481,56181,1.60429310799
2024-01-21 22:57:12,0.137408018112,55554,1.53332209587
2024-01-21 22:57:13,0.122550010681,56103,1.43775987625
2024-01-21 22:57:15,0.140748977661,55521,1.45902609825
2024-01-21 22:57:17,0.133021116257,55518,1.61322498322
2024-01-21 22:57:18,0.170923948288,55182,1.38577580452
2024-01-21 22:57:20,0.155984163284,55572,1.53144717216
2024-01-21 22:57:22,0.220670938492,55194,1.41863298416
2024-01-21 22:57:23,0.147871017456,55287,1.55709505081
2024-01-21 22:57:25,0.120475053787,55425,1.49288606644
2024-01-21 22:57:27,0.158921957016,58953,1.52052378654
2024-01-21 22:57:28,0.17774105072,57348,1.41596794128
2024-01-21 22:57:30,0.132964849472,56583,1.37315297127
2024-01-21 22:57:31,0.122855901718,54129,1.49564909935
2024-01-21 22:57:33,0.135766029358,54858,1.43943119049
2024-01-21 22:57:35,0.160116195679,56844,1.42120504379
2024-01-21 22:57:36,0.14226603508,59337,1.48252820969
2024-01-21 22:57:38,0.119033813477,55737,1.73671293259
2024-01-21 22:57:40,0.1428399086,55590,1.57602000237
2024-01-21 22:57:41,0.172256946564,55749,1.4149889946
2024-01-21 22:57:43,0.138497829437,55773,1.59309411049
2024-01-21 22:57:45,0.168003082275,55758,1.75598502159
2024-01-21 22:57:47,0.189119100571,55914,1.51927185059
2024-01-21 22:57:48,0.122591018677,56148,1.50299692154
2024-01-21 22:57:50,0.149614810944,56757,1.44104599953
2024-01-21 22:57:52,0.130079030991,55440,1.54954218864
2024-01-21 22:57:53,0.123279094696,55464,1.52308106422
2024-01-21 22:57:55,0.158175945282,55311,1.53408312798
2024-01-21 22:57:57,0.163209915161,55530,1.53559207916
2024-01-21 22:57:58,0.163235902786,56430,1.42747998238
2024-01-21 22:58:00,0.125188112259,57915,1.63800001144
2024-01-21 22:58:02,0.173069000244,58206,1.58134794235
2024-01-21 22:58:03,0.15246796608,55242,1.53603196144
2024-01-21 22:58:05,0.162652015686,56964,1.47061681747
2024-01-21 22:58:07,0.158310174942,57033,1.26460909843
2024-01-21 22:58:08,0.151457071304,55527,1.48070883751
2024-01-21 22:58:10,0.118257045746,56343,1.52678799629
2024-01-21 22:58:11,0.136797904968,55971,1.4548330307
2024-01-21 22:58:13,0.175245046616,55815,1.45819783211
2024-01-21 22:58:15,0.146982908249,55347,1.52880501747
2024-01-21 22:58:16,0.156123876572,55635,1.42114686966
2024-01-21 22:58:18,0.149233102798,55836,1.49557995796
2024-01-21 22:58:20,0.140377998352,55185,1.50966191292
2024-01-21 22:58:21,0.128956079483,55134,1.67449188232
2024-01-21 22:58:23,0.120164871216,56691,1.52771496773
2024-01-21 22:58:25,0.137213945389,56994,1.51871490479
2024-01-21 22:58:26,0.150282144547,55956,1.46489810944
2024-01-21 22:58:28,0.137544870377,55806,1.42305803299
2024-01-21 22:58:29,0.135802984238,58002,1.31283283234
2024-01-21 22:58:31,0.130577802658,54306,1.7118730545
2024-01-21 22:58:33,0.139137029648,55128,1.5705499649
2024-01-21 22:58:34,0.190361022949,55179,1.21987509727
2024-01-21 22:58:36,0.172827959061,55041,1.20340800285
2024-01-21 22:58:37,0.198340177536,53511,1.23704791069
2024-01-21 22:58:39,0.162073850632,54375,2.3807990551
2024-01-21 22:58:41,0.17143702507,54798,1.64609909058
2024-01-21 22:58:43,0.196133136749,56106,1.44290804863
2024-01-21 22:58:45,0.153432130814,55770,1.4359869957
2024-01-21 22:58:46,0.163497924805,54690,1.38217520714
2024-01-21 22:58:48,0.195165157318,55356,1.46557784081
2024-01-21 22:58:49,0.13328909874,55656,1.49894309044
2024-01-21 22:58:51,0.144989013672,55428,1.43479013443
2024-01-21 22:58:53,0.145113945007,55236,1.44116306305
2024-01-21 22:58:54,0.174968957901,57402,1.50916695595
2024-01-21 22:58:56,0.172662973404,56589,1.44114494324
2024-01-21 22:58:58,0.130182981491,54867,1.56350517273
2024-01-21 22:58:59,0.193378210068,55074,1.49972200394
2024-01-21 22:59:01,0.140389919281,55212,1.53093099594
2024-01-21 22:59:03,0.184513092041,55638,1.56984400749
2024-01-21 22:59:04,0.144607067108,54711,1.54469919205
2024-01-21 22:59:06,0.193313121796,56094,1.43993782997
2024-01-21 22:59:08,0.142692089081,55926,1.42112088203
2024-01-21 22:59:09,0.142642974854,55770,1.38253498077
2024-01-21 22:59:11,0.216500997543,54882,1.485435009
2024-01-21 22:59:12,0.159716129303,55848,1.43726301193
2024-01-21 22:59:14,0.163833141327,55389,1.41715192795
2024-01-21 22:59:16,0.180628061295,54969,1.60436296463
2024-01-21 22:59:17,0.123913049698,56175,1.5084002018
2024-01-21 22:59:19,0.16059088707,55176,1.39306402206
2024-01-21 22:59:21,0.138461112976,55758,1.57732701302
2024-01-21 22:59:22,0.134351968765,54618,1.37734389305
2024-01-21 22:59:24,0.157298088074,53325,1.45692300797
2024-01-21 22:59:25,0.140305995941,53490,1.51812601089
2024-01-21 22:59:27,0.139209032059,53778,1.46954488754
2024-01-21 22:59:29,0.121247053146,58848,1.50880289078
2024-01-21 22:59:30,0.116991043091,58974,1.52812504768
2024-01-21 22:59:32,0.174180030823,58773,1.39281415939
2024-01-21 22:59:34,0.139450788498,55122,1.35160112381
2024-01-21 22:59:35,0.177557945251,55095,1.42826890945
2024-01-21 22:59:37,0.17383480072,55941,1.4806330204
2024-01-21 22:59:38,0.115261077881,55191,1.45518279076
2024-01-21 22:59:40,0.145017147064,59493,1.42808318138
2024-01-21 23:07:00,0.151436090469,50985,1.48421311378
2024-01-21 23:07:02,0.165111064911,51882,1.46033191681
2024-01-21 23:07:03,0.14207482338,53160,1.50838804245
2024-01-21 23:07:05,0.132009983063,54525,1.41695213318
2024-01-21 23:07:07,0.11886382103,52281,1.49971199036
2024-01-21 23:07:08,0.129801988602,53076,1.61421394348
2024-01-21 23:07:10,0.172001838684,55509,1.48093795776
2024-01-21 23:07:12,0.184298992157,54174,1.49805283546
2024-01-21 23:07:13,0.189687013626,55437,1.37591290474
2024-01-21 23:07:15,0.146684169769,52725,1.47238302231
2024-01-21 23:07:16,0.124923944473,55440,1.44348287582
2024-01-21 23:07:18,0.160839080811,56061,1.59907913208
2024-01-21 23:07:20,0.148795127869,52386,1.59709000587
2024-01-21 23:07:21,0.152916908264,52500,1.39507293701
2024-01-21 23:07:23,0.167059898376,53595,1.61572980881
2024-01-21 23:07:25,0.116486787796,53418,1.48677515984
2024-01-21 23:07:26,0.166660070419,52734,1.42266488075
2024-01-21 23:07:28,0.120167970657,54840,1.3665831089
2024-01-21 23:07:29,0.133635044098,54288,1.37818789482
2024-01-21 23:07:31,0.119141101837,53205,1.59549999237
2024-01-21 23:07:33,0.137453079224,54024,1.4697329998
2024-01-21 23:07:34,0.148340940475,53832,1.56519603729
2024-01-21 23:07:36,0.147333860397,54009,1.45647597313
2024-01-21 23:07:38,0.16179394722,53976,1.502202034
2024-01-21 23:07:39,0.143932104111,54381,1.59350800514
2024-01-21 23:07:41,0.162729978561,51063,1.53304004669
2024-01-21 23:07:43,0.142462015152,52455,1.5095539093
2024-01-21 23:07:44,0.152114152908,52623,1.42295718193
2024-01-21 23:07:46,0.23335313797,52539,1.63623309135
2024-01-21 23:07:48,0.163396120071,53262,1.36070680618
2024-01-21 23:07:49,0.137122154236,52290,1.38274097443
2024-01-21 23:07:51,0.147176980972,55260,1.605437994
2024-01-21 23:07:53,0.164436817169,55059,1.56479907036
2024-01-21 23:07:54,0.163002967834,60867,1.42936086655
2024-01-21 23:07:56,0.14707493782,51678,1.48561096191
2024-01-21 23:07:58,0.180986166,51387,1.49297499657
2024-01-21 23:07:59,0.14204788208,54126,1.4664311409
2024-01-21 23:08:01,0.131632089615,52929,1.57430005074
