timestamp,image_capture_time,compressed_image_size_bytes,densecap_request_response_time
2024-01-21 20:40:33,0.134724140167,37788,1.4028069973
2024-01-21 20:40:35,0.161594867706,33429,1.11826086044
2024-01-21 20:40:36,0.120224952698,35592,1.19466114044
2024-01-21 20:40:38,0.153689861298,35190,1.07648801804
2024-01-21 20:40:39,0.16206407547,32499,1.16148304939
2024-01-21 20:40:40,0.144062995911,33483,1.09844493866
2024-01-21 20:40:41,0.164736032486,34593,1.09323191643
2024-01-21 20:40:43,0.164560079575,34692,1.133425951
2024-01-21 20:40:44,0.16553902626,27063,0.987071037292
2024-01-21 20:40:45,0.140828847885,31920,0.97927904129
2024-01-21 20:40:46,0.193140029907,26742,1.02942609787
2024-01-21 20:40:47,0.171678066254,31665,1.19071602821
2024-01-21 20:40:49,0.206529140472,31596,1.02838587761
2024-01-21 20:40:50,0.141789197922,31482,1.03931903839
2024-01-21 20:40:51,0.187309980392,26385,0.995276927948
2024-01-21 20:40:52,0.142903089523,32757,1.05795001984
2024-01-21 20:40:54,0.161994934082,32754,1.04751205444
2024-01-21 20:40:55,0.165537118912,26403,1.17880821228
2024-01-21 20:40:56,0.206695079803,32412,1.11874890327
2024-01-21 20:40:57,0.133002996445,32841,1.17955303192
2024-01-21 20:40:59,0.166324138641,32988,1.05182313919
2024-01-21 20:41:00,0.146856069565,31497,1.08960294724
2024-01-21 20:41:01,0.158672094345,33258,1.07993006706
2024-01-21 20:41:02,0.117079019547,34857,1.16146707535
2024-01-21 20:41:04,0.138439893723,34854,1.17051887512
2024-01-21 20:41:05,0.148950099945,29811,1.56080389023
2024-01-21 20:41:07,0.114391088486,33117,1.13561820984
2024-01-21 20:41:08,0.19255399704,30195,1.83210802078
2024-01-21 20:41:10,0.162800073624,26454,1.01226496696
2024-01-21 20:41:11,0.138705015182,27324,1.04595804214
2024-01-21 20:41:12,0.144840955734,27573,1.07572007179
2024-01-21 20:41:14,0.119179010391,26505,0.985948801041
2024-01-21 20:41:15,0.145565032959,34509,1.14791703224
2024-01-21 20:41:16,0.138506889343,31899,1.0171649456
2024-01-21 20:41:17,0.181952953339,31560,1.4444899559
2024-01-21 20:41:19,0.15659403801,26835,1.02524590492
2024-01-21 20:41:20,0.149075031281,32616,1.05798792839
2024-01-21 20:41:21,0.14126086235,32379,1.01934599876
2024-01-21 20:41:22,0.179017066956,27330,1.06442379951
2024-01-21 20:41:24,0.134565830231,26769,1.05700492859
2024-01-21 20:41:25,0.142159938812,27030,0.995822906494
2024-01-21 20:41:26,0.137303113937,27273,1.03531599045
2024-01-21 20:41:27,0.131657123566,27684,1.01154518127
2024-01-21 20:41:28,0.11953496933,26958,1.01801109314
2024-01-21 20:41:29,0.148492097855,26928,1.04360103607
2024-01-21 20:41:31,0.143686056137,26112,0.975116014481
2024-01-21 20:41:32,0.137917041779,26820,1.0267291069
2024-01-21 20:41:33,0.16162610054,26763,1.07620692253
2024-01-21 20:41:34,0.148583889008,26484,1.08516001701
2024-01-21 20:41:35,0.151523113251,26649,1.12577414513
2024-01-21 20:41:37,0.156605958939,26928,1.05107903481
2024-01-21 20:41:38,0.141315937042,26931,1.0114531517
2024-01-21 20:41:39,0.122469902039,26094,1.0839009285
2024-01-21 20:41:40,0.180557012558,26271,1.00144100189
2024-01-21 20:41:41,0.146446943283,26295,1.04490280151
2024-01-21 20:41:43,0.139245033264,26835,1.01923084259
2024-01-21 20:41:44,0.158601045609,26721,0.997021913528
2024-01-21 20:41:45,0.159277200699,26910,0.968111991882
2024-01-21 20:41:46,0.167382955551,27285,0.994097948074
2024-01-21 20:41:47,0.152980089188,26406,0.958198070526
2024-01-21 20:41:48,0.145084857941,27396,1.01612114906
2024-01-21 20:41:49,0.127183914185,39699,1.22486615181
2024-01-21 20:41:51,0.158324956894,26595,1.10191106796
2024-01-21 20:41:52,0.164239168167,26697,1.06696796417
2024-01-21 20:41:53,0.197897195816,27171,1.0070078373
2024-01-21 20:41:54,0.178884029388,27273,1.03326201439
2024-01-21 20:41:56,0.157616138458,26874,0.993355989456
2024-01-21 20:41:57,0.138486862183,26934,1.03097009659
2024-01-21 20:41:58,0.167125940323,26880,1.00855207443
2024-01-21 20:41:59,0.146739959717,26265,0.995735883713
2024-01-21 20:42:00,0.120433092117,26331,0.973060846329
2024-01-21 20:42:01,0.152812004089,26862,0.993113994598
2024-01-21 20:42:03,0.16201710701,26211,1.00103878975
2024-01-21 20:42:04,0.148296117783,26403,1.05325198174
2024-01-21 20:42:05,0.142526865005,26598,1.12753987312
2024-01-21 20:42:06,0.171341896057,26544,1.04155087471
2024-01-21 20:42:07,0.15549993515,26373,3.30418086052
2024-01-21 20:42:11,0.127939939499,30396,0.990859031677
2024-01-21 20:42:12,0.175668001175,29460,0.884816884995
2024-01-21 20:42:13,0.114260911942,29364,0.997950077057
2024-01-21 20:42:14,0.132385969162,28557,1.06944108009
2024-01-21 20:42:15,0.129076957703,28680,1.06164002419
2024-01-21 20:42:17,0.139801025391,28167,1.02108097076
2024-01-21 20:42:18,0.145347833633,27528,1.10563898087
2024-01-21 20:42:19,0.213735103607,28293,1.023416996
2024-01-21 20:42:20,0.18420290947,28956,1.00634098053
2024-01-21 20:42:21,0.127266168594,28005,1.20201396942
2024-01-21 20:42:23,0.145429134369,28131,1.16248893738
2024-01-21 20:42:24,0.17743897438,87624,1.28711700439
2024-01-21 20:42:25,0.179385900497,88212,1.22068595886
2024-01-21 20:42:27,0.14679312706,81135,1.30743503571
2024-01-21 20:42:28,0.15448307991,87852,1.27141404152
2024-01-21 20:42:30,0.161953926086,87978,1.21397185326
2024-01-21 20:42:31,0.145415067673,87753,1.18907499313
2024-01-21 20:42:32,0.155691146851,84966,1.35797286034
2024-01-21 20:42:34,0.19572019577,87753,1.28393507004
2024-01-21 20:42:35,0.155572891235,31614,1.07933092117
2024-01-21 20:42:37,0.165981054306,31620,1.03151488304
2024-01-21 20:42:38,0.150918960571,26808,1.01751708984
2024-01-21 20:42:39,0.148020982742,29277,1.07101798058
2024-01-21 20:42:40,0.144186019897,29439,1.02547597885
2024-01-21 20:42:41,0.137173891068,28986,1.06416988373
2024-01-21 20:42:43,0.13091301918,28461,1.0602619648
2024-01-21 20:42:44,0.139696836472,29211,1.05450797081
2024-01-21 20:42:45,0.143613100052,28419,1.05231404305
2024-01-21 20:42:46,0.149211168289,28308,1.04388403893
2024-01-21 20:42:47,0.119976997375,28905,1.02461314201
2024-01-21 20:42:49,0.141061067581,28446,1.02819013596
2024-01-21 20:42:50,0.138904094696,27951,1.04226613045
2024-01-21 20:42:51,0.144026041031,28197,0.988656044006
2024-01-21 20:42:52,0.176571846008,28335,0.979707956314
2024-01-21 20:42:53,0.131319046021,27945,1.04603004456
2024-01-21 20:42:54,0.118330001831,26658,1.33501791954
2024-01-21 20:42:56,0.134446144104,28020,0.994727134705
2024-01-21 20:42:57,0.143730163574,27645,1.02531099319
2024-01-21 20:42:58,0.134104013443,28518,0.963372945786
2024-01-21 20:42:59,0.190242052078,28716,1.09085702896
2024-01-21 20:43:01,0.128839969635,28680,1.03707194328
2024-01-21 20:43:02,0.141240119934,27312,1.05740594864
2024-01-21 20:43:03,0.140974998474,27915,1.15586805344
2024-01-21 20:43:04,0.207860946655,28002,1.14755296707
2024-01-21 20:43:06,0.130514860153,29856,1.05292105675
2024-01-21 20:43:07,0.16698718071,28533,1.09452295303
2024-01-21 20:43:08,0.115175962448,28524,1.1192240715
2024-01-21 20:43:09,0.145840167999,27672,1.15243601799
2024-01-21 20:43:11,0.119071006775,28206,1.12890005112
2024-01-21 20:43:12,0.146549940109,28101,1.13748288155
2024-01-21 20:43:13,0.112576961517,28299,1.08252286911
2024-01-21 20:43:14,0.116807937622,28101,1.16969203949
2024-01-21 20:43:16,0.132061958313,28281,1.09208607674
2024-01-21 20:43:17,0.143800973892,28110,1.09381604195
2024-01-21 20:43:18,0.16467499733,28299,1.06061792374
2024-01-21 20:43:19,0.140143871307,27837,1.03651189804
2024-01-21 20:43:20,0.222225904465,27624,1.03353500366
2024-01-21 20:43:22,0.139383077621,28335,1.12729692459
2024-01-21 20:43:23,0.140673160553,27066,1.01167201996
2024-01-21 20:43:24,0.117995023727,25191,1.00744605064
2024-01-21 20:43:25,0.130079984665,26661,1.11363005638
2024-01-21 20:43:26,0.116985082626,24642,1.04419398308
2024-01-21 20:43:28,0.183611869812,32352,1.08523106575
2024-01-21 20:43:29,0.118798017502,32547,1.13276004791
2024-01-21 20:43:30,0.141420841217,32925,1.10549902916
2024-01-21 20:43:31,0.119533061981,33033,1.06999397278
2024-01-21 20:43:33,0.122895002365,33591,1.01164913177
2024-01-21 20:43:34,0.147624015808,35328,1.18034100533
2024-01-21 20:43:35,0.159327030182,31110,1.16710591316
2024-01-21 20:43:36,0.135529994965,32136,1.01793503761
2024-01-21 20:43:38,0.177603006363,32058,1.04082083702
2024-01-21 20:43:39,0.163475036621,33171,1.04828882217
2024-01-21 20:43:40,0.14608502388,32622,1.24440383911
2024-01-21 20:43:41,0.156311035156,32397,1.07111787796
2024-01-21 20:43:43,0.129045963287,32556,1.05662298203
2024-01-21 20:43:44,0.143654108047,33363,1.00180411339
2024-01-21 20:43:45,0.127040863037,32976,1.03621602058
2024-01-21 20:43:46,0.127407073975,30585,1.01053285599
2024-01-21 20:43:47,0.14573097229,31143,1.02577400208
2024-01-21 20:43:48,0.138857841492,32313,1.06837701797
2024-01-21 20:43:50,0.153276920319,31008,1.18180799484
2024-01-21 20:43:51,0.167233943939,31041,1.19553899765
2024-01-21 20:43:52,0.143869161606,33873,1.03892302513
2024-01-21 20:43:53,0.158309936523,33582,0.998089075089
2024-01-21 20:43:55,0.155842065811,32652,1.15791893005
2024-01-21 20:43:56,0.145844221115,32445,1.0758471489
2024-01-21 20:43:57,0.138374090195,32217,0.961720943451
2024-01-21 20:43:58,0.163882017136,33117,1.09837198257
2024-01-21 20:44:00,0.158283948898,32157,0.98681807518
2024-01-21 20:44:01,0.187377929688,32469,1.09770584106
2024-01-21 20:44:02,0.153990983963,32748,1.05387401581
2024-01-21 20:44:03,0.129507064819,32892,1.04758191109
2024-01-21 20:44:04,0.113418102264,32364,1.0659968853
2024-01-21 20:44:06,0.132749080658,32034,1.00812506676
2024-01-21 20:44:07,0.189739942551,32436,1.06431603432
2024-01-21 20:44:08,0.134557008743,32943,1.09360599518
2024-01-21 20:44:09,0.161023139954,32463,1.04163217545
2024-01-21 20:44:10,0.160001993179,30291,1.02909088135
2024-01-21 20:44:12,0.11381316185,31980,1.2492389679
2024-01-21 20:44:13,0.157987117767,33075,1.06917595863
2024-01-21 20:44:14,0.143779039383,31536,1.13276290894
2024-01-21 20:44:15,0.165410041809,33573,1.03478503227
2024-01-21 20:44:17,0.143640041351,34059,4.25063610077
2024-01-21 20:44:21,0.19896197319,33729,1.0437669754
2024-01-21 20:44:22,0.1345911026,34788,1.04972100258
2024-01-21 20:44:23,0.121083021164,33813,1.09948897362
2024-01-21 20:44:25,0.128046035767,34611,1.03505802155
2024-01-21 20:44:26,0.139096975327,34464,1.04923701286
2024-01-21 20:44:27,0.139949798584,32679,1.1222178936
2024-01-21 20:44:28,0.144145011902,33168,1.02273511887
2024-01-21 20:44:29,0.142969846725,32661,1.00874614716
2024-01-21 20:44:31,0.144005060196,32709,1.05859184265
2024-01-21 20:44:32,0.140552043915,33228,1.08112692833
2024-01-21 20:44:33,0.16379904747,33669,1.06717991829
2024-01-21 20:44:34,0.132965087891,32640,1.09883022308
2024-01-21 20:44:35,0.13024520874,32769,1.04313087463
2024-01-21 20:44:37,0.144444942474,33084,1.10280108452
2024-01-21 20:44:38,0.200700998306,31683,1.12757301331
2024-01-21 20:44:39,0.145220994949,33186,1.03524112701
2024-01-21 20:44:40,0.13240480423,33579,1.04714989662
2024-01-21 20:44:42,0.124377012253,35274,1.02913689613
2024-01-21 20:44:43,0.130609989166,35985,1.05701899529
2024-01-21 20:44:44,0.143342971802,34953,1.04415607452
2024-01-21 20:44:45,0.151232004166,33411,1.02163505554
2024-01-21 20:44:46,0.176935195923,33705,1.10219407082
2024-01-21 20:44:48,0.134664058685,33483,1.05591201782
2024-01-21 20:44:49,0.142203092575,40185,1.06432509422
2024-01-21 20:44:50,0.142420053482,40089,1.18527889252
2024-01-21 20:44:51,0.226408958435,35898,1.20937108994
2024-01-21 20:44:53,0.133017063141,34275,1.17811512947
2024-01-21 20:44:54,0.154083013535,34182,1.19416594505
2024-01-21 20:44:55,0.140281915665,33783,1.40590500832
2024-01-21 20:44:57,0.178230047226,34752,1.01518702507
2024-01-21 20:44:58,0.183971881866,34704,1.04209494591
2024-01-21 20:44:59,0.13286113739,34539,0.974059104919
2024-01-21 20:45:00,0.125174999237,34341,1.01865816116
2024-01-21 20:45:02,0.118766069412,34800,1.07120800018
2024-01-21 20:45:03,0.126403093338,34440,1.04321789742
2024-01-21 20:45:04,0.123592853546,33705,1.02619409561
2024-01-21 20:45:05,0.155893087387,34137,1.20473980904
2024-01-21 20:45:06,0.201400995255,33558,1.00306797028
2024-01-21 20:45:08,0.188699960709,34110,1.17158317566
2024-01-21 20:45:09,0.146448135376,34128,1.09310102463
2024-01-21 20:45:10,0.186906099319,34230,1.07665896416
2024-01-21 20:45:12,0.174065113068,37131,1.03725409508
2024-01-21 20:45:13,0.122831106186,37347,1.12270593643
2024-01-21 20:45:14,0.163264036179,37113,1.16909718513
2024-01-21 20:45:15,0.199417829514,36558,1.13731312752
2024-01-21 20:45:17,0.138576030731,36396,1.01855707169
2024-01-21 20:45:18,0.151313066483,36195,1.04421615601
2024-01-21 20:45:19,0.137232065201,36396,1.04938101768
2024-01-21 20:45:20,0.134709835052,35667,1.14002990723
2024-01-21 20:45:22,0.117825984955,35871,1.04399299622
2024-01-21 20:45:23,0.122045993805,35076,1.12235879898
2024-01-21 20:45:24,0.142476081848,35733,1.05655002594
2024-01-21 20:45:25,0.141005039215,35286,1.1152908802
2024-01-21 20:45:26,0.140131950378,35511,1.1326789856
2024-01-21 20:45:28,0.166165113449,35655,1.06230998039
2024-01-21 20:45:29,0.137022972107,35286,1.18314409256
2024-01-21 20:45:30,0.175640106201,35241,1.04577207565
2024-01-21 20:45:31,0.187592029572,35817,0.994606971741
2024-01-21 20:45:33,0.166942834854,35280,1.09107494354
2024-01-21 20:45:34,0.131364822388,37662,1.03426790237
2024-01-21 20:45:35,0.133301973343,36735,1.05847287178
2024-01-21 20:45:36,0.139276027679,36039,1.11662602425
2024-01-21 20:45:37,0.119240999222,35667,1.0414659977
2024-01-21 20:45:39,0.124501943588,36426,1.20285105705
2024-01-21 20:45:40,0.165728807449,36030,1.16423892975
2024-01-21 20:45:41,0.140455007553,36363,1.14913916588
2024-01-21 20:45:43,0.155828952789,35766,1.14506101608
2024-01-21 20:45:44,0.156889915466,36387,1.08651018143
2024-01-21 20:45:45,0.125262022018,36099,1.08060693741
2024-01-21 20:45:46,0.201941013336,36069,1.16351103783
2024-01-21 20:45:48,0.135856151581,36201,1.02711105347
2024-01-21 20:45:49,0.155785083771,36681,1.0567650795
2024-01-21 20:45:50,0.137737035751,36351,1.08959388733
2024-01-21 20:45:51,0.144607067108,36825,1.11928415298
2024-01-21 20:45:53,0.143426895142,36318,1.06164288521
2024-01-21 20:45:54,0.136058092117,37029,1.05746102333
2024-01-21 20:45:55,0.141778945923,36975,1.05275702477
2024-01-21 20:45:56,0.146221160889,36228,1.01606702805
2024-01-21 20:45:57,0.181629896164,35976,1.04588198662
2024-01-21 20:45:59,0.149703979492,35754,1.09478998184
2024-01-21 20:46:00,0.144872903824,36153,1.12994909286
2024-01-21 20:46:01,0.131783008575,36183,1.15534114838
2024-01-21 20:46:02,0.142074108124,36009,1.20096898079
2024-01-21 20:46:04,0.152469158173,36027,1.06685900688
2024-01-21 20:46:05,0.142898082733,38109,1.11780810356
2024-01-21 20:46:06,0.170746803284,36276,1.09410309792
2024-01-21 20:46:07,0.161410093307,38178,1.10620617867
2024-01-21 20:46:09,0.137382030487,38112,1.05039906502
2024-01-21 20:46:10,0.147187948227,37881,1.16132903099
2024-01-21 20:46:11,0.116581916809,38259,1.11036205292
2024-01-21 20:46:12,0.165465831757,38295,1.11584997177
2024-01-21 20:46:14,0.154113054276,38523,1.00775909424
2024-01-21 20:46:15,0.143921136856,38583,1.14569115639
2024-01-21 20:46:16,0.120839118958,37851,1.0962729454
2024-01-21 20:46:17,0.155679941177,37755,1.14557886124
2024-01-21 20:46:19,0.15335392952,37365,1.06646299362
2024-01-21 20:46:20,0.144224882126,36954,0.987550973892
2024-01-21 20:46:21,0.168776035309,35817,1.03294301033
2024-01-21 20:46:22,0.165702819824,37662,1.06575989723
2024-01-21 20:46:23,0.145572900772,37344,1.11087203026
2024-01-21 20:46:25,0.140203952789,37083,1.13728713989
2024-01-21 20:46:26,0.161453962326,36900,1.03470182419
2024-01-21 20:46:27,0.164249181747,37287,1.10403203964
2024-01-21 20:46:28,0.152479887009,37707,1.16029810905
2024-01-21 20:46:30,0.180818080902,37812,1.13676595688
2024-01-21 20:46:31,0.140059947968,36444,1.10589885712
2024-01-21 20:46:32,0.193205118179,36045,1.00548100471
2024-01-21 20:46:34,0.126939058304,37617,1.23188090324
2024-01-21 20:46:35,0.136898040771,38076,1.03887081146
2024-01-21 20:46:36,0.146471977234,36639,1.1190469265
2024-01-21 20:46:37,0.144948005676,35052,1.04433584213
2024-01-21 20:46:39,0.154247999191,35181,1.06410694122
2024-01-21 20:46:40,0.135499000549,35241,1.08917188644
2024-01-21 20:46:41,0.189515113831,38379,1.15391778946
2024-01-21 20:46:42,0.165298938751,37461,1.19644904137
2024-01-21 20:46:44,0.189274072647,37206,1.07369303703
2024-01-21 20:46:45,0.115061998367,37053,1.04794812202
2024-01-21 20:46:46,0.123116016388,37320,1.13064193726
2024-01-21 20:46:47,0.144115924835,37677,1.12958598137
2024-01-21 20:46:49,0.123217821121,36783,1.12716197968
2024-01-21 20:46:50,0.142319202423,37653,1.11734509468
2024-01-21 20:46:51,0.167252063751,37638,1.06156802177
2024-01-21 20:46:52,0.135673046112,33666,1.18283605576
2024-01-21 20:46:54,0.167969942093,30480,0.998803853989
2024-01-21 20:46:55,0.152080774307,26826,1.12287306786
2024-01-21 20:46:56,0.120085000992,26802,1.16072893143
2024-01-21 20:46:57,0.143988847733,28434,1.20825695992
2024-01-21 20:46:59,0.115909814835,26925,1.17423009872
2024-01-21 20:47:00,0.124694108963,26766,1.05879116058
2024-01-21 20:47:01,0.164590835571,25737,1.16526007652
2024-01-21 20:47:03,0.159142017365,26622,1.21253705025
2024-01-21 20:47:04,0.159311056137,26526,1.3175868988
2024-01-21 20:47:05,0.132632017136,26730,1.17391419411
2024-01-21 20:47:07,0.13808298111,25401,1.09621906281
2024-01-21 20:47:08,0.138274908066,25512,1.08719611168
2024-01-21 20:47:09,0.190515995026,26610,1.14348506927
2024-01-21 20:47:11,0.154407978058,27633,1.19724202156
2024-01-21 20:47:12,0.155008077621,27705,1.14453792572
2024-01-21 20:47:13,0.154686927795,27132,1.18048501015
2024-01-21 20:47:15,0.163860082626,29046,1.12089204788
2024-01-21 20:47:16,0.144544124603,25827,1.18447899818
2024-01-21 20:47:17,0.114464044571,26763,1.05338215828
2024-01-21 20:47:18,0.158675909042,27108,1.2622358799
2024-01-21 20:47:20,0.18105506897,27294,1.16699004173
2024-01-21 20:47:21,0.16592502594,25572,1.18635296822
2024-01-21 20:47:22,0.15656208992,26850,1.19944691658
2024-01-21 20:47:24,0.135695934296,27627,1.92025780678
2024-01-21 20:47:26,0.13982796669,25452,1.0803630352
2024-01-21 20:47:27,0.176736831665,27642,1.13935899734
2024-01-21 20:47:28,0.12934589386,27534,1.1668419838
2024-01-21 20:47:30,0.178008079529,26658,1.20806097984
2024-01-21 20:47:31,0.147888898849,26952,1.16024804115
2024-01-21 20:47:32,0.196266174316,25554,1.10549783707
2024-01-21 20:47:34,0.13287115097,23001,1.1223449707
2024-01-21 20:47:35,0.163596868515,22680,1.17447805405
2024-01-21 20:47:36,0.141843080521,22290,1.02215409279
2024-01-21 20:47:37,0.174481868744,21882,1.00014400482
2024-01-21 20:47:39,0.132161855698,22152,0.968689918518
2024-01-21 20:47:40,0.131781101227,22125,0.983508825302
2024-01-21 20:47:41,0.156219005585,22710,0.956238985062
2024-01-21 20:47:42,0.17240691185,22224,1.08085489273
2024-01-21 20:47:43,0.143588066101,22002,1.02884912491
2024-01-21 20:47:44,0.138084888458,22311,1.01181697845
2024-01-21 20:47:46,0.12258887291,21972,0.996031999588
2024-01-21 20:47:47,0.135055065155,22191,0.958740949631
2024-01-21 20:47:48,0.161455154419,22167,1.09890198708
2024-01-21 20:47:49,0.150913953781,22251,0.994979143143
2024-01-21 20:47:50,0.15438079834,22173,0.93359708786
2024-01-21 20:47:51,0.165286064148,21861,1.08999300003
2024-01-21 20:47:52,0.178349018097,23049,1.02751803398
2024-01-21 20:47:54,0.173452138901,27306,0.974749088287
2024-01-21 20:47:55,0.22455906868,28647,1.02896094322
2024-01-21 20:47:56,0.166254997253,33822,1.2465069294
2024-01-21 20:47:58,0.159293889999,40338,1.12815284729
2024-01-21 20:47:59,0.152671098709,41286,1.2129740715
2024-01-21 20:48:00,0.142429113388,39663,1.00487112999
2024-01-21 20:48:01,0.127995967865,39567,1.0374648571
2024-01-21 20:48:02,0.183089017868,39555,1.10073900223
2024-01-21 20:48:04,0.141736030579,38832,1.06869196892
2024-01-21 20:48:05,0.131274938583,42660,1.0543448925
2024-01-21 20:48:06,0.1488301754,42141,1.16389012337
2024-01-21 20:48:07,0.19310593605,42270,1.0566649437
2024-01-21 20:48:09,0.144860029221,39567,1.19985890388
2024-01-21 20:48:10,0.151610136032,40542,1.36144208908
2024-01-21 20:48:12,0.137429952621,40311,1.2753469944
2024-01-21 20:48:13,0.223484039307,40371,1.19056797028
2024-01-21 20:48:14,0.208029031754,40629,1.22610116005
2024-01-21 20:48:16,0.118311882019,39981,1.24878501892
2024-01-21 20:48:17,0.120008945465,40941,1.2053809166
2024-01-21 20:48:19,0.144414186478,40764,1.40529298782
2024-01-21 20:48:20,0.16716003418,40548,1.30482983589
2024-01-21 20:48:22,0.164330005646,40947,1.24667716026
2024-01-21 20:48:23,0.12110209465,40776,1.30850815773
2024-01-21 20:48:24,0.189048051834,43278,1.37255215645
2024-01-21 20:48:26,0.131227016449,40845,1.17808389664
2024-01-21 20:48:27,0.172852039337,40254,1.08413815498
2024-01-21 20:48:29,0.15917301178,40332,1.12590003014
2024-01-21 20:48:30,0.142287015915,40785,1.25987792015
2024-01-21 20:48:31,0.13684296608,40788,1.12112808228
2024-01-21 20:48:32,0.144521951675,40770,1.15800285339
2024-01-21 20:48:34,0.162119865417,41364,1.17882418633
2024-01-21 20:48:35,0.164448976517,42726,1.10023999214
2024-01-21 20:48:36,0.132305860519,42075,1.16865897179
2024-01-21 20:48:38,0.170487880707,40362,1.18782997131
2024-01-21 20:48:39,0.143373966217,41160,1.24440193176
2024-01-21 20:48:40,0.13631606102,41433,1.23029303551
2024-01-21 20:48:42,0.117546081543,40671,1.20583295822
2024-01-21 20:48:43,0.144376993179,41802,1.17166304588
2024-01-21 20:48:44,0.138465881348,41112,1.13449287415
2024-01-21 20:48:46,0.152471065521,41652,1.12717914581
2024-01-21 20:48:47,0.120403051376,42663,1.12089705467
2024-01-21 20:48:48,0.14183306694,42600,1.19538784027
2024-01-21 20:48:50,0.148576974869,40977,1.08652091026
2024-01-21 20:48:51,0.155218839645,41724,1.17659401894
2024-01-21 20:48:52,0.166721105576,42906,1.34340000153
2024-01-21 20:48:54,0.124285936356,41160,1.18800187111
2024-01-21 20:48:55,0.167208909988,42396,1.0694668293
2024-01-21 20:48:56,0.139889001846,42309,1.18095707893
2024-01-21 20:48:58,0.206794977188,40905,1.16654586792
2024-01-21 20:48:59,0.199690103531,41826,1.16283106804
2024-01-21 20:49:00,0.145261049271,40884,1.15768098831
2024-01-21 20:49:02,0.180575847626,41208,1.32494306564
2024-01-21 20:49:03,0.222806930542,41136,1.22725105286
2024-01-21 20:49:05,0.18083691597,41307,1.19555187225
2024-01-21 20:49:06,0.173406124115,41541,1.25077390671
2024-01-21 20:49:07,0.168970823288,41025,1.17480492592
2024-01-21 20:49:09,0.136002779007,41757,1.18129706383
2024-01-21 20:49:10,0.151142835617,42027,1.26953697205
2024-01-21 20:49:11,0.130594015121,41208,1.22749185562
2024-01-21 20:49:13,0.172456026077,41457,1.22894692421
2024-01-21 20:49:14,0.167124032974,42342,1.1465420723
2024-01-21 20:49:15,0.140655040741,41472,1.1889269352
2024-01-21 20:49:17,0.157428026199,41448,1.14962410927
2024-01-21 20:49:18,0.205976963043,41859,1.21601700783
2024-01-21 20:49:20,0.135136842728,41835,1.16227698326
2024-01-21 20:49:21,0.127096891403,41019,1.11169099808
2024-01-21 20:49:22,0.14071393013,40794,1.16389703751
2024-01-21 20:49:23,0.116202831268,41418,1.23294305801
2024-01-21 20:49:25,0.131017923355,41343,1.23487305641
2024-01-21 20:49:26,0.129588127136,41469,1.23774600029
2024-01-21 20:49:27,0.126929998398,41727,1.26783299446
2024-01-21 20:49:29,0.146445989609,41730,1.07692718506
2024-01-21 20:49:30,0.151834011078,40707,1.24739694595
2024-01-21 20:49:31,0.143547058105,40845,1.25544595718
2024-01-21 20:49:33,0.147622823715,40029,1.12247490883
2024-01-21 20:49:34,0.150698900223,40029,1.15193200111
2024-01-21 20:49:35,0.136030912399,44736,1.27995204926
2024-01-21 20:49:37,0.169219970703,41358,1.20083808899
2024-01-21 20:49:38,0.142899036407,41487,1.25955080986
2024-01-21 20:49:40,0.143856048584,41655,1.21795892715
2024-01-21 20:49:41,0.177051067352,40917,1.06661105156
2024-01-21 20:49:42,0.139038801193,41106,1.23540401459
2024-01-21 20:49:44,0.155804157257,40908,1.11320114136
2024-01-21 20:49:45,0.141610145569,42276,1.00111198425
2024-01-21 20:49:46,0.147022008896,42000,1.12216210365
2024-01-21 20:49:47,0.160413980484,41742,1.27293801308
2024-01-21 20:49:49,0.137808084488,40668,1.20822310448
2024-01-21 20:49:50,0.143748998642,41964,1.215914011
2024-01-21 20:49:51,0.129878997803,42258,1.20293307304
2024-01-21 20:49:53,0.129594087601,43683,1.20034003258
2024-01-21 20:49:54,0.137164115906,41631,1.22353196144
2024-01-21 20:49:55,0.191617965698,41814,1.17939400673
2024-01-21 20:49:57,0.172300100327,41730,1.16849899292
2024-01-21 20:49:58,0.183710098267,41358,2.16400694847
2024-01-21 20:50:01,0.164458990097,41397,1.21153998375
2024-01-21 20:50:02,0.151028871536,41586,1.21983408928
2024-01-21 20:50:03,0.130498886108,41766,1.30113196373
2024-01-21 20:50:05,0.12614107132,42849,1.33891606331
2024-01-21 20:50:06,0.182819128036,41487,1.20335388184
2024-01-21 20:50:08,0.172971963882,41742,1.18115592003
2024-01-21 20:50:09,0.115811824799,41742,1.13435697556
2024-01-21 20:50:10,0.188963890076,41634,1.28098702431
2024-01-21 20:50:12,0.128467798233,41460,1.20058298111
2024-01-21 20:50:13,0.130589008331,42021,1.1714720726
2024-01-21 20:50:14,0.12982583046,41886,1.23100614548
2024-01-21 20:50:16,0.153818845749,40674,1.08366703987
2024-01-21 20:50:17,0.163397073746,41694,1.10004997253
2024-01-21 20:50:18,0.150785923004,44598,1.30252885818
2024-01-21 20:57:29,0.138569831848,41805,1.40739107132
2024-01-21 20:57:30,0.124383926392,40938,1.21894311905
2024-01-21 20:57:32,0.146934986115,40119,1.15997695923
2024-01-21 20:57:33,0.194674968719,40500,1.17558598518
2024-01-21 20:57:34,0.16765999794,41316,1.16945695877
2024-01-21 20:57:36,0.132724046707,40695,1.24270391464
2024-01-21 20:57:37,0.122022867203,41028,1.32153511047
2024-01-21 20:57:39,0.140365123749,41115,1.29080104828
2024-01-21 20:57:40,0.162472009659,41478,1.20953893661
2024-01-21 20:57:41,0.189293146133,40425,1.17773604393
2024-01-21 20:57:43,0.221074104309,45624,1.24723911285
2024-01-21 20:57:44,0.220932006836,41973,1.28529882431
2024-01-21 20:57:46,0.144436120987,41598,1.13847017288
2024-01-21 20:57:47,0.140914916992,42039,1.15044903755
2024-01-21 20:57:48,0.12028002739,40869,1.25624084473
2024-01-21 20:57:50,0.135082960129,40920,1.17402505875
2024-01-21 20:57:51,0.139122009277,41271,1.27500510216
2024-01-21 20:57:52,0.211251974106,41499,1.158629179
2024-01-21 20:57:54,0.159922122955,40935,1.1747071743
2024-01-21 20:57:55,0.13960313797,40962,1.25014090538
2024-01-21 20:57:57,0.117859840393,41328,1.09443211555
2024-01-21 20:57:58,0.137418031693,41547,1.20672798157
2024-01-21 20:57:59,0.155480146408,40908,1.20219802856
2024-01-21 20:58:00,0.130078077316,40839,1.20078992844
2024-01-21 20:58:02,0.151017904282,41046,1.2382569313
2024-01-21 20:58:03,0.172410011292,41607,1.20994281769
2024-01-21 20:58:05,0.151211023331,40914,1.11931610107
2024-01-21 20:58:06,0.154199123383,40830,1.14800286293
2024-01-21 20:58:07,0.128693819046,41037,1.24143004417
2024-01-21 20:58:08,0.17721414566,41220,1.15401792526
2024-01-21 20:58:10,0.14736700058,44004,1.13342118263
2024-01-21 20:58:11,0.188429117203,41022,1.204818964
2024-01-21 20:58:12,0.193593978882,41775,1.1022028923
2024-01-21 20:58:14,0.138805866241,42222,1.20294594765
2024-01-21 20:58:15,0.13165807724,42486,1.29840087891
2024-01-21 20:58:17,0.15118098259,41811,1.2087199688
2024-01-21 20:58:18,0.224273920059,42156,1.28158688545
2024-01-21 20:58:19,0.217997074127,23409,1.07808804512
2024-01-21 20:58:21,0.166765928268,21210,1.10308408737
2024-01-21 20:58:22,0.148134946823,21396,0.963530063629
2024-01-21 20:58:23,0.135887861252,20898,1.039290905
2024-01-21 20:58:24,0.136760950089,21135,1.01726603508
2024-01-21 20:58:25,0.186040878296,48315,1.50025296211
2024-01-21 20:58:27,0.1565721035,52362,1.44317507744
2024-01-21 20:58:29,0.151679039001,51006,1.49320483208
2024-01-21 20:58:30,0.158660173416,54099,1.49640917778
2024-01-21 20:58:32,0.127446174622,56112,1.4987680912
2024-01-21 20:58:34,0.219213008881,43566,1.22067713737
2024-01-21 20:58:35,0.178629159927,51672,1.57783794403
2024-01-21 20:58:37,0.220523118973,36954,1.36133623123
2024-01-21 20:58:38,0.137156963348,33072,1.28126096725
2024-01-21 20:58:40,0.152484178543,33438,1.15945291519
2024-01-21 20:58:41,0.16113114357,33501,1.2455868721
2024-01-21 20:58:43,0.145489931107,36420,1.45819997787
2024-01-21 20:58:44,0.140456914902,36123,1.33206510544
2024-01-21 20:58:46,0.131161928177,31074,1.14316487312
2024-01-21 20:58:47,0.13004899025,32760,1.13896203041
2024-01-21 20:58:48,0.121559143066,31932,1.11980700493
2024-01-21 20:58:49,0.15743803978,31794,1.10962486267
2024-01-21 20:58:51,0.154798984528,31053,1.19868993759
2024-01-21 20:58:52,0.140662908554,27906,1.13368797302
2024-01-21 20:58:53,0.172246932983,26748,1.1228017807
2024-01-21 20:58:55,0.136152982712,26799,1.11992812157
2024-01-21 20:58:56,0.212568998337,26286,1.13180398941
2024-01-21 20:58:57,0.143887996674,27168,1.16667795181
2024-01-21 20:58:59,0.155173063278,26673,1.14621710777
2024-01-21 20:59:00,0.154601812363,55038,1.20545196533
2024-01-21 20:59:01,0.170758962631,53961,1.31985092163
2024-01-21 20:59:03,0.168787956238,62508,1.38503098488
2024-01-21 20:59:04,0.162471055984,52884,1.33552193642
2024-01-21 20:59:06,0.193090200424,64443,1.57942581177
2024-01-21 20:59:08,0.162615060806,74172,1.38893795013
2024-01-21 20:59:09,0.139938116074,74946,1.49978685379
2024-01-21 20:59:11,0.158956050873,75378,1.54027795792
2024-01-21 20:59:12,0.1648209095,72030,1.38734602928
2024-01-21 20:59:14,0.162213802338,73155,1.37823104858
2024-01-21 20:59:15,0.219269037247,50106,1.44367408752
2024-01-21 20:59:17,0.156188964844,48096,1.41674089432
2024-01-21 20:59:19,0.123651027679,50247,1.37593603134
2024-01-21 20:59:20,0.189738035202,51381,1.27269291878
2024-01-21 20:59:22,0.197829008102,48021,1.35445094109
2024-01-21 20:59:23,0.143226146698,49338,1.32426786423
2024-01-21 20:59:25,0.192821025848,51540,1.40340304375
2024-01-21 20:59:26,0.174273014069,53145,1.37893295288
2024-01-21 20:59:28,0.12068605423,54075,1.40681815147
2024-01-21 20:59:29,0.161854028702,49050,1.42643904686
2024-01-21 20:59:31,0.168270111084,52464,1.38481092453
2024-01-21 20:59:33,0.146322011948,53784,1.45201992989
2024-01-21 20:59:34,0.207513093948,49437,1.47277784348
2024-01-21 20:59:36,0.177574157715,52386,1.43928718567
2024-01-21 20:59:37,0.144686937332,48219,1.43360090256
2024-01-21 20:59:39,0.165235996246,53355,1.54292798042
2024-01-21 20:59:41,0.156553030014,42306,1.21258187294
2024-01-21 20:59:42,0.117754936218,44013,1.34661602974
2024-01-21 20:59:44,0.119915008545,51984,1.36270093918
2024-01-21 20:59:45,0.137907028198,47118,1.32505393028
2024-01-21 20:59:46,0.203375816345,48864,1.33763813972
2024-01-21 20:59:48,0.13382601738,44010,1.30579519272
2024-01-21 20:59:49,0.156175851822,50547,1.43437004089
2024-01-21 20:59:51,0.12721991539,50118,1.39918708801
2024-01-21 20:59:53,0.15250992775,44613,1.33441996574
2024-01-21 20:59:54,0.164266824722,44331,1.39413809776
2024-01-21 20:59:56,0.153887033463,44715,1.36535787582
2024-01-21 20:59:57,0.186785936356,45717,1.36020612717
2024-01-21 20:59:59,0.114521980286,44463,1.32886791229
2024-01-21 21:00:00,0.171197891235,44454,1.24511599541
2024-01-21 21:00:02,0.119352817535,45126,1.44350910187
2024-01-21 21:00:03,0.18785405159,44466,1.32814192772
2024-01-21 21:00:05,0.141969203949,47205,1.35843396187
2024-01-21 21:00:06,0.172676086426,42732,1.45642518997
2024-01-21 21:00:08,0.142796993256,44487,1.32361316681
2024-01-21 21:00:09,0.138134002686,40956,1.251101017
2024-01-21 21:00:11,0.151469945908,44640,1.36868286133
2024-01-21 21:00:12,0.218414783478,44292,1.33990693092
2024-01-21 21:00:14,0.135579824448,44223,1.42918992043
2024-01-21 21:00:15,0.135233879089,43938,1.38624596596
2024-01-21 21:00:17,0.146256923676,43989,1.36048293114
2024-01-21 21:00:18,0.137490034103,43926,1.3577029705
2024-01-21 21:00:20,0.139984846115,42480,1.3091878891
2024-01-21 21:00:21,0.145107984543,44316,1.44478011131
2024-01-21 21:00:23,0.133085012436,44292,1.35540103912
2024-01-21 21:00:24,0.1426820755,44082,1.44452404976
2024-01-21 21:00:26,0.124558925629,43845,1.46680498123
2024-01-21 21:00:28,0.130469799042,44448,1.44067811966
2024-01-21 21:00:29,0.158962011337,44202,1.31488800049
2024-01-21 21:00:31,0.114607095718,43740,1.34257483482
2024-01-21 21:00:32,0.186367034912,43647,1.49039578438
2024-01-21 21:00:34,0.149645090103,42648,1.32911920547
2024-01-21 21:00:35,0.229839086533,40413,1.19344806671
2024-01-21 21:00:37,0.228061914444,43836,1.33490085602
2024-01-21 21:00:38,0.167068004608,43830,1.33790683746
2024-01-21 21:00:40,0.161669015884,43518,1.33552098274
2024-01-21 21:00:41,0.161154031754,44217,1.28665614128
2024-01-21 21:00:43,0.159604072571,40878,1.34501194954
2024-01-21 21:00:44,0.152173995972,43092,1.34216213226
2024-01-21 21:00:46,0.156260967255,42732,1.30490493774
2024-01-21 21:00:47,0.126707077026,40089,1.31505393982
2024-01-21 21:00:49,0.1174659729,43089,1.4075088501
2024-01-21 21:00:50,0.144490003586,44028,1.31112289429
2024-01-21 21:00:52,0.13724899292,43077,1.39913892746
2024-01-21 21:00:53,0.132256031036,43146,1.37193202972
2024-01-21 21:00:55,0.124794960022,43209,1.37998104095
2024-01-21 21:00:56,0.12224817276,43803,1.3632569313
2024-01-21 21:00:58,0.220400094986,43959,1.38593697548
2024-01-21 21:00:59,0.123358011246,44184,1.35084581375
2024-01-21 21:01:01,0.205868959427,44019,1.39308691025
2024-01-21 21:01:02,0.14434504509,43779,1.33721518517
2024-01-21 21:01:04,0.149993896484,44085,1.33383607864
2024-01-21 21:01:05,0.152889966965,43254,1.24930787086
2024-01-21 21:01:07,0.161828041077,44256,1.3017039299
2024-01-21 21:01:08,0.167119979858,42474,1.29379010201
2024-01-21 21:01:10,0.115435123444,44403,1.34015417099
2024-01-21 21:01:11,0.124948978424,43146,1.33988499641
2024-01-21 21:01:12,0.154170036316,43896,1.36911201477
2024-01-21 21:01:14,0.132209062576,39732,1.28073811531
2024-01-21 21:01:15,0.145936965942,42396,1.28459310532
2024-01-21 21:01:17,0.169198036194,43332,1.40687513351
2024-01-21 21:01:18,0.139508008957,43656,1.3476061821
2024-01-21 21:01:20,0.121578931808,41283,1.28304195404
2024-01-21 21:01:21,0.166673898697,43605,1.32363295555
2024-01-21 21:01:23,0.205003976822,43698,1.34414696693
2024-01-21 21:01:24,0.136226892471,44235,1.26812601089
2024-01-21 21:01:26,0.149198055267,43026,1.2726931572
2024-01-21 21:01:27,0.148657083511,40494,1.19520187378
2024-01-21 21:01:28,0.150234937668,39450,1.31863093376
2024-01-21 21:01:30,0.127737998962,43914,1.36851906776
2024-01-21 21:01:31,0.184044837952,44169,1.30080413818
2024-01-21 21:01:33,0.14312505722,43566,1.4187669754
2024-01-21 21:01:35,0.150842905045,39279,1.27806901932
2024-01-21 21:01:36,0.12491607666,42618,1.14469099045
2024-01-21 21:01:37,0.197278022766,41949,1.07975006104
2024-01-21 21:01:38,0.131107091904,43413,1.33965492249
2024-01-21 21:01:40,0.14772605896,44199,1.37390089035
2024-01-21 21:01:41,0.172047138214,44244,1.35164809227
2024-01-21 21:01:43,0.199730157852,43989,1.32970809937
2024-01-21 21:01:45,0.119984149933,44400,1.34301710129
2024-01-21 21:01:46,0.186339855194,44091,1.41933107376
2024-01-21 21:01:48,0.142327070236,44241,1.25210022926
2024-01-21 21:01:49,0.18460392952,44220,1.26429891586
2024-01-21 21:01:50,0.152503967285,43599,1.29725599289
2024-01-21 21:01:52,0.170338869095,42396,1.27030515671
2024-01-21 21:01:53,0.147983074188,44106,1.345952034
2024-01-21 21:01:55,0.149889945984,40422,1.20342516899
2024-01-21 21:01:56,0.127193927765,43140,1.38285493851
2024-01-21 21:01:58,0.169778108597,43470,1.27729701996
2024-01-21 21:01:59,0.131505012512,43158,1.23931789398
2024-01-21 21:02:01,0.145783185959,43905,1.32340502739
2024-01-21 21:02:02,0.138022899628,38742,1.15926790237
2024-01-21 21:02:03,0.144084215164,41274,1.24680185318
2024-01-21 21:02:05,0.147463083267,41367,1.2571709156
2024-01-21 21:02:06,0.1228120327,41820,1.24403619766
2024-01-21 21:02:07,0.157709121704,41589,1.20419001579
2024-01-21 21:02:09,0.191524028778,42648,1.40852308273
2024-01-21 21:02:10,0.121883869171,42810,1.3983938694
2024-01-21 21:02:12,0.140583992004,43524,1.32459592819
2024-01-21 21:02:13,0.133385896683,41259,1.23487401009
2024-01-21 21:02:15,0.132604837418,42891,1.37741088867
2024-01-21 21:02:16,0.119327068329,43167,1.3539481163
2024-01-21 21:02:18,0.166548013687,42120,1.2082669735
2024-01-21 21:02:19,0.187629938126,42180,1.32441902161
2024-01-21 21:02:21,0.158452987671,43200,1.40844106674
2024-01-21 21:02:22,0.142926216125,43719,1.36363506317
2024-01-21 21:02:24,0.137996912003,41760,1.24207901955
2024-01-21 21:02:25,0.155163049698,41598,1.09805488586
2024-01-21 21:02:26,0.144814014435,41685,1.19495892525
2024-01-21 21:02:28,0.143224954605,38955,1.30488610268
2024-01-21 21:02:29,0.145075082779,42318,1.16153693199
2024-01-21 21:02:30,0.183080911636,42792,1.29148292542
2024-01-21 21:02:32,0.169756889343,41106,1.22795295715
2024-01-21 21:02:33,0.164498090744,37506,1.29705119133
2024-01-21 21:02:35,0.142312049866,28533,1.06475806236
2024-01-21 21:02:36,0.150753974915,31548,1.23526215553
2024-01-21 21:02:37,0.143316984177,45201,1.33634519577
2024-01-21 21:02:39,0.165594100952,42597,1.40092420578
2024-01-21 21:02:40,0.14882183075,41727,1.20386600494
2024-01-21 21:02:42,0.173222064972,39195,1.32171010971
2024-01-21 21:02:43,0.181921005249,39918,1.44725894928
2024-01-21 21:02:45,0.115200042725,39414,1.23418593407
2024-01-21 21:02:46,0.130328893661,40146,1.24225211143
2024-01-21 21:02:48,0.123135089874,40002,1.2914891243
2024-01-21 21:02:49,0.139590024948,40935,1.26396989822
2024-01-21 21:02:50,0.169116020203,39255,1.26274490356
2024-01-21 21:02:52,0.170238018036,39870,1.15278601646
2024-01-21 21:02:53,0.161512136459,39972,1.2194750309
2024-01-21 21:02:55,0.143520116806,40380,1.24187088013
2024-01-21 21:02:56,0.143676996231,38529,1.2652490139
2024-01-21 21:02:57,0.171214103699,39528,1.30774211884
2024-01-21 21:02:59,0.141549825668,38451,1.30925393105
2024-01-21 21:03:00,0.192716836929,35820,1.38078188896
2024-01-21 21:03:02,0.160635948181,35448,1.44319200516
2024-01-21 21:03:03,0.15845990181,37488,1.34286499023
2024-01-21 21:03:05,0.154304981232,38823,1.38279819489
2024-01-21 21:03:07,0.146754980087,40284,1.49798893929
2024-01-21 21:03:08,0.169629096985,40929,1.29705691338
2024-01-21 21:03:10,0.13391494751,42675,1.63273906708
2024-01-21 21:03:11,0.134379863739,41139,1.37350201607
2024-01-21 21:03:13,0.15750002861,40650,1.38874316216
2024-01-21 21:03:14,0.163758993149,42981,1.31545305252
2024-01-21 21:03:16,0.127944946289,43929,1.35934209824
2024-01-21 21:03:17,0.143435001373,41055,1.40630507469
2024-01-21 21:03:19,0.145461797714,42633,1.22513890266
2024-01-21 21:03:20,0.174849033356,42972,1.32796502113
2024-01-21 21:03:22,0.146688938141,42852,1.22144412994
2024-01-21 21:03:23,0.142845153809,41544,1.32865905762
2024-01-21 21:03:25,0.171504974365,41937,1.25939106941
2024-01-21 21:03:26,0.143356084824,36678,1.30217909813
2024-01-21 21:03:28,0.118855953217,41856,1.30217599869
2024-01-21 21:03:29,0.139986038208,40452,1.37240600586
2024-01-21 21:03:31,0.18700003624,37590,1.30637192726
2024-01-21 21:03:32,0.144731044769,38472,1.34815382957
2024-01-21 21:03:33,0.148612976074,36450,1.35905694962
2024-01-21 21:03:35,0.138641119003,40890,1.34365391731
2024-01-21 21:03:36,0.137557983398,39555,1.22672390938
2024-01-21 21:03:38,0.136734962463,38460,1.42648220062
2024-01-21 21:03:39,0.137351989746,40590,1.20424699783
2024-01-21 21:03:41,0.133003950119,41193,1.22383904457
2024-01-21 21:03:42,0.138473033905,41487,1.20253109932
2024-01-21 21:03:43,0.133064031601,39582,1.75640416145
2024-01-21 21:03:45,0.154815912247,40890,1.34934806824
2024-01-21 21:03:47,0.172204971313,40923,1.47954916954
2024-01-21 21:03:48,0.118350028992,41262,1.429666996
2024-01-21 21:03:50,0.169373035431,40875,1.42545986176
2024-01-21 21:03:52,0.170542001724,41043,1.42936396599
2024-01-21 21:03:53,0.133440971375,43167,1.52838110924
2024-01-21 21:03:55,0.139210939407,40032,1.31293106079
2024-01-21 21:03:56,0.148015022278,41796,1.35036110878
2024-01-21 21:03:58,0.149133205414,42327,1.31787991524
2024-01-21 21:03:59,0.149041175842,39405,1.29753708839
2024-01-21 21:04:01,0.162588119507,43818,1.4400229454
2024-01-21 21:04:02,0.130132913589,41346,1.33693003654
2024-01-21 21:04:04,0.153187990189,41667,1.35500311852
2024-01-21 21:04:05,0.143047094345,49713,1.44560313225
2024-01-21 21:04:07,0.150761127472,48969,1.34853506088
2024-01-21 21:04:08,0.149888038635,47724,1.28317284584
2024-01-21 21:04:10,0.163630008698,31986,1.15703511238
2024-01-21 21:04:11,0.161847114563,35460,1.19346690178
2024-01-21 21:04:13,0.206600189209,39819,1.38149595261
2024-01-21 21:04:14,0.217343091965,42366,1.35161995888
2024-01-21 21:04:16,0.129010915756,43155,1.702242136
2024-01-21 21:04:18,0.178666114807,39777,1.41410589218
2024-01-21 21:04:19,0.185043096542,39924,1.43645310402
2024-01-21 21:04:21,0.161906957626,40767,1.31615519524
2024-01-21 21:04:22,0.13171505928,42669,1.31500601768
2024-01-21 21:04:24,0.115077018738,42186,1.44900107384
2024-01-21 21:04:25,0.117700099945,40761,1.23588895798
2024-01-21 21:04:27,0.126667022705,41649,1.41372799873
2024-01-21 21:04:28,0.153062105179,43845,1.47934484482
2024-01-21 21:04:30,0.119928836823,41373,1.35637688637
2024-01-21 21:04:31,0.145851135254,41628,1.46273899078
2024-01-21 21:04:33,0.132936000824,40101,1.26143097878
2024-01-21 21:04:34,0.1401450634,35691,1.37853908539
2024-01-21 21:04:36,0.207271099091,35109,1.22518420219
2024-01-21 21:04:37,0.118595123291,35322,1.4380171299
2024-01-21 21:04:39,0.179701089859,36513,1.28248000145
2024-01-21 21:04:40,0.162440061569,38790,1.2517080307
2024-01-21 21:04:42,0.160530090332,35217,1.12873005867
2024-01-21 21:04:43,0.201252937317,38070,1.40581393242
2024-01-21 21:04:45,0.147300958633,36963,1.39281582832
2024-01-21 21:04:46,0.140938997269,45831,1.47774910927
2024-01-21 21:04:48,0.11971282959,46050,1.66195487976
2024-01-21 21:04:49,0.13188290596,40530,1.43660783768
2024-01-21 21:04:51,0.184629917145,41448,1.37049102783
2024-01-21 21:04:53,0.163172960281,41277,1.44124484062
2024-01-21 21:04:54,0.156275033951,42492,1.3516740799
2024-01-21 21:04:56,0.125826120377,41394,1.28365111351
2024-01-21 21:04:57,0.1364839077,40884,1.2290148735
2024-01-21 21:04:58,0.118178844452,42951,1.4817109108
2024-01-21 21:05:00,0.149118900299,42864,1.41622400284
2024-01-21 21:05:02,0.15273308754,40020,1.30584907532
2024-01-21 21:05:03,0.121346950531,42498,1.32174086571
2024-01-21 21:05:05,0.197808027267,41085,1.5289208889
2024-01-21 21:05:06,0.118563890457,38700,1.34554576874
2024-01-21 21:05:08,0.118369102478,35718,1.23278689384
2024-01-21 21:05:09,0.13561296463,37449,1.22391891479
2024-01-21 21:05:10,0.170899152756,36780,1.21204686165
2024-01-21 21:05:12,0.145408153534,33891,1.42906904221
2024-01-21 21:05:13,0.168221950531,35889,1.31392002106
2024-01-21 21:05:15,0.128365039825,36753,1.42214894295
2024-01-21 21:05:16,0.195739030838,39636,1.38022685051
2024-01-21 21:05:18,0.131937980652,40011,1.41930890083
2024-01-21 21:05:20,0.178577184677,40443,1.33005213737
2024-01-21 21:05:21,0.136843919754,41730,1.25606203079
2024-01-21 21:05:22,0.142735004425,42444,1.28759884834
2024-01-21 21:05:24,0.142076969147,40431,1.31025910378
2024-01-21 21:05:25,0.157959938049,41094,1.20364999771
2024-01-21 21:05:27,0.125185966492,40644,1.28575015068
2024-01-21 21:05:28,0.168956041336,50409,1.35909700394
2024-01-21 21:05:30,0.139647006989,38697,1.36327600479
2024-01-21 21:05:31,0.151307106018,39045,1.36994290352
2024-01-21 21:05:33,0.128798961639,37404,1.30540704727
2024-01-21 21:05:34,0.134401082993,37275,1.30120396614
2024-01-21 21:05:36,0.141372919083,36888,1.24462604523
2024-01-21 21:05:37,0.133274793625,41760,1.43301510811
2024-01-21 21:05:39,0.147072076797,42729,1.28361296654
2024-01-21 21:05:40,0.154588937759,40365,1.33210396767
2024-01-21 21:05:41,0.145606994629,38766,1.24972581863
2024-01-21 21:05:43,0.116948127747,45756,1.34418916702
2024-01-21 21:05:44,0.153913974762,36216,1.39745688438
2024-01-21 21:05:46,0.155961990356,36963,1.35793113708
2024-01-21 21:05:47,0.143106937408,39351,1.2714779377
2024-01-21 21:05:49,0.158051013947,39951,1.21695208549
2024-01-21 21:05:50,0.127983093262,39705,1.32722496986
2024-01-21 21:05:52,0.17659497261,41616,1.27878403664
2024-01-21 21:05:53,0.113990068436,42531,1.2623398304
2024-01-21 21:05:54,0.137619972229,39777,1.34185504913
2024-01-21 21:05:56,0.124432086945,40152,1.29372191429
2024-01-21 21:05:57,0.158185005188,39087,1.27442407608
2024-01-21 21:05:59,0.129986047745,41976,1.48076415062
2024-01-21 21:06:00,0.121572971344,41019,1.3363699913
2024-01-21 21:06:02,0.128404855728,41391,1.33345293999
2024-01-21 21:06:03,0.168435096741,41157,1.26451611519
2024-01-21 21:06:05,0.138106822968,38454,1.28169393539
2024-01-21 21:06:06,0.159197807312,42945,1.5912129879
2024-01-21 21:06:08,0.144230127335,37503,1.22728705406
2024-01-21 21:06:09,0.142006874084,41868,1.20555400848
2024-01-21 21:06:11,0.193289041519,41697,1.18391394615
2024-01-21 21:06:12,0.213273048401,42396,1.17115283012
2024-01-21 21:06:13,0.14465212822,42048,1.22123384476
2024-01-21 21:06:15,0.154111146927,39537,1.23117685318
2024-01-21 21:06:16,0.151366949081,40965,1.23290491104
2024-01-21 21:06:18,0.132725954056,42699,1.18627381325
2024-01-21 21:06:19,0.168926954269,43656,1.76311612129
2024-01-21 21:06:21,0.14434504509,41070,1.34388208389
2024-01-21 21:06:22,0.129380941391,41574,1.42074203491
2024-01-21 21:06:24,0.159719944,43569,1.43659806252
2024-01-21 21:06:25,0.161998987198,40995,1.38666796684
2024-01-21 21:06:27,0.212162971497,41847,1.45789384842
2024-01-21 21:06:29,0.141598939896,43272,1.57157993317
2024-01-21 21:06:30,0.160444974899,42105,1.42383003235
2024-01-21 21:06:32,0.11834692955,41511,1.40672802925
2024-01-21 21:06:33,0.128380060196,42351,1.39912700653
2024-01-21 21:06:35,0.133677959442,43968,1.43048000336
2024-01-21 21:06:37,0.123326063156,40800,1.47479820251
2024-01-21 21:06:38,0.128534793854,43197,1.49722719193
2024-01-21 21:06:40,0.13530087471,43953,1.49858593941
2024-01-21 21:06:41,0.167911052704,40311,1.29719686508
2024-01-21 21:06:43,0.164670944214,38175,1.42581391335
2024-01-21 21:06:44,0.161685943604,39027,1.33889007568
2024-01-21 21:06:46,0.224405050278,39858,1.48319292068
2024-01-21 21:06:48,0.163712978363,38751,1.41209793091
2024-01-21 21:06:49,0.118605136871,39195,1.33539104462
2024-01-21 21:06:51,0.13938498497,45381,1.45668888092
2024-01-21 21:06:52,0.134621143341,47292,1.32714796066
2024-01-21 21:06:54,0.142889022827,46887,1.42954707146
2024-01-21 21:06:55,0.130931854248,38826,1.25700616837
2024-01-21 21:06:57,0.147545814514,46080,1.40340614319
2024-01-21 21:06:58,0.178696870804,40467,1.5288670063
2024-01-21 21:07:00,0.153684139252,41052,1.52198195457
2024-01-21 21:07:02,0.155742883682,41661,1.25256299973
2024-01-21 21:07:03,0.145529031754,41643,1.44125294685
2024-01-21 21:07:05,0.157634973526,40497,1.37711596489
2024-01-21 21:07:06,0.136571884155,41109,1.43687415123
2024-01-21 21:07:08,0.127353191376,41991,1.42260694504
2024-01-21 21:07:09,0.146155834198,43923,1.55252099037
2024-01-21 21:07:11,0.17734003067,42324,1.45839595795
2024-01-21 21:07:13,0.137923002243,41892,1.38049292564
2024-01-21 21:07:14,0.118713855743,42819,1.62395191193
2024-01-21 21:07:16,0.142762184143,43383,1.5505771637
2024-01-21 21:07:18,0.147710084915,42633,1.56565403938
2024-01-21 21:07:19,0.167879104614,42330,1.36835098267
2024-01-21 21:07:21,0.183068037033,57546,1.49430704117
2024-01-21 21:07:23,0.153782129288,46713,1.37166190147
2024-01-21 21:07:24,0.177040100098,37761,1.21660494804
2024-01-21 21:07:25,0.182789802551,44508,1.53354501724
2024-01-21 21:07:27,0.165688037872,44685,1.48911309242
2024-01-21 21:07:29,0.121818065643,40317,1.40286397934
2024-01-21 21:07:30,0.132220983505,40722,1.44389486313
2024-01-21 21:07:32,0.154031991959,41010,1.26108002663
2024-01-21 21:07:33,0.140249967575,40902,1.39181494713
2024-01-21 21:07:35,0.134746074677,40971,1.31012487411
2024-01-21 21:07:36,0.142863988876,41304,1.38451290131
2024-01-21 21:07:38,0.160160064697,40107,1.41089200974
2024-01-21 21:07:39,0.140836954117,38658,1.29874587059
2024-01-21 21:07:41,0.146759033203,41367,1.30105805397
2024-01-21 21:07:42,0.13086104393,40446,1.38311314583
2024-01-21 21:07:44,0.115817070007,41865,1.4400241375
2024-01-21 21:07:45,0.132657051086,41436,1.45974206924
2024-01-21 21:07:47,0.139135122299,44181,1.52734208107
2024-01-21 21:07:49,0.129359960556,44073,1.5498149395
2024-01-21 21:07:50,0.114379882812,42342,1.36562395096
2024-01-21 21:07:52,0.134454965591,42312,1.48325586319
2024-01-21 21:07:53,0.116858005524,43233,1.47950291634
2024-01-21 21:07:55,0.119232177734,41688,1.3829870224
2024-01-21 21:07:57,0.114150047302,43179,1.5704190731
2024-01-21 21:07:58,0.144293069839,43929,1.49310398102
2024-01-21 21:08:00,0.145289182663,43098,1.42857193947
2024-01-21 21:08:01,0.116781949997,41808,1.29245090485
2024-01-21 21:08:03,0.160290002823,43305,1.54262804985
2024-01-21 21:08:05,0.139547109604,42624,1.44630718231
2024-01-21 21:08:06,0.116354942322,42810,1.43535590172
2024-01-21 21:08:08,0.163040876389,44106,1.42235398293
2024-01-21 21:08:09,0.141160964966,45342,1.35710501671
2024-01-21 21:08:11,0.146305799484,42993,1.46862101555
2024-01-21 21:08:12,0.164067029953,46476,1.44722390175
2024-01-21 21:08:14,0.149518013,44580,1.63523006439
2024-01-21 21:08:16,0.154257059097,44106,1.4018368721
2024-01-21 21:08:17,0.140712976456,42585,1.42343306541
2024-01-21 21:08:19,0.170435190201,44040,1.38705015182
2024-01-21 21:08:20,0.145555019379,44625,1.41712784767
2024-01-21 21:08:22,0.161733150482,43563,1.53216099739
2024-01-21 21:08:24,0.209997177124,43608,1.42850899696
2024-01-21 21:08:25,0.176143169403,44880,1.45315098763
2024-01-21 21:08:27,0.115375995636,44163,1.41147899628
2024-01-21 21:08:29,0.188509941101,43566,1.45747804642
2024-01-21 21:08:30,0.144116163254,45618,1.44772100449
2024-01-21 21:08:32,0.149164915085,43317,1.48970007896
2024-01-21 21:08:33,0.162410020828,43587,1.40303587914
2024-01-21 21:08:35,0.144801139832,44472,1.48262214661
2024-01-21 21:08:37,0.168521165848,42066,1.36159300804
2024-01-21 21:08:38,0.184137105942,41862,1.32904887199
2024-01-21 21:08:40,0.142300844193,41499,1.40933609009
2024-01-21 21:08:41,0.119112014771,44100,1.47615909576
2024-01-21 21:08:43,0.119518041611,43836,1.17955303192
2024-01-21 21:08:44,0.120404005051,44031,1.22768187523
2024-01-21 21:08:45,0.149195194244,43050,1.20625114441
2024-01-21 21:08:47,0.167869091034,47121,1.20305991173
2024-01-21 21:08:48,0.198797941208,45012,1.47015500069
2024-01-21 21:08:50,0.156877994537,45642,1.66441607475
2024-01-21 21:08:52,0.134468078613,44904,1.63186502457
2024-01-21 21:08:53,0.166601896286,45060,1.54738497734
2024-01-21 21:08:55,0.130522012711,44772,1.45986890793
2024-01-21 21:08:57,0.160812139511,46026,1.45153689384
2024-01-21 21:08:58,0.124176979065,47334,1.68168210983
2024-01-21 21:09:00,0.117840051651,44082,1.5270190239
2024-01-21 21:09:02,0.154345035553,45180,1.49776792526
2024-01-21 21:09:03,0.121797084808,45558,1.47017097473
2024-01-21 21:09:05,0.149210929871,40953,1.42629003525
2024-01-21 21:09:07,0.172502994537,43152,1.46346497536
2024-01-21 21:09:08,0.165826797485,44211,1.47020602226
2024-01-21 21:09:10,0.143224954605,45801,1.50046205521
2024-01-21 21:09:12,0.13254404068,43293,1.54511380196
2024-01-21 21:09:13,0.173931837082,44523,1.55187320709
2024-01-21 21:09:15,0.128036022186,56847,1.65395307541
2024-01-21 21:09:17,0.141084909439,41778,1.37473607063
2024-01-21 21:09:18,0.177125930786,41883,1.44422602654
2024-01-21 21:09:20,0.13486289978,43758,1.44616794586
2024-01-21 21:09:21,0.157217979431,43791,1.43900203705
2024-01-21 21:09:23,0.162073135376,44847,1.34202504158
2024-01-21 21:09:25,0.184223175049,47028,1.29169511795
2024-01-21 21:09:26,0.192104816437,42549,1.33186888695
2024-01-21 21:09:28,0.177859783173,42291,1.32908415794
2024-01-21 21:09:29,0.144322872162,42834,1.50865507126
2024-01-21 21:09:31,0.124778985977,44004,1.47361516953
2024-01-21 21:09:32,0.118465900421,45537,1.47128987312
2024-01-21 21:09:34,0.126142024994,45972,1.64119696617
2024-01-21 21:09:36,0.126186847687,43905,1.47954392433
2024-01-21 21:09:37,0.153734922409,46443,1.53246808052
2024-01-21 21:09:39,0.144545078278,45801,1.46917676926
2024-01-21 21:09:41,0.202704191208,49002,1.50272202492
2024-01-21 21:09:42,0.162914037704,47451,1.58926391602
2024-01-21 21:09:44,0.14292883873,44079,1.50747895241
2024-01-21 21:09:46,0.139477968216,44856,1.49673080444
2024-01-21 21:09:47,0.153373003006,47265,1.38016891479
2024-01-21 21:09:49,0.161772966385,45282,1.48950195312
2024-01-21 21:09:50,0.148170948029,43656,1.43159008026
2024-01-21 21:09:52,0.13844704628,44151,1.43209195137
2024-01-21 21:09:54,0.160182952881,44904,1.43820405006
2024-01-21 21:09:55,0.185047864914,45462,1.50884008408
2024-01-21 21:09:57,0.151813030243,47658,1.34285593033
2024-01-21 21:09:58,0.157095193863,46311,1.40846705437
2024-01-21 21:10:00,0.189706087112,46050,1.35125517845
2024-01-21 21:10:02,0.14984703064,47946,1.53452301025
2024-01-21 21:10:03,0.138235807419,53235,1.65344190598
2024-01-21 21:10:05,0.145071983337,44391,1.46781802177
2024-01-21 21:10:07,0.153856992722,46743,1.47342681885
2024-01-21 21:10:08,0.192992925644,47745,1.57208800316
2024-01-21 21:10:10,0.136127948761,44436,1.51811122894
2024-01-21 21:10:12,0.114995002747,46989,1.50748300552
2024-01-21 21:10:13,0.145253896713,46737,1.45131492615
2024-01-21 21:10:15,0.132383108139,45033,1.54896879196
2024-01-21 21:10:17,0.145917892456,43806,1.49273991585
2024-01-21 21:10:18,0.193238973618,42225,1.40010380745
2024-01-21 21:10:20,0.148483037949,42060,1.49816703796
2024-01-21 21:10:21,0.150038957596,42078,1.39729118347
2024-01-21 21:10:23,0.150810003281,63471,1.227435112
2024-01-21 21:10:24,0.136393070221,56334,1.420140028
2024-01-21 21:10:26,0.145439147949,42321,1.33629179001
2024-01-21 21:10:27,0.161708831787,43512,1.42897605896
2024-01-21 21:10:29,0.131818056107,44244,1.44386315346
2024-01-21 21:10:31,0.123600006104,45423,1.48791122437
2024-01-21 21:10:32,0.1848051548,45993,1.40034580231
2024-01-21 21:10:34,0.141345024109,44220,1.46885108948
2024-01-21 21:10:35,0.232223987579,46128,1.45965003967
2024-01-21 21:10:37,0.138648033142,47919,1.49900197983
2024-01-21 21:10:39,0.145029067993,45897,1.54439997673
2024-01-21 21:10:40,0.152004957199,42555,1.38769102097
2024-01-21 21:10:42,0.14601111412,47214,1.46934604645
2024-01-21 21:10:44,0.148655891418,43935,1.49711990356
2024-01-21 21:10:45,0.114567041397,44097,1.23821902275
2024-01-21 21:10:47,0.131208896637,51234,1.41955685616
2024-01-21 21:10:48,0.146177053452,43647,1.40095591545
2024-01-21 21:10:50,0.136106967926,43185,1.42677402496
2024-01-21 21:10:51,0.161020040512,46746,1.37627291679
2024-01-21 21:10:53,0.131991147995,43992,1.55066013336
2024-01-21 21:10:54,0.147135019302,44982,1.49928689003
2024-01-21 21:10:56,0.178317070007,45441,1.5898270607
2024-01-21 21:10:58,0.154585838318,47382,1.28575992584
2024-01-21 21:10:59,0.115227937698,45165,1.46595406532
2024-01-21 21:11:01,0.129693984985,45585,1.54888606071
2024-01-21 21:11:03,0.138492107391,45726,1.56432080269
2024-01-21 21:11:04,0.114629983902,45804,1.52310299873
2024-01-21 21:11:06,0.193200111389,44637,1.50216913223
2024-01-21 21:11:08,0.165951967239,45552,1.51575994492
2024-01-21 21:11:09,0.132956981659,40794,1.43249297142
2024-01-21 21:11:11,0.130905866623,44109,1.45443105698
2024-01-21 21:11:12,0.181981086731,43329,1.24187898636
2024-01-21 21:11:14,0.176208972931,43437,1.24852991104
2024-01-21 21:11:15,0.14141201973,43887,1.21466493607
2024-01-21 21:11:17,0.225592851639,45357,1.7885389328
2024-01-21 21:11:19,0.159892082214,44928,1.40368890762
2024-01-21 21:11:20,0.119714975357,50430,1.5000808239
2024-01-21 21:11:22,0.253664970398,50781,1.60729289055
2024-01-21 21:11:24,0.161696195602,46608,1.58308410645
2024-01-21 21:11:25,0.215443849564,44223,1.49377894402
2024-01-21 21:11:27,0.134733915329,44427,1.52494192123
2024-01-21 21:11:29,0.119665145874,45045,1.46628284454
2024-01-21 21:11:30,0.134098052979,45522,1.57817006111
2024-01-21 21:11:32,0.120455980301,47241,1.47158908844
2024-01-21 21:11:34,0.162697076797,44787,1.46792006493
2024-01-21 21:11:35,0.134124994278,46515,1.57504701614
2024-01-21 21:11:37,0.192517995834,45999,1.52232909203
2024-01-21 21:11:39,0.140084028244,43716,1.54807686806
2024-01-21 21:11:40,0.176163911819,46437,1.41771411896
2024-01-21 21:11:42,0.11524105072,44616,1.52760004997
2024-01-21 21:11:44,0.197764873505,48201,1.47231507301
2024-01-21 21:11:45,0.153276920319,47412,1.37755894661
2024-01-21 21:11:47,0.147909879684,47466,1.43763518333
2024-01-21 21:11:48,0.204410076141,43881,1.48360896111
2024-01-21 21:11:50,0.145457029343,43590,1.4862511158
2024-01-21 21:11:52,0.125167131424,44178,1.51924800873
2024-01-21 21:11:53,0.146301031113,43245,1.40025997162
2024-01-21 21:11:55,0.154905796051,44256,1.37249517441
2024-01-21 21:11:57,0.159435987473,48945,1.37410211563
2024-01-21 21:11:58,0.133561849594,49401,1.44971203804
2024-01-21 21:12:00,0.118991136551,48774,1.49254584312
2024-01-21 21:12:01,0.169017076492,37443,1.36431097984
2024-01-21 21:12:03,0.135787010193,44826,1.45123004913
2024-01-21 21:12:04,0.150317907333,45471,1.55913996696
2024-01-21 21:12:06,0.135764837265,47169,1.46317005157
2024-01-21 21:12:08,0.135041952133,45072,1.47463107109
2024-01-21 21:12:09,0.12459897995,45804,1.45925688744
2024-01-21 21:12:11,0.173207044601,46614,1.57641887665
2024-01-21 21:12:13,0.14332818985,45270,1.49713206291
2024-01-21 21:12:14,0.114526033401,45033,1.58388400078
2024-01-21 21:12:16,0.141309022903,51372,1.40770196915
2024-01-21 21:12:18,0.151594877243,43641,1.5626938343
2024-01-21 21:12:19,0.156690835953,43320,1.39365887642
2024-01-21 21:12:21,0.136325836182,43332,1.42010617256
2024-01-21 21:12:22,0.186829090118,43953,1.40836405754
2024-01-21 21:12:24,0.170723199844,44250,1.35026502609
2024-01-21 21:12:25,0.121598005295,42840,1.49139404297
2024-01-21 21:12:27,0.138753175735,43236,1.43049812317
2024-01-21 21:12:29,0.157346010208,44457,1.51881599426
2024-01-21 21:12:30,0.131760120392,44691,1.5827589035
2024-01-21 21:12:32,0.161828041077,45384,1.50475406647
2024-01-21 21:12:34,0.194959163666,45885,1.54939198494
2024-01-21 21:12:35,0.148418188095,46104,1.40478515625
2024-01-21 21:12:37,0.140325069427,45954,1.50479006767
2024-01-21 21:12:39,0.125550031662,45045,1.63480496407
2024-01-21 21:12:40,0.136739015579,45462,1.54234099388
2024-01-21 21:12:42,0.117755174637,46398,1.42896699905
2024-01-21 21:12:44,0.136270999908,47928,1.34387588501
2024-01-21 21:12:45,0.156765937805,45966,1.42551398277
2024-01-21 21:12:47,0.170931100845,46275,1.38738894463
2024-01-21 21:12:48,0.166940927505,48300,1.45877408981
2024-01-21 21:12:50,0.139890909195,44835,1.38673996925
2024-01-21 21:12:51,0.158610105515,46299,1.35406517982
2024-01-21 21:12:53,0.178563833237,46224,1.26445198059
2024-01-21 21:12:54,0.13352394104,47712,1.44270992279
2024-01-21 21:12:56,0.180229902267,44460,1.34906506538
2024-01-21 21:12:57,0.128777980804,38739,1.29470920563
2024-01-21 21:12:59,0.142603874207,46146,1.28163409233
2024-01-21 21:13:00,0.145440816879,46893,1.34247899055
2024-01-21 21:13:02,0.14013004303,46527,1.39266204834
2024-01-21 21:13:03,0.178238153458,44877,1.42064595222
2024-01-21 21:13:05,0.164664030075,44649,1.48047780991
2024-01-21 21:13:07,0.162208080292,40680,1.31531620026
2024-01-21 21:13:08,0.129951953888,44124,1.4907848835
2024-01-21 21:13:10,0.16086602211,46362,1.31616806984
2024-01-21 21:13:11,0.129214048386,45414,1.46197104454
2024-01-21 21:13:13,0.133067131042,45435,1.47148799896
2024-01-21 21:13:14,0.12867307663,44832,1.4459540844
2024-01-21 21:13:16,0.15327501297,46284,1.399477005
2024-01-21 21:13:17,0.132643938065,47454,1.36519503593
2024-01-21 21:13:19,0.134055137634,44406,1.4735519886
2024-01-21 21:13:21,0.124204158783,47154,1.42869710922
2024-01-21 21:13:22,0.176620960236,48030,1.30365586281
2024-01-21 21:13:24,0.14360499382,45546,1.46991896629
2024-01-21 21:13:25,0.140244960785,45075,1.40695786476
2024-01-21 21:13:27,0.17981505394,47373,1.38454699516
2024-01-21 21:13:28,0.164032936096,47139,1.39472699165
2024-01-21 21:13:30,0.136336088181,46923,1.49273300171
2024-01-21 21:13:32,0.176746845245,43860,1.31910705566
2024-01-21 21:13:33,0.160287857056,43593,1.48031401634
2024-01-21 21:13:35,0.163969993591,45657,1.42835998535
2024-01-21 21:13:36,0.179677963257,43524,1.46960997581
2024-01-21 21:13:38,0.141517877579,42252,1.34979510307
2024-01-21 21:13:39,0.183008909225,41391,1.34965515137
2024-01-21 21:13:41,0.166105985641,46131,1.22254705429
2024-01-21 21:13:42,0.1375207901,45726,1.16866207123
2024-01-21 21:13:44,0.131817102432,45333,1.20458698273
2024-01-21 21:13:45,0.133060932159,46677,2.37039279938
2024-01-21 21:13:47,0.120574951172,47031,1.38334584236
2024-01-21 21:13:49,0.150120019913,44841,1.48344182968
2024-01-21 21:13:51,0.114482879639,45924,1.47927999496
2024-01-21 21:13:52,0.171960115433,46857,1.50922083855
2024-01-21 21:13:54,0.166748046875,44943,1.43428516388
2024-01-21 21:13:55,0.218091011047,46608,1.37270498276
2024-01-21 21:13:57,0.140500068665,46545,1.47900485992
2024-01-21 21:13:59,0.155242919922,46191,1.45195484161
2024-01-21 21:14:00,0.143546104431,44001,1.50484991074
2024-01-21 21:14:02,0.165566921234,50607,1.53551101685
2024-01-21 21:14:04,0.145264863968,48861,1.38121891022
2024-01-21 21:14:05,0.166067123413,46368,1.46839189529
2024-01-21 21:14:07,0.129487037659,46458,1.41921615601
2024-01-21 21:14:08,0.207598924637,44442,1.54576611519
2024-01-21 21:14:10,0.138480186462,44856,1.46734380722
2024-01-21 21:14:12,0.148015975952,49242,1.55240488052
2024-01-21 21:14:13,0.146695137024,53547,1.35685300827
2024-01-21 21:14:15,0.195753097534,50694,1.52499985695
2024-01-21 21:14:17,0.173453807831,41007,1.33784294128
2024-01-21 21:14:18,0.138251066208,43740,1.44389200211
2024-01-21 21:14:20,0.155825853348,44040,1.42994403839
2024-01-21 21:14:21,0.137190103531,45336,1.61489486694
2024-01-21 21:14:23,0.116738080978,47085,1.35806012154
2024-01-21 21:14:25,0.230859994888,47262,1.27793598175
2024-01-21 21:14:26,0.133054971695,45495,1.39289617538
2024-01-21 21:14:28,0.191632032394,47115,1.34842300415
2024-01-21 21:14:29,0.12597990036,46788,1.43507385254
2024-01-21 21:14:31,0.171199083328,57150,1.30474495888
2024-01-21 21:14:32,0.211097002029,57015,1.48799300194
2024-01-21 21:14:34,0.124580860138,47703,1.40787696838
2024-01-21 21:14:35,0.148451089859,43764,1.51576900482
2024-01-21 21:14:37,0.143535137177,45405,1.50808405876
2024-01-21 21:14:39,0.137444019318,44292,1.44414305687
2024-01-21 21:14:40,0.119934082031,44991,1.63354897499
2024-01-21 21:14:42,0.137355089188,44736,1.51304197311
2024-01-21 21:14:44,0.145277023315,42564,1.37068605423
2024-01-21 21:14:45,0.152866125107,43548,1.38751101494
2024-01-21 21:14:47,0.154628038406,42744,1.49740505219
2024-01-21 21:14:48,0.159567117691,42915,1.41612195969
2024-01-21 21:14:50,0.159586906433,43671,1.33900809288
2024-01-21 21:14:52,0.147257804871,44016,1.50952601433
2024-01-21 21:14:53,0.132550954819,44130,1.54496717453
2024-01-21 21:14:55,0.121882915497,42852,1.44224309921
2024-01-21 21:14:56,0.15708398819,44532,1.53657603264
2024-01-21 21:14:58,0.129394054413,46434,1.51532697678
2024-01-21 21:15:00,0.115029096603,43584,1.35858488083
2024-01-21 21:15:01,0.14239192009,44895,1.37369513512
2024-01-21 21:15:03,0.125332832336,44712,1.37728595734
2024-01-21 21:15:04,0.172147035599,44403,1.49067497253
2024-01-21 21:15:06,0.180522918701,49386,1.29648709297
2024-01-21 21:15:07,0.177171945572,44652,1.35490083694
2024-01-21 21:15:09,0.147115945816,41673,1.40824699402
2024-01-21 21:15:10,0.147238969803,43368,1.47930502892
2024-01-21 21:15:12,0.184949159622,42984,1.45803117752
2024-01-21 21:15:14,0.116364002228,44076,1.51156687737
2024-01-21 21:15:15,0.118931055069,44502,1.43200778961
2024-01-21 21:15:17,0.139379024506,44538,1.44713187218
2024-01-21 21:15:19,0.18896484375,44997,1.50405502319
2024-01-21 21:15:20,0.186094045639,45111,1.5079460144
2024-01-21 21:15:22,0.148242950439,42963,1.43989396095
2024-01-21 21:15:23,0.156264066696,45258,1.43969607353
2024-01-21 21:15:25,0.137355804443,45942,1.41979408264
2024-01-21 21:15:27,0.145131111145,46563,1.32367706299
2024-01-21 21:15:28,0.175304174423,44748,1.49115800858
2024-01-21 21:15:30,0.138406038284,44523,1.37978100777
2024-01-21 21:15:31,0.128286123276,43326,1.4283080101
2024-01-21 21:15:33,0.131572008133,44400,1.56014800072
2024-01-21 21:15:35,0.167304039001,46515,1.37871003151
2024-01-21 21:15:36,0.123556137085,43206,1.41126179695
2024-01-21 21:15:38,0.152412891388,45456,1.42118191719
2024-01-21 21:15:39,0.165698051453,46275,1.45247602463
2024-01-21 21:15:41,0.146435022354,43935,1.40427184105
2024-01-21 21:15:42,0.14785695076,42309,1.33944606781
2024-01-21 21:15:44,0.152552127838,43437,1.4500939846
2024-01-21 21:15:45,0.206398963928,43494,1.45627307892
2024-01-21 21:15:47,0.141283035278,47319,1.42141795158
2024-01-21 21:15:49,0.141834974289,47181,1.40657806396
2024-01-21 21:15:50,0.160696029663,42270,1.24902200699
2024-01-21 21:15:52,0.179442882538,44958,1.40890288353
2024-01-21 21:15:53,0.157027006149,45264,1.54857301712
2024-01-21 21:15:55,0.162419080734,39204,1.22135710716
2024-01-21 21:15:56,0.145099878311,46425,1.38697814941
2024-01-21 21:15:58,0.145849943161,46191,1.27607297897
2024-01-21 21:15:59,0.158532857895,46803,1.2904779911
2024-01-21 21:16:01,0.15776014328,44394,1.5837700367
2024-01-21 21:16:02,0.162129878998,44868,1.31245994568
2024-01-21 21:16:04,0.142573833466,46440,1.35167694092
2024-01-21 21:16:05,0.116088867188,43788,1.41046309471
2024-01-21 21:16:07,0.177195072174,45117,1.2639400959
2024-01-21 21:16:08,0.119798898697,45201,1.32043910027
2024-01-21 21:16:10,0.173720836639,46302,1.24633216858
2024-01-21 21:16:11,0.211828947067,40809,1.19789600372
2024-01-21 21:16:13,0.151238203049,46815,1.18253207207
2024-01-21 21:16:14,0.154312133789,43014,2.16430020332
2024-01-21 21:16:16,0.120012044907,44745,1.43455219269
2024-01-21 21:16:18,0.176123142242,45336,1.38488912582
2024-01-21 21:16:19,0.156858205795,44778,1.31235814095
2024-01-21 21:16:21,0.132008075714,44769,1.45718002319
2024-01-21 21:16:23,0.165011167526,43584,1.49172902107
2024-01-21 21:16:24,0.117344856262,45609,1.2748939991
2024-01-21 21:16:26,0.123039960861,43704,1.48614001274
2024-01-21 21:16:27,0.144547939301,43686,1.29046082497
2024-01-21 21:16:29,0.143584012985,45144,1.26754713058
2024-01-21 21:16:30,0.15123295784,46272,1.52137804031
2024-01-21 21:16:32,0.155773878098,44196,1.47040295601
2024-01-21 21:16:33,0.134291887283,46872,1.36304402351
2024-01-21 21:21:40,0.133051156998,42273,1.35907483101
2024-01-21 21:21:41,0.138392925262,43545,1.47615695
2024-01-21 21:21:43,0.121875047684,46329,1.45232796669
2024-01-21 21:21:44,0.178886890411,46911,1.31954884529
2024-01-21 21:21:46,0.148504972458,42693,1.5006711483
2024-01-21 21:21:48,0.131525039673,45930,1.42093515396
2024-01-21 21:21:49,0.163482904434,46296,1.3220281601
2024-01-21 21:21:51,0.157948970795,43176,1.52048611641
2024-01-21 21:21:52,0.168497085571,40962,1.38016796112
2024-01-21 21:21:54,0.161704063416,42144,1.27837300301
2024-01-21 21:21:55,0.11986207962,44913,1.53575587273
2024-01-21 21:21:57,0.168126106262,43938,1.35503697395
2024-01-21 21:21:59,0.192683935165,44184,1.44321894646
2024-01-21 21:22:00,0.160109996796,42138,1.33634901047
2024-01-21 21:22:02,0.135082006454,42981,1.57614707947
2024-01-21 21:22:03,0.123548984528,43527,1.46448707581
2024-01-21 21:22:05,0.132927179337,43491,1.41718411446
2024-01-21 21:22:06,0.146866083145,44625,1.47040891647
2024-01-21 21:22:08,0.129623889923,47127,1.40604996681
2024-01-21 21:22:10,0.126968860626,46911,1.43711209297
2024-01-21 21:22:11,0.12925195694,44454,1.49621200562
2024-01-21 21:22:13,0.156371116638,46131,1.24059605598
2024-01-21 21:22:14,0.141566991806,47367,1.57717108727
2024-01-21 21:22:16,0.133543968201,44226,1.51559495926
2024-01-21 21:22:18,0.136389970779,46443,1.45702195168
2024-01-21 21:22:19,0.143592119217,45912,1.34291791916
2024-01-21 21:22:21,0.139619112015,44433,1.3297328949
2024-01-21 21:22:22,0.11505317688,42999,1.45988583565
2024-01-21 21:22:24,0.144234895706,43047,1.51481604576
2024-01-21 21:22:25,0.148823022842,37902,1.35824680328
2024-01-21 21:22:27,0.224571943283,44370,1.41600394249
2024-01-21 21:22:29,0.183587789536,45312,1.45478105545
2024-01-21 21:22:30,0.144191980362,38943,1.31836795807
2024-01-21 21:22:32,0.158253908157,44784,1.48101520538
2024-01-21 21:22:33,0.11607503891,44835,1.51687884331
2024-01-21 21:22:35,0.183459043503,47520,1.44656014442
2024-01-21 21:22:37,0.119327068329,53682,1.50095796585
2024-01-21 21:22:38,0.129280090332,53169,1.49001502991
2024-01-21 21:22:40,0.145021915436,43689,1.41660308838
2024-01-21 21:22:41,0.151952981949,44352,1.44015097618
2024-01-21 21:22:43,0.155244112015,47070,1.41459417343
2024-01-21 21:22:45,0.146171092987,47133,1.55958795547
2024-01-21 21:22:46,0.139865875244,44127,1.43820595741
2024-01-21 21:22:48,0.126035928726,47106,1.32449388504
2024-01-21 21:22:49,0.146691083908,46791,1.27097582817
2024-01-21 21:22:51,0.177634000778,45108,1.44230699539
2024-01-21 21:22:52,0.13282084465,36468,1.24772596359
2024-01-21 21:22:54,0.171790838242,42891,1.43561387062
2024-01-21 21:22:55,0.144250869751,43308,1.42705583572
2024-01-21 21:22:57,0.1471118927,44697,1.45122694969
2024-01-21 21:22:58,0.15731883049,44652,1.52016806602
2024-01-21 21:23:00,0.218374967575,43509,1.46989989281
2024-01-21 21:23:02,0.14001584053,42549,1.83430218697
2024-01-21 21:23:04,0.150913000107,45294,1.67308807373
2024-01-21 21:23:06,0.135106086731,45993,1.52659010887
2024-01-21 21:23:07,0.13863992691,44847,1.55418395996
2024-01-21 21:23:09,0.191160917282,46305,1.4003880024
2024-01-21 21:23:11,0.207488059998,47523,1.34107494354
2024-01-21 21:23:12,0.134871959686,47196,1.35698795319
2024-01-21 21:23:14,0.165949106216,45741,1.54998397827
2024-01-21 21:23:15,0.126461982727,47706,1.42396998405
2024-01-21 21:23:17,0.140305995941,48144,1.46310997009
2024-01-21 21:23:18,0.156726121902,45090,1.28767514229
2024-01-21 21:23:20,0.13883805275,46314,1.27535009384
2024-01-21 21:23:21,0.195235967636,47763,1.24761605263
2024-01-21 21:23:23,0.150707960129,45435,1.48177599907
2024-01-21 21:23:24,0.1701130867,45180,1.3348031044
2024-01-21 21:23:26,0.130942106247,44340,1.39519906044
2024-01-21 21:23:27,0.138633012772,45069,1.38819384575
2024-01-21 21:23:29,0.135823965073,43947,1.43266797066
2024-01-21 21:23:31,0.166999816895,44565,1.41255402565
2024-01-21 21:23:32,0.117601156235,44655,1.40631914139
2024-01-21 21:23:34,0.130422115326,45729,1.42344284058
2024-01-21 21:23:35,0.172513008118,44607,1.46904087067
2024-01-21 21:23:37,0.149026870728,44805,1.19347214699
2024-01-21 21:23:38,0.120847940445,45003,1.18962597847
2024-01-21 21:23:39,0.159025907516,44718,1.17964196205
2024-01-21 21:23:41,0.184793949127,46845,1.97002792358
2024-01-21 21:23:43,0.163435935974,45621,1.51423597336
2024-01-21 21:23:45,0.13592505455,45528,1.48904180527
2024-01-21 21:23:46,0.158548116684,43992,1.28416895866
2024-01-21 21:23:48,0.192113876343,45729,1.34781599045
2024-01-21 21:23:49,0.126513004303,45690,1.39067316055
2024-01-21 21:23:51,0.1329600811,46197,1.35155487061
2024-01-21 21:23:52,0.117902040482,43848,1.37864589691
2024-01-21 21:23:54,0.150666952133,45495,1.47986316681
2024-01-21 21:23:55,0.117671012878,46122,1.24053788185
2024-01-21 21:23:57,0.157979011536,45864,1.3758020401
2024-01-21 21:23:58,0.124839067459,46020,1.42985415459
2024-01-21 21:24:00,0.172159910202,45342,1.37722015381
2024-01-21 21:24:01,0.117390871048,45213,1.36337304115
2024-01-21 21:24:03,0.148754119873,43521,1.46110200882
2024-01-21 21:24:04,0.182927131653,43104,1.40034794807
2024-01-21 21:24:06,0.143341064453,43143,1.40991306305
2024-01-21 21:24:08,0.119599103928,42969,1.38406991959
2024-01-21 21:24:09,0.134085893631,46827,1.55001592636
2024-01-21 21:24:11,0.130557060242,46593,1.58694005013
2024-01-21 21:24:13,0.147417068481,45675,1.45346999168
2024-01-21 21:24:14,0.154324054718,42783,1.34800291061
2024-01-21 21:24:16,0.177719831467,42432,1.19400620461
2024-01-21 21:24:17,0.132094860077,45609,1.61200284958
2024-01-21 21:24:19,0.14026594162,45423,1.41102719307
2024-01-21 21:24:20,0.13642001152,45540,1.45102286339
2024-01-21 21:24:22,0.146218061447,44481,1.44937515259
2024-01-21 21:24:23,0.165235042572,46875,1.40647816658
2024-01-21 21:24:25,0.142046928406,47565,1.35210108757
2024-01-21 21:24:27,0.16676902771,45303,1.46465682983
2024-01-21 21:24:28,0.145921945572,45882,1.43791007996
2024-01-21 21:24:30,0.161628961563,46377,1.44954991341
2024-01-21 21:24:31,0.148351192474,45366,1.43543410301
2024-01-21 21:24:33,0.147860050201,45480,1.43404603004
2024-01-21 21:24:35,0.148522853851,43092,1.47474503517
2024-01-21 21:24:36,0.156296014786,45222,1.4475710392
2024-01-21 21:24:38,0.121049165726,46038,1.48524212837
2024-01-21 21:24:39,0.144412994385,45660,1.56522512436
2024-01-21 21:24:41,0.169159889221,46173,1.30898785591
2024-01-21 21:24:43,0.141036987305,44541,1.52063107491
2024-01-21 21:24:44,0.125597953796,42438,1.3388710022
2024-01-21 21:24:46,0.172169923782,43617,1.50233507156
2024-01-21 21:24:47,0.136837005615,39336,1.46025013924
2024-01-21 21:24:49,0.1385409832,45237,1.40547704697
2024-01-21 21:24:51,0.141242980957,41040,1.44880986214
2024-01-21 21:24:52,0.16508603096,43062,1.2824549675
2024-01-21 21:24:54,0.13275384903,43248,1.54486894608
2024-01-21 21:24:55,0.121304988861,44610,1.45035600662
2024-01-21 21:24:57,0.185360908508,46767,1.40044808388
2024-01-21 21:24:58,0.158715009689,43734,1.46135306358
2024-01-21 21:25:00,0.173428058624,45786,1.51766490936
2024-01-21 21:25:02,0.133913993835,46146,1.52191781998
2024-01-21 21:25:03,0.122754096985,43932,1.4371380806
2024-01-21 21:25:05,0.131525993347,45897,1.51318287849
2024-01-21 21:25:07,0.119489192963,46407,1.47086405754
2024-01-21 21:25:08,0.123826026917,43680,1.50235795975
2024-01-21 21:25:10,0.131184101105,43953,1.36919903755
2024-01-21 21:25:11,0.151103019714,43461,1.49755620956
2024-01-21 21:25:13,0.178097009659,44586,1.58629512787
2024-01-21 21:25:15,0.194826126099,43512,1.56474709511
2024-01-21 21:25:16,0.205146789551,43194,1.35743308067
2024-01-21 21:25:18,0.243757009506,45243,1.46884918213
2024-01-21 21:25:20,0.159693956375,44472,1.48000192642
2024-01-21 21:25:21,0.141218900681,44988,1.36905407906
2024-01-21 21:25:23,0.12141084671,45135,1.53875494003
2024-01-21 21:25:25,0.162045955658,55530,1.39772295952
2024-01-21 21:25:26,0.154898166656,43857,1.50184106827
2024-01-21 21:25:28,0.140208005905,43878,1.37529206276
2024-01-21 21:25:29,0.121472120285,43797,1.52310395241
2024-01-21 21:25:31,0.146216869354,46428,1.42884993553
2024-01-21 21:25:32,0.1366751194,47211,1.50541901588
2024-01-21 21:25:34,0.125025033951,43998,1.66426205635
2024-01-21 21:25:36,0.154980897903,45606,1.51868796349
2024-01-21 21:25:38,0.179811000824,46386,1.28860497475
2024-01-21 21:25:39,0.123601913452,44991,1.56985998154
2024-01-21 21:25:41,0.193619966507,43935,1.64700698853
2024-01-21 21:25:43,0.127599000931,44361,1.49385499954
2024-01-21 21:25:44,0.225677013397,44880,1.54084682465
2024-01-21 21:25:46,0.131580114365,42846,1.46512103081
2024-01-21 21:25:48,0.134737014771,43953,1.5128698349
2024-01-21 21:25:49,0.208064079285,43776,1.54011702538
2024-01-21 21:25:51,0.147639989853,45039,1.47700500488
2024-01-21 21:25:53,0.139005899429,44958,1.58244514465
2024-01-21 21:25:54,0.131547927856,45045,1.41939806938
2024-01-21 21:25:56,0.133394002914,43746,1.57333779335
2024-01-21 21:25:58,0.211422920227,42666,1.55544900894
2024-01-21 21:25:59,0.14319896698,51303,1.35328793526
2024-01-21 21:26:01,0.122941017151,44721,1.40926194191
2024-01-21 21:26:02,0.195201158524,45891,1.46024608612
2024-01-21 21:26:04,0.155436992645,47412,1.48813009262
2024-01-21 21:26:06,0.157414913177,43719,1.49124884605
2024-01-21 21:26:07,0.140220880508,45519,1.45410299301
2024-01-21 21:26:09,0.147290945053,47343,1.51011586189
2024-01-21 21:26:11,0.119917869568,43443,1.45798707008
2024-01-21 21:26:12,0.164143800735,46674,1.49624204636
2024-01-21 21:26:14,0.149236917496,48393,1.48564910889
2024-01-21 21:26:15,0.142705917358,45096,1.38408184052
2024-01-21 21:26:17,0.135586023331,41787,1.35229086876
2024-01-21 21:26:18,0.123586893082,42021,1.45122289658
2024-01-21 21:26:20,0.151342868805,41973,1.48121905327
2024-01-21 21:26:22,0.115947008133,47826,1.44195604324
2024-01-21 21:26:23,0.155096054077,46665,1.39832305908
2024-01-21 21:26:25,0.155932188034,47343,1.50648713112
2024-01-21 21:26:26,0.145915031433,47535,1.45190405846
2024-01-21 21:26:28,0.13947892189,48636,1.54536509514
2024-01-21 21:26:30,0.159790992737,46641,1.39318799973
2024-01-21 21:26:31,0.154431819916,45228,1.46825909615
2024-01-21 21:26:33,0.187647819519,44154,1.52642202377
2024-01-21 21:26:35,0.158334970474,45306,1.44839096069
2024-01-21 21:26:36,0.124018192291,45534,1.55451202393
2024-01-21 21:26:38,0.160430908203,44922,1.44469714165
2024-01-21 21:26:40,0.186048984528,45141,1.5772550106
2024-01-21 21:26:41,0.154779911041,45597,1.43469810486
2024-01-21 21:26:43,0.140373945236,43944,1.47546291351
2024-01-21 21:26:45,0.198194026947,54885,1.54189991951
2024-01-21 21:26:46,0.13783288002,45084,1.46581602097
2024-01-21 21:26:48,0.166230916977,43761,1.33175897598
2024-01-21 21:26:49,0.138869047165,45111,1.43634796143
2024-01-21 21:26:51,0.199648857117,44832,1.39909791946
2024-01-21 21:26:53,0.143618822098,48297,1.48873305321
2024-01-21 21:26:54,0.156892061234,49584,1.49886488914
2024-01-21 21:26:56,0.158402919769,43776,1.44768881798
2024-01-21 21:26:57,0.126038074493,45027,1.42332291603
2024-01-21 21:26:59,0.141815185547,44700,1.43650388718
2024-01-21 21:27:01,0.181459903717,43641,1.48328399658
2024-01-21 21:27:02,0.132548093796,46284,1.37686896324
2024-01-21 21:27:04,0.114969968796,43716,1.53093886375
2024-01-21 21:27:05,0.144806146622,45069,1.38531780243
2024-01-21 21:27:07,0.13720202446,45261,1.37362504005
2024-01-21 21:27:08,0.127085924149,43299,1.53853392601
2024-01-21 21:27:10,0.159272909164,44337,1.42309904099
2024-01-21 21:27:12,0.176373004913,45795,1.46114301682
2024-01-21 21:27:13,0.136119127274,44274,1.59287810326
2024-01-21 21:27:15,0.139135122299,43083,1.50552392006
2024-01-21 21:27:17,0.168006181717,46581,1.44867515564
2024-01-21 21:27:18,0.179134130478,42657,1.54650402069
2024-01-21 21:27:20,0.139094114304,42705,1.46827101707
2024-01-21 21:27:22,0.162430047989,43497,1.53999686241
2024-01-21 21:27:23,0.15755200386,42993,1.50035595894
2024-01-21 21:27:25,0.177551031113,41670,1.34408402443
2024-01-21 21:27:27,0.153530836105,41997,1.34795093536
2024-01-21 21:27:28,0.155534029007,43119,1.54620814323
2024-01-21 21:27:30,0.149621963501,43698,1.56601715088
2024-01-21 21:27:31,0.132485866547,45216,1.62630486488
2024-01-21 21:27:33,0.148614168167,45852,1.33579301834
2024-01-21 21:27:35,0.11959195137,46743,1.32709503174
2024-01-21 21:27:36,0.173733949661,46851,1.33195304871
2024-01-21 21:27:38,0.137658834457,43245,1.42560100555
2024-01-21 21:27:39,0.171653985977,42816,1.57840418816
2024-01-21 21:27:41,0.117170095444,43113,1.4328789711
2024-01-21 21:27:42,0.151350975037,44559,1.42813181877
2024-01-21 21:27:44,0.120331048965,45585,1.51193189621
2024-01-21 21:27:46,0.137444972992,42888,1.39687514305
2024-01-21 21:27:47,0.150184869766,44403,1.49178099632
2024-01-21 21:27:49,0.136394023895,44322,1.44877004623
2024-01-21 21:27:50,0.119523048401,43716,1.62099695206
2024-01-21 21:27:52,0.183522939682,58317,1.64615702629
2024-01-21 21:27:54,0.153907060623,43359,1.48095703125
2024-01-21 21:27:56,0.143631219864,41940,1.40087294579
2024-01-21 21:27:57,0.144613981247,41991,1.56590509415
2024-01-21 21:27:59,0.185158014297,44655,1.44038510323
2024-01-21 21:28:01,0.12676692009,43758,1.52065610886
2024-01-21 21:28:02,0.229317903519,43380,1.51498889923
2024-01-21 21:28:04,0.133515834808,43104,1.49190497398
2024-01-21 21:28:06,0.136662960052,46485,1.35722589493
2024-01-21 21:28:07,0.14141201973,44754,1.44421887398
2024-01-21 21:28:09,0.155539035797,43050,1.51279997826
2024-01-21 21:28:10,0.115945100784,44163,1.55560302734
2024-01-21 21:28:12,0.168566942215,43281,1.4006998539
2024-01-21 21:28:14,0.139486074448,44208,1.55592703819
2024-01-21 21:28:15,0.145973920822,43887,1.5327129364
2024-01-21 21:28:17,0.163282871246,44190,1.52712011337
2024-01-21 21:28:19,0.180834054947,44277,1.44159507751
2024-01-21 21:28:20,0.150648117065,44307,1.52951002121
2024-01-21 21:28:22,0.135433912277,38658,1.34946203232
2024-01-21 21:28:23,0.114857912064,43302,1.58005213737
2024-01-21 21:28:25,0.118624925613,51408,1.3090429306
2024-01-21 21:28:27,0.157618045807,50556,1.49485993385
2024-01-21 21:28:28,0.133970975876,50031,1.35459804535
2024-01-21 21:28:30,0.149001121521,41985,1.36675786972
2024-01-21 21:28:31,0.129630088806,41280,1.42839217186
2024-01-21 21:28:33,0.140613079071,43143,1.54053401947
2024-01-21 21:28:34,0.143667936325,44040,1.37314391136
2024-01-21 21:28:36,0.167526960373,42282,1.37428808212
2024-01-21 21:28:38,0.166082143784,43398,1.46030211449
2024-01-21 21:28:39,0.134296178818,44193,1.56693005562
2024-01-21 21:28:41,0.15509390831,42939,1.55024409294
2024-01-21 21:28:43,0.12334394455,44208,1.48878502846
2024-01-21 21:28:44,0.163487911224,45093,1.4770720005
2024-01-21 21:28:46,0.189908027649,48012,1.47170877457
2024-01-21 21:28:47,0.163228988647,41565,1.37065505981
2024-01-21 21:28:49,0.138758897781,43704,1.49074792862
2024-01-21 21:28:51,0.166638851166,42687,1.36014795303
2024-01-21 21:28:52,0.155724048615,42912,1.48652911186
2024-01-21 21:28:54,0.165404081345,41541,1.30941319466
2024-01-21 21:28:55,0.129605054855,41970,1.29461812973
2024-01-21 21:28:57,0.152991056442,41187,1.30794787407
2024-01-21 21:28:58,0.139851093292,42408,1.37470984459
2024-01-21 21:29:00,0.143745183945,42537,1.47915005684
2024-01-21 21:29:01,0.134119033813,44220,1.450756073
2024-01-21 21:29:03,0.168699979782,44211,1.44744586945
2024-01-21 21:29:04,0.131540060043,43977,1.44038105011
2024-01-21 21:29:06,0.143712997437,42903,1.41304993629
2024-01-21 21:29:08,0.128575086594,43572,1.48426818848
2024-01-21 21:29:09,0.13593006134,44037,1.40034198761
2024-01-21 21:29:11,0.145161867142,42435,1.37618803978
2024-01-21 21:29:12,0.128398895264,43647,1.34040188789
2024-01-21 21:29:14,0.155627965927,43584,1.58803510666
2024-01-21 21:29:16,0.160170078278,41730,1.48457479477
2024-01-21 21:29:17,0.126734018326,41421,1.39074897766
2024-01-21 21:29:19,0.148015975952,40539,1.33242297173
2024-01-21 21:29:20,0.199413061142,42507,1.39043593407
2024-01-21 21:29:22,0.13573384285,42246,1.34287810326
2024-01-21 21:29:23,0.12167596817,41379,1.31784796715
2024-01-21 21:29:25,0.161366939545,42285,1.35756897926
2024-01-21 21:29:26,0.162442922592,42933,1.34674310684
2024-01-21 21:29:28,0.14244389534,43146,1.41383004189
2024-01-21 21:29:29,0.127350091934,41778,1.34727120399
2024-01-21 21:29:31,0.125242948532,48009,1.44499206543
2024-01-21 21:29:32,0.149099826813,48048,1.44095015526
2024-01-21 21:29:34,0.179486989975,47895,1.40096688271
2024-01-21 21:29:35,0.163342952728,42798,1.44546103477
2024-01-21 21:29:37,0.173985958099,42519,1.41193389893
2024-01-21 21:29:39,0.167099952698,40263,1.41454601288
2024-01-21 21:29:40,0.195871114731,42840,1.68095397949
2024-01-21 21:29:42,0.152443170547,42039,1.45178198814
2024-01-21 21:29:44,0.144075870514,43311,1.57940292358
2024-01-21 21:29:45,0.152776956558,42915,1.46071696281
2024-01-21 21:29:47,0.137979984283,42555,1.41403508186
2024-01-21 21:29:49,0.153249025345,42141,1.32807707787
2024-01-21 21:29:50,0.166509151459,41238,1.32452392578
2024-01-21 21:29:52,0.187329053879,44415,1.35079693794
2024-01-21 21:29:53,0.138289928436,43770,1.15735888481
2024-01-21 21:29:54,0.142300128937,43185,1.19953298569
2024-01-21 21:29:56,0.130471944809,42855,1.19183397293
2024-01-21 21:29:57,0.167841911316,43470,1.20248699188
2024-01-21 21:29:58,0.191438913345,45402,1.60607290268
2024-01-21 21:30:00,0.134603023529,44856,1.42664599419
2024-01-21 21:30:02,0.1739590168,44421,1.57644605637
2024-01-21 21:30:04,0.120539188385,41505,1.40333104134
2024-01-21 21:30:05,0.128356933594,43821,1.50248718262
2024-01-21 21:30:07,0.135370016098,42402,1.25774288177
2024-01-21 21:30:08,0.167663097382,43824,1.34443092346
2024-01-21 21:30:10,0.176200866699,43740,1.40190696716
2024-01-21 21:30:11,0.145162820816,42171,1.44188308716
2024-01-21 21:30:13,0.120771169662,43497,1.24496912956
2024-01-21 21:30:14,0.122983932495,43554,1.44712591171
2024-01-21 21:30:16,0.13763999939,40875,1.38540005684
2024-01-21 21:30:17,0.123592853546,41796,1.40555691719
2024-01-21 21:30:19,0.136054992676,43095,1.50895190239
2024-01-21 21:30:20,0.149220943451,42300,1.24974584579
2024-01-21 21:30:22,0.182220220566,42597,1.27833485603
2024-01-21 21:30:23,0.12778711319,42648,1.25352907181
2024-01-21 21:30:25,0.160154104233,44868,1.3941090107
2024-01-21 21:30:26,0.117306947708,46131,1.60509896278
2024-01-21 21:30:28,0.161043167114,42567,1.33879208565
2024-01-21 21:30:29,0.223849058151,42585,1.35233592987
2024-01-21 21:30:31,0.166871786118,43113,1.3966729641
2024-01-21 21:30:33,0.161942958832,41643,1.36933398247
2024-01-21 21:30:34,0.115652084351,42186,1.44871115685
2024-01-21 21:30:36,0.153522968292,42657,1.28666901588
2024-01-21 21:30:37,0.162788152695,44142,1.49656200409
2024-01-21 21:30:39,0.150896072388,43098,1.49680781364
2024-01-21 21:30:40,0.131306886673,42324,1.44576501846
2024-01-21 21:30:42,0.155483961105,43269,1.44118905067
2024-01-21 21:30:44,0.155738115311,41121,1.32897090912
2024-01-21 21:30:45,0.137709140778,41148,1.47982001305
2024-01-21 21:30:47,0.143959999084,42189,1.29770612717
2024-01-21 21:30:48,0.163234949112,46200,1.40886902809
2024-01-21 21:30:50,0.189942121506,52167,1.27248597145
2024-01-21 21:30:51,0.175801992416,52494,1.32909607887
2024-01-21 21:30:53,0.188804149628,41397,1.29938411713
2024-01-21 21:30:54,0.164076089859,42426,1.44792294502
2024-01-21 21:30:56,0.173565864563,42261,1.3251490593
2024-01-21 21:30:57,0.133301973343,42513,1.27659893036
2024-01-21 21:30:59,0.177572965622,43290,1.32073187828
2024-01-21 21:31:00,0.15962100029,42366,1.21528911591
2024-01-21 21:31:02,0.144139051437,47919,1.36783981323
2024-01-21 21:31:03,0.189655065536,42153,1.34719181061
2024-01-21 21:31:05,0.134163856506,41373,1.32407903671
2024-01-21 21:31:06,0.167894124985,40488,1.42415881157
2024-01-21 21:31:08,0.160190105438,42792,1.42257404327
2024-01-21 21:31:09,0.176604986191,43845,1.41939091682
2024-01-21 21:31:11,0.179803133011,44403,1.40503883362
2024-01-21 21:31:12,0.192867994308,41997,1.36075592041
2024-01-21 21:31:14,0.139351129532,42348,1.3341550827
2024-01-21 21:31:15,0.14767408371,44154,1.45302510262
2024-01-21 21:31:17,0.23826789856,41955,1.22500395775
2024-01-21 21:31:19,0.169677019119,43932,1.51911306381
2024-01-21 21:31:20,0.186012983322,43095,1.55806303024
2024-01-21 21:31:22,0.14862203598,43380,1.35051298141
2024-01-21 21:31:23,0.142174959183,42108,1.29732012749
2024-01-21 21:31:25,0.195149183273,42429,1.33294510841
2024-01-21 21:31:26,0.224552154541,42225,1.39643716812
2024-01-21 21:31:28,0.205234050751,41169,1.45565581322
2024-01-21 21:31:30,0.140655994415,42054,1.29625511169
2024-01-21 21:31:31,0.173543214798,40599,1.37873291969
2024-01-21 21:31:33,0.174725055695,41901,1.36892199516
2024-01-21 21:31:34,0.148168087006,42036,1.36080217361
2024-01-21 21:31:36,0.162802934647,41952,1.37501788139
2024-01-21 21:31:37,0.222941160202,42648,1.24011397362
2024-01-21 21:31:39,0.15878200531,43575,1.3164460659
2024-01-21 21:31:40,0.127458095551,41901,1.28986501694
2024-01-21 21:31:42,0.141101121902,42633,1.23207998276
2024-01-21 21:31:43,0.135458946228,41382,1.43886303902
2024-01-21 21:31:45,0.138642787933,42957,1.36475396156
2024-01-21 21:31:46,0.175616025925,41586,1.52106189728
2024-01-21 21:31:48,0.135334014893,42657,1.3102710247
2024-01-21 21:31:49,0.142440080643,42249,1.37513399124
2024-01-21 21:31:51,0.168474912643,42009,1.43270111084
2024-01-21 21:31:52,0.154407978058,43623,1.4680519104
2024-01-21 21:31:54,0.139764070511,44628,1.4136030674
2024-01-21 21:31:56,0.144601106644,42792,1.463586092
2024-01-21 21:31:57,0.165635108948,42678,1.54902911186
2024-01-21 21:31:59,0.185925006866,43938,1.43047094345
2024-01-21 21:32:00,0.155249118805,43779,1.52352595329
2024-01-21 21:32:02,0.180433034897,43146,1.52790093422
2024-01-21 21:32:04,0.143392086029,41985,1.37389087677
2024-01-21 21:32:05,0.161752939224,42000,1.28217792511
2024-01-21 21:32:07,0.167942047119,42852,1.57394981384
2024-01-21 21:32:09,0.160869836807,43791,1.40544509888
2024-01-21 21:32:10,0.158314943314,43776,1.34464502335
2024-01-21 21:32:12,0.133610010147,43587,1.38217401505
2024-01-21 21:32:13,0.135877847672,43833,1.47318100929
2024-01-21 21:32:15,0.171841144562,44484,1.48031520844
2024-01-21 21:32:16,0.120438098907,48180,1.36494612694
2024-01-21 21:32:18,0.164796113968,42069,1.3235270977
2024-01-21 21:32:19,0.166432142258,42216,1.4062371254
2024-01-21 21:32:21,0.143232822418,42273,1.36936211586
2024-01-21 21:32:22,0.142685174942,42060,1.18364906311
2024-01-21 21:32:24,0.151441812515,42147,1.18141698837
2024-01-21 21:32:25,0.180377960205,43152,1.18437194824
2024-01-21 21:32:27,0.214865922928,43932,1.20506691933
2024-01-21 21:32:28,0.142185211182,42912,1.61020112038
2024-01-21 21:32:30,0.119878053665,44277,1.38256502151
2024-01-21 21:32:31,0.119210004807,44409,1.49740195274
2024-01-21 21:32:33,0.130728960037,42792,1.46530413628
2024-01-21 21:32:34,0.132341146469,43179,1.32143092155
2024-01-21 21:32:36,0.144897937775,44049,1.42394208908
2024-01-21 21:32:37,0.142432928085,43527,1.43891310692
2024-01-21 21:32:39,0.174273014069,42780,1.46792507172
2024-01-21 21:32:41,0.121058940887,41544,1.36581802368
2024-01-21 21:32:42,0.161635160446,42012,1.33311700821
2024-01-21 21:32:44,0.171969890594,43485,1.52820396423
2024-01-21 21:32:45,0.222138881683,43845,1.41065192223
2024-01-21 21:32:47,0.219877004623,41550,1.30213999748
2024-01-21 21:32:48,0.1613509655,43533,1.51139879227
2024-01-21 21:32:50,0.165086984634,43248,1.4203619957
2024-01-21 21:32:52,0.199240922928,44835,1.32093596458
2024-01-21 21:32:53,0.14448094368,46458,1.51844406128
2024-01-21 21:32:55,0.127414941788,44547,1.41712999344
2024-01-21 21:32:56,0.115159034729,43737,1.45208001137
2024-01-21 21:32:58,0.162974119186,45084,1.53193092346
2024-01-21 21:33:00,0.116501808167,43950,1.36673307419
2024-01-21 21:33:01,0.170619010925,43542,1.42633199692
2024-01-21 21:33:03,0.154075145721,44028,1.42377710342
2024-01-21 21:33:04,0.119907140732,42315,1.37867712975
2024-01-21 21:33:06,0.123508214951,46731,1.62351703644
2024-01-21 21:33:08,0.182554006577,42909,1.57077884674
2024-01-21 21:33:09,0.178711891174,42903,1.49695801735
2024-01-21 21:33:11,0.143327951431,43701,1.62547802925
2024-01-21 21:33:13,0.158674001694,41859,1.4733581543
2024-01-21 21:33:14,0.156574010849,43812,1.42548704147
2024-01-21 21:33:16,0.160274028778,43785,1.35651302338
2024-01-21 21:33:18,0.170420885086,44151,1.55421495438
2024-01-21 21:33:19,0.144922971725,43368,1.46272492409
2024-01-21 21:33:21,0.135318994522,44019,1.31186914444
2024-01-21 21:33:22,0.138432979584,44505,1.45584487915
2024-01-21 21:33:24,0.141762018204,43557,1.4903819561
2024-01-21 21:33:26,0.186438083649,44181,1.53935694695
2024-01-21 21:33:27,0.159550905228,42792,1.39956092834
2024-01-21 21:33:29,0.139886140823,43503,1.51094794273
2024-01-21 21:33:31,0.117118120193,43278,1.50771617889
2024-01-21 21:33:32,0.121439218521,44409,1.48247504234
2024-01-21 21:33:34,0.120122909546,43248,1.53483009338
2024-01-21 21:33:35,0.165560007095,43200,1.28204417229
2024-01-21 21:33:37,0.146165132523,44478,1.29911804199
2024-01-21 21:33:38,0.166094064713,43533,1.3946518898
2024-01-21 21:33:40,0.157624006271,43803,1.38282585144
2024-01-21 21:33:41,0.163186073303,43755,1.40148711205
2024-01-21 21:33:43,0.15415096283,44085,1.31525397301
2024-01-21 21:33:44,0.126842021942,43872,1.53710317612
2024-01-21 21:33:46,0.192622900009,43479,1.32402586937
2024-01-21 21:33:48,0.140333890915,43353,1.3707690239
2024-01-21 21:33:49,0.131536006927,42540,1.32627415657
2024-01-21 21:33:51,0.228682994843,42168,1.27168798447
2024-01-21 21:33:52,0.148021936417,43383,1.36115598679
2024-01-21 21:33:54,0.215892076492,43425,1.30000686646
2024-01-21 21:33:55,0.145776987076,43506,1.33258795738
2024-01-21 21:33:57,0.195827007294,44100,1.29325294495
2024-01-21 21:33:58,0.159938812256,42879,1.43901014328
2024-01-21 21:34:00,0.171617031097,45252,1.37677383423
2024-01-21 21:34:01,0.154989004135,45123,1.39852380753
2024-01-21 21:34:03,0.156086921692,46023,1.31042599678
2024-01-21 21:34:04,0.132916927338,44334,1.42700004578
2024-01-21 21:34:06,0.177109003067,46275,1.23538994789
2024-01-21 21:34:07,0.160754919052,46935,1.28632211685
2024-01-21 21:34:09,0.143507957458,44163,1.40743899345
2024-01-21 21:34:10,0.160346031189,46188,1.50111699104
2024-01-21 21:34:12,0.131306886673,46443,1.13977694511
2024-01-21 21:34:13,0.124397993088,44172,1.4355840683
2024-01-21 21:34:15,0.136465072632,44112,1.28932785988
2024-01-21 21:34:16,0.136384010315,45195,1.4042930603
2024-01-21 21:34:18,0.151598930359,42888,1.20833992958
2024-01-21 21:34:19,0.191604137421,41574,1.19238996506
2024-01-21 21:34:20,0.204523801804,41076,1.20764303207
2024-01-21 21:34:22,0.191887140274,43473,1.51280093193
2024-01-21 21:34:24,0.16926908493,44280,1.31974101067
2024-01-21 21:34:25,0.194060087204,44265,1.33115196228
2024-01-21 21:34:27,0.148095846176,43458,1.35351490974
2024-01-21 21:34:28,0.14638209343,44970,1.32783007622
2024-01-21 21:34:30,0.155682086945,44322,1.25607609749
2024-01-21 21:34:31,0.188364982605,44445,1.34897089005
2024-01-21 21:34:32,0.116684913635,43812,1.42078018188
2024-01-21 21:34:34,0.204312086105,44637,1.40299892426
2024-01-21 21:34:36,0.156147956848,42918,1.58081007004
2024-01-21 21:34:37,0.229330062866,47607,1.32267594337
2024-01-21 21:34:39,0.165509939194,44850,1.24366307259
2024-01-21 21:34:40,0.154531002045,44304,1.40261387825
2024-01-21 21:34:42,0.16483092308,42378,1.34163999557
2024-01-21 21:34:43,0.139161109924,43179,1.66393303871
2024-01-21 21:34:45,0.147426128387,44055,1.53556704521
2024-01-21 21:34:47,0.168909072876,44910,1.42253613472
2024-01-21 21:34:48,0.151978969574,43296,1.48400998116
2024-01-21 21:34:50,0.150747060776,43221,1.49666309357
2024-01-21 21:34:52,0.156332015991,44289,1.25740981102
2024-01-21 21:34:53,0.139647960663,44781,1.32166790962
2024-01-21 21:34:55,0.177045106888,44559,1.24374699593
2024-01-21 21:34:56,0.154910087585,44193,1.8387169838
2024-01-21 21:34:58,0.160004138947,45426,1.52886509895
2024-01-21 21:35:00,0.146977901459,44295,1.45539903641
2024-01-21 21:35:01,0.13912987709,44340,1.4430141449
2024-01-21 21:35:03,0.126277923584,41346,1.36341404915
2024-01-21 21:35:04,0.13374710083,45000,1.22696304321
2024-01-21 21:35:06,0.156783103943,43551,1.36011910439
2024-01-21 21:35:07,0.138316869736,44835,1.3680729866
2024-01-21 21:35:09,0.147489070892,44160,1.39789390564
2024-01-21 21:35:10,0.149209976196,44295,1.40532398224
2024-01-21 21:35:12,0.165676116943,45225,1.4608168602
2024-01-21 21:35:14,0.151017904282,43866,1.5778939724
2024-01-21 21:35:15,0.169368982315,43686,1.44267582893
2024-01-21 21:35:17,0.156350135803,43128,1.68826580048
2024-01-21 21:35:19,0.156060934067,43050,1.57962107658
2024-01-21 21:35:20,0.155205011368,44151,1.49201488495
2024-01-21 21:35:22,0.161595106125,43914,1.43775606155
2024-01-21 21:35:24,0.160202026367,44229,1.41709303856
2024-01-21 21:35:25,0.125819206238,42993,1.47062015533
2024-01-21 21:35:27,0.182021856308,44628,1.46057605743
2024-01-21 21:35:29,0.137844085693,43839,1.48021697998
2024-01-21 21:35:30,0.198079109192,42885,1.51649689674
2024-01-21 21:35:32,0.202008008957,42957,1.39217996597
2024-01-21 21:35:33,0.191297054291,49473,1.24186182022
2024-01-21 21:35:35,0.152404069901,51954,1.35977292061
2024-01-21 21:35:36,0.14834189415,51189,1.13890790939
2024-01-21 21:35:38,0.151317834854,40287,1.41538906097
2024-01-21 21:35:39,0.135885000229,43098,1.40516591072
2024-01-21 21:35:41,0.161947965622,42885,1.34537696838
2024-01-21 21:35:42,0.19047999382,46413,1.60205507278
2024-01-21 21:35:44,0.141078948975,44352,1.47245192528
2024-01-21 21:35:46,0.178941011429,42816,1.55389595032
2024-01-21 21:35:47,0.120316982269,44052,1.4287610054
2024-01-21 21:35:49,0.138291120529,44931,1.2076010704
2024-01-21 21:35:50,0.123876094818,43497,1.4315841198
2024-01-21 21:35:52,0.167031049728,43419,1.39940905571
2024-01-21 21:35:53,0.131930828094,43605,1.35502886772
2024-01-21 21:35:55,0.149971961975,45045,1.2887699604
2024-01-21 21:35:56,0.178464889526,43629,1.48511004448
2024-01-21 21:35:58,0.161863803864,45849,1.34206604958
2024-01-21 21:36:00,0.15647482872,43893,1.34670710564
2024-01-21 21:36:01,0.152179956436,42897,1.37509608269
2024-01-21 21:36:03,0.181467056274,43227,1.36610603333
2024-01-21 21:36:04,0.122442007065,46062,1.32567691803
2024-01-21 21:36:06,0.19584107399,44244,1.34267091751
2024-01-21 21:36:07,0.131849050522,43878,1.3233268261
2024-01-21 21:36:09,0.191267967224,43053,1.51436686516
2024-01-21 21:36:10,0.137627840042,43842,1.46754407883
2024-01-21 21:36:12,0.160343170166,43584,1.56931018829
2024-01-21 21:36:14,0.132936954498,44283,1.3498210907
2024-01-21 21:36:15,0.149080991745,45576,1.24960589409
2024-01-21 21:36:17,0.146507024765,45594,1.52864003181
2024-01-21 21:36:18,0.158241033554,43743,1.40290403366
2024-01-21 21:36:20,0.143432855606,44526,1.27952003479
2024-01-21 21:36:21,0.117514848709,45336,1.33058619499
2024-01-21 21:36:23,0.175422906876,43089,1.55602002144
2024-01-21 21:36:24,0.139995098114,43479,1.48069190979
2024-01-21 21:36:26,0.165433883667,43695,1.42630600929
2024-01-21 21:36:28,0.175359964371,43131,1.54578495026
2024-01-21 21:36:29,0.129678964615,43374,1.54742980003
2024-01-21 21:36:31,0.118021965027,43452,1.4667429924
2024-01-21 21:36:33,0.186054944992,43755,1.41724991798
2024-01-21 21:36:34,0.179071903229,44709,1.4806470871
2024-01-21 21:36:36,0.15164899826,46137,1.35374689102
2024-01-21 21:36:37,0.191493034363,43872,1.27783799171
2024-01-21 21:36:39,0.119695901871,43860,1.25021100044
2024-01-21 21:36:40,0.171551942825,43899,1.29494094849
2024-01-21 21:36:42,0.114752054214,43653,1.51531004906
2024-01-21 21:36:43,0.165660858154,43950,1.31956410408
2024-01-21 21:36:45,0.13093996048,44346,1.47328209877
2024-01-21 21:36:46,0.158401012421,43035,1.43686389923
2024-01-21 21:36:48,0.159739971161,43809,1.35548996925
2024-01-21 21:36:49,0.150907039642,45312,1.38034296036
2024-01-21 21:36:51,0.147262811661,45054,1.34618997574
2024-01-21 21:36:52,0.151115179062,44193,1.50828814507
2024-01-21 21:36:54,0.144768953323,44289,1.38587903976
2024-01-21 21:36:56,0.163257837296,45183,1.44402003288
2024-01-21 21:36:57,0.182664871216,44724,1.41853499413
2024-01-21 21:36:59,0.120978116989,43290,1.44885182381
2024-01-21 21:37:00,0.155250787735,43566,1.32950496674
2024-01-21 21:37:02,0.213665962219,43422,1.46747803688
2024-01-21 21:37:04,0.165707826614,43644,1.47230911255
2024-01-21 21:37:05,0.157235860825,42960,1.43389296532
2024-01-21 21:37:07,0.164850950241,43248,1.43365287781
2024-01-21 21:37:08,0.164439201355,44661,1.36304712296
2024-01-21 21:37:10,0.119913101196,44253,1.42228007317
2024-01-21 21:37:12,0.175694942474,43434,1.40702414513
2024-01-21 21:37:13,0.121165037155,43755,1.38952517509
2024-01-21 21:37:15,0.146569013596,43956,1.51391196251
2024-01-21 21:37:16,0.122659921646,43437,1.52365589142
2024-01-21 21:37:18,0.222457885742,43839,1.42865991592
2024-01-21 21:37:20,0.114904880524,42852,1.23574113846
2024-01-21 21:37:21,0.182874917984,43545,1.21210312843
2024-01-21 21:37:22,0.19717001915,43620,1.17876386642
2024-01-21 21:37:24,0.148942947388,42873,1.22973012924
2024-01-21 21:37:25,0.143691062927,44427,1.75506305695
2024-01-21 21:37:27,0.142542123795,44244,1.44130301476
2024-01-21 21:37:29,0.156067848206,44541,1.26054096222
2024-01-21 21:37:30,0.139039993286,44376,1.45826983452
2024-01-21 21:37:32,0.140511989594,40893,1.36554193497
2024-01-21 21:37:33,0.132815122604,44292,1.37000107765
2024-01-21 21:37:35,0.164469003677,44409,1.32987618446
2024-01-21 21:37:36,0.15473484993,44739,1.3662750721
2024-01-21 21:37:38,0.144498825073,40014,1.46800088882
2024-01-21 21:37:39,0.157938957214,41424,1.32068610191
2024-01-21 21:37:41,0.172377824783,44208,1.41379618645
2024-01-21 21:37:42,0.218501091003,44454,1.37542796135
2024-01-21 21:37:44,0.139913082123,44202,1.51861286163
2024-01-21 21:37:46,0.163911819458,44856,1.4370598793
2024-01-21 21:37:47,0.139693975449,44298,1.35698199272
2024-01-21 21:37:49,0.150354862213,42729,1.39240908623
2024-01-21 21:37:50,0.164584875107,43167,1.39264798164
2024-01-21 21:37:52,0.139194011688,44646,1.52014684677
2024-01-21 21:37:53,0.146178007126,44040,1.447879076
2024-01-21 21:37:55,0.153156042099,43470,1.30895900726
2024-01-21 21:37:56,0.146571159363,44655,1.5758728981
2024-01-21 21:37:58,0.165815114975,42600,1.30355882645
2024-01-21 21:38:00,0.163690090179,42588,1.44615888596
2024-01-21 21:38:01,0.139784097672,41757,1.42992901802
2024-01-21 21:38:03,0.144492149353,42015,1.39657497406
2024-01-21 21:38:04,0.156749010086,40434,1.35663700104
2024-01-21 21:38:06,0.14196896553,43218,1.33936595917
2024-01-21 21:38:07,0.219365119934,42363,1.21136689186
2024-01-21 21:38:09,0.140940189362,40170,1.28819298744
2024-01-21 21:38:10,0.204101800919,42057,1.38607311249
2024-01-21 21:38:12,0.138580083847,42141,1.37289786339
2024-01-21 21:38:13,0.140503883362,42819,1.42651796341
2024-01-21 21:38:15,0.138467073441,42045,1.44439506531
2024-01-21 21:38:16,0.121236085892,43281,1.37646913528
2024-01-21 21:38:18,0.135040044785,43647,1.46320080757
2024-01-21 21:38:20,0.122699975967,43914,1.47836399078
2024-01-21 21:38:21,0.173973083496,42936,1.41693615913
2024-01-21 21:38:23,0.132025957108,44127,1.54485201836
2024-01-21 21:38:24,0.172196865082,44265,1.42494297028
2024-01-21 21:38:26,0.176558971405,42696,1.30259609222
2024-01-21 21:38:28,0.138422966003,43992,1.46390509605
2024-01-21 21:38:29,0.168102025986,43602,1.40983700752
2024-01-21 21:38:31,0.1226811409,42153,1.33776211739
2024-01-21 21:38:32,0.127247810364,43164,1.29869914055
2024-01-21 21:38:34,0.136203050613,41352,1.34536290169
2024-01-21 21:38:35,0.123506069183,43185,1.38523507118
2024-01-21 21:38:37,0.141149997711,43131,1.38557600975
2024-01-21 21:38:38,0.149509906769,44214,1.35480308533
2024-01-21 21:38:40,0.175117015839,43491,1.42329502106
2024-01-21 21:38:41,0.161261796951,45189,1.29214596748
2024-01-21 21:38:43,0.161802053452,42141,1.39813709259
2024-01-21 21:38:44,0.145440101624,42189,1.44157099724
2024-01-21 21:38:46,0.157091140747,46281,1.54579305649
2024-01-21 21:38:48,0.153297901154,46845,1.47670197487
2024-01-21 21:38:49,0.139138936996,42525,1.27617192268
2024-01-21 21:38:51,0.151725053787,40641,1.32339787483
2024-01-21 21:38:52,0.19852399826,43440,1.42128014565
2024-01-21 21:38:54,0.176166057587,43275,1.32723379135
2024-01-21 21:38:55,0.150598049164,43059,1.53738689423
2024-01-21 21:38:57,0.125308990479,42768,1.49035811424
2024-01-21 21:38:58,0.143689155579,44559,1.39424109459
2024-01-21 21:39:00,0.159018993378,43680,1.52764511108
2024-01-21 21:39:02,0.151116132736,43044,1.44556498528
2024-01-21 21:39:03,0.153625011444,44256,1.39159202576
2024-01-21 21:39:05,0.159423112869,43587,1.57450509071
2024-01-21 21:39:07,0.224185943604,42480,1.30670785904
2024-01-21 21:39:08,0.136848926544,43143,1.43901991844
2024-01-21 21:39:10,0.176640033722,43509,1.57667803764
2024-01-21 21:39:11,0.136934995651,43206,1.50032901764
2024-01-21 21:39:13,0.138826847076,42675,1.29425001144
2024-01-21 21:39:14,0.136540174484,43833,1.47452998161
2024-01-21 21:39:16,0.150467157364,43173,1.55466198921
2024-01-21 21:39:18,0.119642019272,43716,1.40426301956
2024-01-21 21:39:19,0.127168893814,46350,1.50905203819
2024-01-21 21:39:21,0.139954090118,47583,1.54013681412
2024-01-21 21:39:23,0.158914089203,43122,1.39610505104
2024-01-21 21:39:24,0.120939970016,49266,1.34107494354
2024-01-21 21:39:26,0.138975858688,43854,1.44056105614
2024-01-21 21:39:27,0.137148857117,43197,2.50309300423
2024-01-21 21:39:30,0.163614988327,42999,1.53873085976
2024-01-21 21:39:32,0.189323186874,42480,1.37138199806
2024-01-21 21:39:33,0.129395961761,43779,1.48306584358
2024-01-21 21:39:35,0.114715099335,43047,1.44974803925
2024-01-21 21:39:36,0.121896028519,43437,1.40837812424
2024-01-21 21:39:38,0.117938041687,43980,1.32478189468
2024-01-21 21:39:39,0.144449949265,43401,1.47002291679
2024-01-21 21:39:41,0.180349111557,44148,1.46075296402
2024-01-21 21:39:43,0.137422084808,43686,1.33058595657
2024-01-21 21:39:44,0.202185153961,43356,1.39673399925
2024-01-21 21:39:46,0.118088960648,43116,1.68928313255
2024-01-21 21:39:47,0.179300069809,42657,1.2688999176
2024-01-21 21:39:49,0.142936944962,42666,1.18460702896
2024-01-21 21:39:50,0.13880610466,44271,1.22588801384
2024-01-21 21:39:52,0.129024028778,43866,1.1815199852
2024-01-21 21:39:53,0.120200157166,44307,1.20242810249
2024-01-21 21:39:54,0.126346111298,45024,1.57563400269
2024-01-21 21:39:56,0.161962985992,45036,1.386054039
2024-01-21 21:39:57,0.140675067902,45642,1.49730181694
2024-01-21 21:39:59,0.160180807114,41514,1.38950991631
2024-01-21 21:40:01,0.203493833542,43158,1.42132592201
2024-01-21 21:40:02,0.123117923737,43419,1.36091589928
2024-01-21 21:40:04,0.146255016327,42774,1.42577195168
2024-01-21 21:40:05,0.168879985809,43527,1.51350784302
2024-01-21 21:40:07,0.135340929031,42717,1.41750597954
2024-01-21 21:40:09,0.131331920624,42573,1.4144859314
2024-01-21 21:40:10,0.117398023605,41700,1.3397629261
2024-01-21 21:40:12,0.129323959351,42210,1.39287805557
2024-01-21 21:40:13,0.135689020157,43938,1.38038110733
2024-01-21 21:40:15,0.11602807045,44205,1.39351797104
2024-01-21 21:40:16,0.163671016693,44244,1.36169505119
2024-01-21 21:40:18,0.175472021103,42957,1.57376480103
2024-01-21 21:40:19,0.127017021179,44574,1.41204786301
2024-01-21 21:40:21,0.141989946365,43884,1.51090097427
2024-01-21 21:40:23,0.140763998032,42750,1.44004821777
2024-01-21 21:40:24,0.152203083038,43935,1.37795186043
2024-01-21 21:40:26,0.135881900787,44307,1.460324049
2024-01-21 21:40:27,0.120198011398,42495,1.30020809174
2024-01-21 21:40:29,0.133499145508,43917,1.48064494133
2024-01-21 21:40:30,0.138583898544,48837,1.30883622169
2024-01-21 21:40:32,0.15665602684,50463,1.42640900612
2024-01-21 21:40:33,0.161884069443,50235,1.35690307617
2024-01-21 21:40:35,0.165776968002,44283,1.43467187881
2024-01-21 21:40:36,0.137521982193,43638,1.47486710548
2024-01-21 21:40:38,0.210142850876,43431,1.31999897957
2024-01-21 21:40:40,0.173225879669,43881,1.47730779648
2024-01-21 21:40:41,0.168083906174,43119,1.319865942
2024-01-21 21:40:43,0.180449962616,43485,1.4026620388
2024-01-21 21:40:44,0.153844118118,45450,1.5116558075
2024-01-21 21:40:46,0.135843038559,41607,1.28656196594
2024-01-21 21:40:47,0.136996030807,42573,1.40958690643
2024-01-21 21:40:49,0.160297870636,42360,1.43659281731
2024-01-21 21:40:51,0.168425798416,44172,1.5395591259
2024-01-21 21:40:52,0.147823810577,44631,1.48930096626
2024-01-21 21:40:54,0.138258934021,43047,1.40433216095
2024-01-21 21:40:55,0.150400161743,43209,1.51043915749
2024-01-21 21:40:57,0.133631944656,44712,1.4005689621
2024-01-21 21:40:59,0.153016805649,40509,1.32580804825
2024-01-21 21:41:00,0.141891956329,41859,1.43974208832
2024-01-21 21:41:02,0.135198116302,44178,1.36533308029
2024-01-21 21:41:03,0.14204287529,42966,1.5304889679
2024-01-21 21:41:05,0.165024995804,45414,1.50442194939
2024-01-21 21:41:07,0.147359132767,43338,1.44446897507
2024-01-21 21:41:08,0.153127908707,43389,1.45239806175
2024-01-21 21:41:10,0.158694982529,43332,1.39358496666
2024-01-21 21:41:11,0.191965103149,44928,1.41560792923
2024-01-21 21:41:13,0.130714893341,43455,1.3544819355
2024-01-21 21:41:14,0.141324043274,42843,1.39388108253
2024-01-21 21:41:16,0.13609790802,43020,1.54031395912
2024-01-21 21:41:18,0.132056951523,43002,1.47840094566
2024-01-21 21:41:19,0.120808839798,42390,1.32798790932
2024-01-21 21:41:21,0.130463123322,44097,1.51494002342
2024-01-21 21:41:22,0.151468038559,43998,1.35824990273
2024-01-21 21:41:24,0.141355037689,43743,1.50446486473
2024-01-21 21:41:26,0.192631959915,43098,1.36172795296
2024-01-21 21:41:27,0.137942075729,44559,1.47940802574
2024-01-21 21:41:29,0.206866979599,42639,1.37107110023
2024-01-21 21:41:30,0.140836954117,48204,1.37087392807
2024-01-21 21:41:32,0.127029180527,44913,1.45197200775
2024-01-21 21:41:33,0.202655076981,43383,1.41781806946
2024-01-21 21:41:35,0.120220184326,43872,1.37025499344
2024-01-21 21:41:36,0.129943847656,43428,1.49772691727
2024-01-21 21:41:38,0.137754917145,43611,1.37530779839
2024-01-21 21:41:40,0.1412358284,43068,1.49577188492
2024-01-21 21:41:41,0.151231050491,45780,1.49957799911
2024-01-21 21:41:43,0.128520011902,43806,1.39429998398
2024-01-21 21:41:44,0.160192966461,42825,1.51742506027
2024-01-21 21:41:46,0.124812841415,42645,1.41916489601
2024-01-21 21:41:48,0.145901918411,42801,1.39937901497
2024-01-21 21:41:49,0.169920921326,44043,1.33820605278
2024-01-21 21:41:51,0.188138961792,44574,1.19598293304
2024-01-21 21:41:52,0.160421848297,44643,1.4222741127
2024-01-21 21:41:54,0.124065876007,44889,1.51533794403
2024-01-21 21:41:55,0.182265043259,44847,1.35148191452
2024-01-21 21:41:57,0.151515007019,44340,1.60349202156
2024-01-21 21:41:59,0.143146038055,44769,1.46350693703
2024-01-21 21:42:00,0.135603904724,43455,1.44428896904
2024-01-21 21:42:02,0.154210090637,42906,1.37274503708
2024-01-21 21:42:03,0.138330936432,43569,1.31765913963
2024-01-21 21:42:05,0.168617010117,42213,1.51166987419
2024-01-21 21:42:06,0.141257047653,42744,1.45632791519
2024-01-21 21:42:08,0.142212152481,43545,1.60451102257
2024-01-21 21:42:10,0.118510007858,43017,1.52876496315
2024-01-21 21:42:11,0.139467954636,43104,1.53097891808
2024-01-21 21:42:13,0.141364097595,43065,1.64608097076
2024-01-21 21:42:15,0.1431620121,54870,1.2421579361
2024-01-21 21:42:16,0.126770019531,46056,1.36467909813
2024-01-21 21:42:18,0.163825035095,43494,1.20870780945
2024-01-21 21:42:19,0.123308897018,44730,1.20433592796
2024-01-21 21:42:20,0.156029939651,46980,1.25924420357
2024-01-21 21:42:22,0.164713859558,43353,1.21124887466
2024-01-21 21:42:23,0.135420084,45099,1.49490618706
2024-01-21 21:42:25,0.155805110931,44841,1.36402201653
2024-01-21 21:42:26,0.13526892662,44469,1.54443407059
2024-01-21 21:42:28,0.132907867432,43716,1.45762586594
2024-01-21 21:42:30,0.142471075058,44184,1.44381308556
2024-01-21 21:42:31,0.123245954514,45066,1.40850806236
2024-01-21 21:42:33,0.122627019882,43716,1.45474219322
2024-01-21 21:42:34,0.141076087952,44211,1.34818696976
2024-01-21 21:42:36,0.121501922607,45501,1.32266306877
2024-01-21 21:42:37,0.142158031464,43275,1.50413894653
2024-01-21 21:42:39,0.217890977859,43437,1.31138205528
2024-01-21 21:42:40,0.127676010132,43107,1.43150019646
2024-01-21 21:42:42,0.200529813766,43452,1.33075404167
2024-01-21 21:42:44,0.191606044769,44406,1.32961893082
2024-01-21 21:42:45,0.166776895523,41634,1.35693407059
2024-01-21 21:42:47,0.121052980423,46059,1.36671304703
2024-01-21 21:42:48,0.130993127823,46458,1.48915314674
2024-01-21 21:42:50,0.144603013992,42765,1.30615592003
2024-01-21 21:42:51,0.161246061325,43830,1.34445095062
2024-01-21 21:42:53,0.143560886383,43929,1.3260910511
2024-01-21 21:42:54,0.116018772125,44106,1.41056799889
2024-01-21 21:42:56,0.123836994171,44631,1.35346102715
2024-01-21 21:42:57,0.140621900558,44841,1.43031191826
2024-01-21 21:42:59,0.136158227921,43515,1.38137388229
2024-01-21 21:43:00,0.138026952744,44436,1.41418099403
2024-01-21 21:43:02,0.185002088547,44736,1.3510658741
2024-01-21 21:43:03,0.125715017319,43968,1.35007190704
2024-01-21 21:43:05,0.170993804932,44754,1.44374513626
2024-01-21 21:43:06,0.133529901505,44268,1.40561890602
2024-01-21 21:43:08,0.192749977112,44826,1.35850811005
2024-01-21 21:43:10,0.162457942963,45633,1.3117711544
2024-01-21 21:43:11,0.164967060089,46092,1.37970495224
2024-01-21 21:43:13,0.133136987686,45729,1.62133002281
2024-01-21 21:43:14,0.133569002151,43827,1.47682404518
2024-01-21 21:43:16,0.124263048172,44403,1.47907686234
2024-01-21 21:43:18,0.122282981873,43611,1.45491194725
2024-01-21 21:43:19,0.173331022263,43983,1.35226202011
2024-01-21 21:43:21,0.144440889359,42780,1.35566210747
2024-01-21 21:43:22,0.141665935516,43701,1.40411901474
2024-01-21 21:43:24,0.201452970505,43017,1.39111089706
2024-01-21 21:43:25,0.170997858047,44310,1.40565800667
2024-01-21 21:43:27,0.159762859344,44643,1.41182589531
2024-01-21 21:43:28,0.122812986374,44406,1.30699491501
2024-01-21 21:43:30,0.15656709671,44061,1.32797694206
2024-01-21 21:43:31,0.135684013367,43938,1.48166394234
2024-01-21 21:43:33,0.116260051727,45657,1.37509703636
2024-01-21 21:43:34,0.175790071487,43101,1.22236895561
2024-01-21 21:43:36,0.167068958282,43383,1.33522081375
2024-01-21 21:43:37,0.206588983536,44217,1.34473204613
2024-01-21 21:43:39,0.157810926437,45885,1.45692706108
2024-01-21 21:43:41,0.143569946289,46344,1.43989610672
2024-01-21 21:43:42,0.158613920212,43950,1.40224695206
2024-01-21 21:43:44,0.150237083435,42864,1.36552715302
2024-01-21 21:43:45,0.120428085327,42897,1.27203202248
2024-01-21 21:43:47,0.125190019608,44277,1.33135700226
2024-01-21 21:43:48,0.135817050934,46497,1.34871101379
2024-01-21 21:43:50,0.120005130768,43953,1.40864491463
2024-01-21 21:43:51,0.153256893158,43917,1.43255901337
2024-01-21 21:43:53,0.152723073959,43953,1.360683918
2024-01-21 21:43:54,0.138396024704,44598,1.44189405441
2024-01-21 21:43:56,0.158792972565,45009,1.43475198746
2024-01-21 21:43:57,0.140743970871,44058,1.45243597031
2024-01-21 21:43:59,0.113393068314,44886,1.27211809158
2024-01-21 21:44:00,0.131647109985,44985,1.39002799988
2024-01-21 21:44:02,0.158635854721,43773,1.36277484894
2024-01-21 21:44:03,0.137746095657,42984,1.54538917542
2024-01-21 21:44:05,0.132280111313,50244,1.51963186264
2024-01-21 21:44:07,0.16098690033,64143,1.31833004951
2024-01-21 21:44:08,0.182808160782,63282,1.36456084251
2024-01-21 21:44:10,0.136174917221,59658,1.23264408112
2024-01-21 21:44:11,0.149403095245,55674,1.30450582504
2024-01-21 21:44:13,0.145568132401,53310,1.19142508507
2024-01-21 21:44:14,0.149772882462,34113,1.1020128727
2024-01-21 21:44:15,0.131224870682,48936,1.19237303734
2024-01-21 21:44:16,0.160912036896,37209,1.08359885216
2024-01-21 21:44:18,0.162176132202,38076,1.06217503548
2024-01-21 21:44:19,0.165950059891,33000,1.05800008774
2024-01-21 21:52:22,0.125082015991,38553,1.10996508598
2024-01-21 21:52:24,0.1214158535,33807,1.03028106689
2024-01-21 21:52:25,0.137161970139,34974,0.996165990829
2024-01-21 21:52:26,0.136898040771,34752,1.13596391678
2024-01-21 21:52:27,0.131166934967,35142,1.15467095375
2024-01-21 21:52:29,0.172691106796,33858,1.04365706444
2024-01-21 21:52:30,0.155744075775,34569,1.10387706757
2024-01-21 21:52:31,0.150909900665,34290,1.01615595818
2024-01-21 21:52:32,0.129602909088,34989,1.0968298912
2024-01-21 21:52:33,0.136825084686,34470,1.07441496849
2024-01-21 21:52:35,0.122362136841,34800,1.04256892204
2024-01-21 21:52:36,0.155435085297,34302,1.04491400719
2024-01-21 21:52:37,0.157421112061,34332,1.07204389572
2024-01-21 21:52:38,0.124485969543,27687,1.0635740757
2024-01-21 21:52:39,0.140790939331,32412,1.03014707565
2024-01-21 21:52:41,0.162585020065,33258,1.02542304993
2024-01-21 21:52:42,0.175768852234,32208,1.09932398796
2024-01-21 21:52:43,0.152530908585,33027,1.05162000656
2024-01-21 21:52:44,0.152319908142,34122,1.05392980576
2024-01-21 21:52:45,0.140153169632,35565,1.12435102463
2024-01-21 21:52:47,0.130140066147,32592,1.13561916351
2024-01-21 21:52:48,0.153569936752,34317,1.10145187378
2024-01-21 21:52:49,0.154695034027,34692,1.05814218521
2024-01-21 21:52:50,0.115490198135,36429,1.05811810493
2024-01-21 21:52:52,0.141421079636,36765,1.0832798481
2024-01-21 21:52:53,0.115446090698,37227,0.980069875717
2024-01-21 21:52:54,0.121236085892,35136,1.13162398338
2024-01-21 21:52:55,0.134093046188,35778,1.01753783226
2024-01-21 21:52:56,0.115190029144,36258,1.12679696083
2024-01-21 21:52:58,0.169658184052,35814,1.02157211304
2024-01-21 21:52:59,0.17737698555,33960,0.999733924866
2024-01-21 21:53:00,0.139204978943,36684,1.09191298485
2024-01-21 21:53:01,0.135268211365,36777,1.03430700302
2024-01-21 21:53:02,0.151854991913,33951,1.03246998787
2024-01-21 21:53:04,0.166406869888,33681,1.05280017853
2024-01-21 21:53:05,0.146321058273,33855,1.06391692162
2024-01-21 21:53:06,0.13480591774,33876,1.00300598145
2024-01-21 21:53:07,0.197808027267,37686,1.08033418655
2024-01-21 21:53:08,0.183531045914,35211,1.02504110336
2024-01-21 21:53:10,0.155712127686,35757,1.01800203323
2024-01-21 21:53:11,0.146503925323,35397,1.05132913589
2024-01-21 21:53:12,0.114109039307,38991,1.02729201317
2024-01-21 21:53:13,0.138139009476,35460,1.07650995255
2024-01-21 21:53:14,0.122860908508,37239,1.10463809967
2024-01-21 21:53:16,0.145905971527,38073,1.12169194221
2024-01-21 21:53:17,0.1556661129,38157,1.07687520981
2024-01-21 21:53:18,0.123610973358,35571,1.04443907738
